Timestamp,Location,pH,Dissolved_Oxygen_mg_L,Turbidity_NTU,Conductivity_uS_cm,Arsenic_mg_L,Lead_mg_L,Cadmium_mg_L,Chromium_mg_L,Mercury_mg_L,Latitude,Longitude
1/1/2024 0:00,Location_1,6.94,5.57,5.93,1007.56,0.036,0.0187,0.0065,0.0037,0,18.658276,73.991999
1/1/2024 1:00,Location_2,8.38,5.48,8.15,341.34,0.0344,0.0166,0.0008,0.0045,0,18.560967,73.773805
1/1/2024 2:00,Location_3,7.83,9.44,7.72,1321.35,0.0048,0.0088,0.0024,0.0326,0.0028,18.588764,73.838656
1/1/2024 3:00,Location_4,7.5,5.5,1.96,958.36,0.0461,0.0304,0.0077,0.0243,0.0002,18.68669,73.965312
1/1/2024 4:00,Location_5,6.39,5.63,1.92,320.09,0.0284,0.0238,0.0053,0.0395,0.0058,18.750522,73.892836
1/1/2024 5:00,Location_6,6.39,8.56,3.05,1447.27,0.0182,0.0433,0.0093,0.0458,0.0013,18.508888,73.995428
1/1/2024 6:00,Location_7,6.15,6.7,3.93,825.71,0.0378,0.0016,0.0043,0.0194,0.0028,18.536831,74.084483
1/1/2024 7:00,Location_8,8.17,8.66,4.38,202.06,0.0129,0.0322,0.0087,0.0298,0.0004,18.772296,73.746619
1/1/2024 8:00,Location_9,7.5,4.39,6.96,977.57,0.0347,0.0381,0.0045,0.025,0.0031,18.631405,73.983827
1/1/2024 9:00,Location_10,7.77,6.93,1.04,454.48,0.002,0.038,0.0098,0.0491,0.0023,18.471585,73.792138
1/1/2024 10:00,Location_11,6.05,4.2,0.83,1225.17,0.042,0.0443,0.0096,0.0416,0.0003,18.665478,73.865791
1/1/2024 11:00,Location_12,8.42,4.38,4.22,1244.95,0.0224,0.0365,0.0033,0.0456,0.002,18.796305,73.713145
1/1/2024 12:00,Location_13,8.08,9.44,7.12,1470.53,0.0318,0.0464,0.0089,0.0127,0.0023,18.729381,73.754363
1/1/2024 13:00,Location_14,6.53,4.84,2.34,802.62,0.0111,0.0166,0.0085,0.0386,0.0059,18.698296,73.827911
1/1/2024 14:00,Location_15,6.45,7.19,6.59,736.94,0.0339,0.0252,0.0021,0.0133,0.0012,18.483219,73.836794
1/1/2024 15:00,Location_16,6.46,6.47,2.97,1154.87,0.0386,0.0007,0.0062,0.0104,0.0033,18.750456,74.059834
1/1/2024 16:00,Location_17,6.76,6.08,8.92,285.46,0.0237,0.0003,0.0007,0.0472,0.0059,18.610316,73.996725
1/1/2024 17:00,Location_18,7.31,9.4,9.01,865.68,0.0309,0.012,0.0084,0.001,0.0048,18.755716,74.088873
1/1/2024 18:00,Location_19,7.08,4.13,3.32,864.75,0.0228,0.005,0.0017,0.0483,0.006,18.531931,73.939629
1/1/2024 19:00,Location_20,6.73,7.98,2.68,225.26,0.0447,0.013,0.0007,0.0075,0.0058,18.42482,73.796685
1/1/2024 20:00,Location_21,7.53,9.78,4.41,685.18,0.0249,0.0089,0.004,0.041,0.0029,18.59039,73.831062
1/1/2024 21:00,Location_22,6.35,7.36,2.79,1294.6,0.0421,0.0014,0.0058,0.0138,0.0042,18.507935,73.827934
1/1/2024 22:00,Location_23,6.73,9.62,6.89,1298.62,0.0401,0.0455,0.0085,0.0175,0.0007,18.686092,73.830598
1/1/2024 23:00,Location_24,6.92,4.31,8.35,238.93,0.0205,0.0004,0.0097,0.0108,0.0026,18.782843,73.969186
1/2/2024 0:00,Location_25,7.14,6.51,6.89,227.01,0.0115,0.0368,0.0044,0.0293,0.0049,18.67639,73.912323
1/2/2024 1:00,Location_26,7.96,5.56,8.33,467.77,0.0203,0.0076,0.0006,0.0174,0.003,18.754774,73.85417
1/2/2024 2:00,Location_27,6.5,8.38,4.27,1324.67,0.0413,0.0456,0.0075,0.0329,0.0042,18.58121,73.759636
1/2/2024 3:00,Location_28,7.29,9.89,1.99,280.46,0.0114,0.0446,0.0057,0.0008,0.0045,18.708656,73.708856
1/2/2024 4:00,Location_29,7.48,5.54,7.51,1108,0.0262,0.0327,0.0045,0.0032,0.0015,18.737217,73.787534
1/2/2024 5:00,Location_30,6.12,7.93,3.92,241.63,0.0403,0.0336,0.0031,0.005,0.0053,18.68435,73.742989
1/2/2024 6:00,Location_31,7.52,5.19,6.88,972.39,0.0177,0.0003,0.005,0.0209,0.0028,18.603111,74.014178
1/2/2024 7:00,Location_32,6.43,7.39,3.07,598.49,0.0321,0.0492,0.0034,0.0407,0.0013,18.650346,73.744999
1/2/2024 8:00,Location_33,6.16,6.78,1.27,1204.48,0.0123,0.0439,0.0076,0.0444,0.0052,18.680203,73.989691
1/2/2024 9:00,Location_34,8.37,9.83,9.93,427.17,0.0055,0.0448,0.0054,0.0122,0.0025,18.501234,73.854263
1/2/2024 10:00,Location_35,8.41,7.65,1.98,994.88,0.0397,0.033,0.0088,0.0287,0.0045,18.723832,73.729351
1/2/2024 11:00,Location_36,8.02,6.1,9.89,429.96,0.0049,0.0172,0.0054,0.0384,0.0033,18.78013,74.025092
1/2/2024 12:00,Location_37,6.76,4.68,9.78,1099.12,0.0136,0.0447,0.0024,0.0144,0.0023,18.586096,73.931852
1/2/2024 13:00,Location_38,6.24,4.91,8.04,1323.15,0.0428,0.0146,0.0085,0.0205,0.0049,18.680427,73.794305
1/2/2024 14:00,Location_39,7.71,5.35,6.76,277.52,0.0173,0.0281,0.0056,0.0262,0.0035,18.69481,74.057872
1/2/2024 15:00,Location_40,7.1,5.51,5.99,1313.23,0.0487,0.005,0.0021,0.0067,0.0023,18.664899,73.718103
1/2/2024 16:00,Location_41,6.31,9.1,8.73,931.01,0.049,0.0461,0.0062,0.0013,0.0007,18.618846,73.780728
1/2/2024 17:00,Location_42,7.24,7.37,3.25,277.95,0.0134,0.007,0.0036,0.0076,0.0054,18.752659,74.000819
1/2/2024 18:00,Location_43,6.09,7.14,4.94,698.56,0.002,0.0112,0.0084,0.0313,0.0002,18.579571,73.983751
1/2/2024 19:00,Location_44,8.27,4.69,6.38,325.2,0.0353,0.0279,0.0045,0.0037,0.0052,18.424441,73.815709
1/2/2024 20:00,Location_45,6.65,9.16,4.41,1080.49,0.0225,0.0382,0.0073,0.0095,0.0022,18.737823,73.72481
1/2/2024 21:00,Location_46,7.66,8.34,4.56,1162.42,0.005,0.031,0.001,0.0169,0.0038,18.669593,74.043231
1/2/2024 22:00,Location_47,6.78,4.41,3.64,248.12,0.0354,0.0116,0.004,0.0039,0.0055,18.739703,73.825479
1/2/2024 23:00,Location_48,7.3,8.25,5.86,808.6,0.0016,0,0.0098,0.0096,0.0009,18.455419,73.778285
1/3/2024 0:00,Location_49,7.37,7.26,8.58,1240.48,0.0435,0.0379,0.0081,0.0456,0.0034,18.412301,73.906425
1/3/2024 1:00,Location_50,6.46,4.49,2.41,1410.63,0.0069,0.0493,0.0016,0.001,0.0046,18.77375,74.064091
1/3/2024 2:00,Location_1,8.42,6.75,9.38,818.93,0.0064,0.0405,0.0028,0.0327,0.0045,18.459091,73.717419
1/3/2024 3:00,Location_2,7.94,6.91,7.05,1430.39,0.0088,0.023,0.0033,0.0192,0.0032,18.723861,74.006322
1/3/2024 4:00,Location_3,8.35,4.99,8.32,849.96,0.048,0.0452,0.0065,0.0336,0.0037,18.729284,73.928989
1/3/2024 5:00,Location_4,8.24,9.67,5.78,651.87,0.0347,0.0205,0.0076,0.0294,0.0045,18.683482,73.87018
1/3/2024 6:00,Location_5,7.49,9.1,7.91,1287.48,0.0401,0.0262,0.0075,0.0112,0.005,18.452505,73.997632
1/3/2024 7:00,Location_6,8.3,8.01,0.65,790.18,0.0199,0.0239,0.0051,0.0424,0.0046,18.666959,74.08633
1/3/2024 8:00,Location_7,6.22,6.77,8.27,760.66,0.0168,0.0224,0.0081,0.0246,0.0021,18.755635,73.791682
1/3/2024 9:00,Location_8,6.49,6.47,0.88,786.44,0.0117,0.0388,0.0044,0.0411,0.006,18.570213,73.757459
1/3/2024 10:00,Location_9,6.11,7.91,8.95,1285.5,0.024,0.0263,0.0012,0.0203,0.0026,18.565407,74.065153
1/3/2024 11:00,Location_10,6.81,7.27,9.92,1264.72,0.0276,0.0158,0.0056,0.0492,0.0001,18.577143,73.967581
1/3/2024 12:00,Location_11,6.97,4.37,3.29,664.93,0.0316,0.0129,0.0095,0.0385,0.0022,18.432909,73.875194
1/3/2024 13:00,Location_12,6.68,7.08,2.5,566.62,0.0129,0.0019,0.0079,0.0483,0.0008,18.75681,73.929304
1/3/2024 14:00,Location_13,8.07,8.84,7.77,788.7,0.0474,0.0292,0.0058,0.0257,0.0007,18.747673,73.998246
1/3/2024 15:00,Location_14,6.89,6.76,2.9,901.88,0.0085,0.0115,0.0065,0.0237,0.0017,18.799164,74.009213
1/3/2024 16:00,Location_15,6.7,4.31,8.72,433.67,0.0483,0.0074,0.0093,0.0378,0.0003,18.634073,74.067958
1/3/2024 17:00,Location_16,7.36,8.72,1.48,1211.54,0.0007,0.0327,0.0043,0.044,0.0041,18.700477,73.870737
1/3/2024 18:00,Location_17,6.35,5.21,1.7,781.08,0.0241,0.0341,0.0033,0.0482,0.0004,18.481069,73.817364
1/3/2024 19:00,Location_18,8.01,5.55,9.8,567.66,0.0167,0.0376,0.0098,0.0162,0.0012,18.667012,73.955866
1/3/2024 20:00,Location_19,6.19,4.99,6.9,249.55,0.0225,0.0252,0.0086,0.0399,0.0006,18.659893,73.866291
1/3/2024 21:00,Location_20,8.47,5.98,8.55,434.38,0.0285,0.0447,0.0032,0.0105,0.0004,18.760483,73.937839
1/3/2024 22:00,Location_21,7.93,8.54,3.58,1428.99,0.0218,0.0468,0.0046,0.0273,0.0016,18.732317,73.867994
1/3/2024 23:00,Location_22,6.5,7.12,6.93,527.14,0.0207,0.0404,0.0042,0.009,0.0034,18.775387,73.761198
1/4/2024 0:00,Location_23,6.01,5.23,6.15,336.4,0.0366,0.0318,0.0015,0.0174,0.0058,18.747533,73.887771
1/4/2024 1:00,Location_24,8.04,9.27,6.23,744.94,0.0343,0.0152,0.0096,0.0466,0.0053,18.747478,73.976367
1/4/2024 2:00,Location_25,7.77,9.28,6.98,529.92,0.0417,0.0491,0.004,0.0073,0.0053,18.425489,74.019714
1/4/2024 3:00,Location_26,7.82,9.22,5.97,149.22,0.0125,0.0137,0.0088,0.0316,0.0011,18.738385,73.897331
1/4/2024 4:00,Location_27,7.93,5.43,4.58,552.4,0.0305,0.0101,0.0019,0.0296,0.0016,18.642991,73.766095
1/4/2024 5:00,Location_28,6.19,6.71,3.12,861.75,0.0293,0.0221,0.0055,0.006,0.0005,18.552178,73.865875
1/4/2024 6:00,Location_29,6.9,9.91,7.8,872.4,0.0185,0.0028,0.0002,0.0163,0.0047,18.422606,74.014518
1/4/2024 7:00,Location_30,6.29,8.63,2.65,599.18,0.0243,0.0489,0.0076,0.0281,0.0004,18.67107,73.865144
1/4/2024 8:00,Location_31,8.16,4.16,7.08,726.22,0.0157,0.0294,0.0058,0.0094,0.0033,18.531281,73.978612
1/4/2024 9:00,Location_32,7.56,4.39,2.72,1451.73,0.0071,0.0278,0.0063,0.04,0.0015,18.587111,73.902885
1/4/2024 10:00,Location_33,6.83,6.78,6.44,628.29,0.0107,0.0328,0.0005,0.0486,0.0015,18.672691,73.796489
1/4/2024 11:00,Location_34,6.16,9.46,7.6,461.52,0.0053,0.0249,0.0021,0.0107,0.0059,18.76471,74.01846
1/4/2024 12:00,Location_35,6.78,7.23,2.58,440.85,0.0342,0.0016,0.0007,0.0093,0.0045,18.730175,73.733685
1/4/2024 13:00,Location_36,6.81,6.99,1.07,740.87,0.033,0.0306,0.0029,0.0227,0.005,18.580239,73.909956
1/4/2024 14:00,Location_37,7.82,4.63,1.74,1163.33,0.0475,0.0358,0.0063,0.0374,0.0034,18.555113,73.783556
1/4/2024 15:00,Location_38,7.59,7.94,6.26,388.38,0.0365,0.0208,0.0057,0.0141,0.0052,18.495912,73.726826
1/4/2024 16:00,Location_39,8.22,8.93,8.57,1093.01,0.0026,0.0379,0.0061,0.001,0.0039,18.548971,73.901174
1/4/2024 17:00,Location_40,7.18,6.28,0.93,129.61,0.0442,0.0114,0.0055,0.0271,0.0057,18.444419,73.899825
1/4/2024 18:00,Location_41,6.3,8.65,7.47,686.51,0.0431,0.0111,0.0027,0.0478,0.0017,18.788442,73.98276
1/4/2024 19:00,Location_42,7.78,9.79,3.74,1186.21,0.0222,0.0081,0.0024,0.0196,0.0036,18.629567,73.9979
1/4/2024 20:00,Location_43,7.9,5.22,5.05,574.23,0.0293,0.0186,0.0014,0.021,0.0041,18.451122,73.991117
1/4/2024 21:00,Location_44,7.4,7.14,9.32,889.23,0.0488,0.0424,0.0085,0.0484,0.0024,18.541122,73.863823
1/4/2024 22:00,Location_45,7.93,5.72,3.65,386.97,0.0266,0.0414,0.0062,0.0347,0.0053,18.618816,73.952676
1/4/2024 23:00,Location_46,7.23,8.76,4.92,1138.79,0.0453,0.0191,0.0019,0.036,0.0059,18.613154,73.930778
1/5/2024 0:00,Location_47,7.31,7.47,0.63,173.19,0.0042,0.0295,0.0018,0.0281,0.003,18.414201,73.868625
1/5/2024 1:00,Location_48,7.07,7.81,1.28,1293.56,0.0096,0.036,0.0087,0.0487,0.0023,18.780336,73.938885
1/5/2024 2:00,Location_49,6.06,8.79,2.96,377.47,0.022,0.0121,0.0074,0.0344,0.0028,18.51015,74.078899
1/5/2024 3:00,Location_50,6.27,6.38,0.76,1324.16,0.0292,0.0084,0.0066,0.0448,0.0051,18.406474,73.777157
1/5/2024 4:00,Location_1,6.08,9.49,6.5,593.54,0.0408,0.0486,0.0041,0.035,0.0039,18.430578,74.062309
1/5/2024 5:00,Location_2,7.59,7.2,4.55,1111.76,0.0494,0.0309,0.0026,0.0368,0.0003,18.632078,73.721382
1/5/2024 6:00,Location_3,6.79,4.95,5.71,546.92,0.0194,0.0491,0.0098,0.0145,0.0033,18.455114,73.823356
1/5/2024 7:00,Location_4,7.27,8.18,2.16,1368.28,0.0024,0.0169,0.008,0.0152,0.0001,18.41669,73.815258
1/5/2024 8:00,Location_5,8.27,8.76,3.31,277.29,0.0401,0.0352,0.003,0.0391,0.0047,18.551851,73.950546
1/5/2024 9:00,Location_6,6.62,5.9,6.81,349.93,0.0302,0.0111,0.0085,0.0148,0.002,18.649104,73.75249
1/5/2024 10:00,Location_7,7.03,9.14,9.67,790.24,0.0099,0.0131,0.0076,0.0281,0.0028,18.444736,74.052939
1/5/2024 11:00,Location_8,7.89,9.44,0.98,214.71,0.0247,0.0256,0.003,0.0125,0.0048,18.525331,74.031421
1/5/2024 12:00,Location_9,6.57,5.66,8.96,374.37,0.0371,0.016,0.0043,0.0408,0.0003,18.567104,73.960826
1/5/2024 13:00,Location_10,6.19,9.9,5.98,1421.27,0.0385,0.0084,0.0019,0.0055,0.001,18.463784,73.883366
1/5/2024 14:00,Location_11,6.72,4.84,5.86,1467.09,0.025,0.0131,0.0011,0.0415,0.0024,18.60243,74.073182
1/5/2024 15:00,Location_12,6.4,5.21,5.25,626.76,0.0153,0.0018,0.0072,0.0301,0.0014,18.434086,74.032299
1/5/2024 16:00,Location_13,8.32,5.11,1.16,1392.6,0.0487,0.0352,0.0027,0.0093,0.002,18.418607,73.899726
1/5/2024 17:00,Location_14,8.02,9.36,1.35,862.75,0.0332,0.0246,0.0082,0.0271,0.006,18.607934,73.980749
1/5/2024 18:00,Location_15,7.58,7.93,6.21,477.64,0.0204,0.0047,0.01,0.0141,0.005,18.499159,73.926772
1/5/2024 19:00,Location_16,8.18,4.91,3.74,1083.36,0.014,0.0086,0.0008,0.0162,0.0053,18.43815,73.935177
1/5/2024 20:00,Location_17,8.01,6.64,9.21,1022.46,0.0366,0.0051,0.0047,0.0176,0.0056,18.569565,73.83239
1/5/2024 21:00,Location_18,6.47,7.69,4.36,1484.78,0.0121,0.0306,0.008,0.0032,0.002,18.766056,73.884834
1/5/2024 22:00,Location_19,8.23,4.5,1.86,471.07,0.0086,0.0047,0.0079,0.0493,0.0018,18.689677,73.731249
1/5/2024 23:00,Location_20,7.35,9.29,7.29,1040.88,0.0265,0.0377,0.0076,0.0016,0.0014,18.726246,73.842939
1/6/2024 0:00,Location_21,8.02,8.82,3.29,172.83,0.0145,0.001,0.0035,0.0331,0.005,18.748766,73.978331
1/6/2024 1:00,Location_22,8.24,7.03,5.49,259.1,0.0314,0.0125,0.0045,0.0186,0.0041,18.789051,74.081286
1/6/2024 2:00,Location_23,6.8,9.8,7.13,105.49,0.0059,0.0445,0.0059,0.0323,0.0014,18.705299,74.085226
1/6/2024 3:00,Location_24,6.28,6.51,9.05,1499.24,0.0327,0.0359,0.0097,0.0178,0.0023,18.643363,73.922289
1/6/2024 4:00,Location_25,6.57,9.9,8.03,1223.18,0.0142,0.0036,0.0033,0.0337,0.003,18.54617,73.942649
1/6/2024 5:00,Location_26,7.07,8.01,6.93,1201.41,0,0.0411,0.0092,0.0365,0.0032,18.472657,73.774288
1/6/2024 6:00,Location_27,8.05,7.81,6.96,813.62,0.0063,0.0247,0.0027,0.0345,0.0053,18.674664,73.978123
1/6/2024 7:00,Location_28,8.15,5,9.49,520.09,0.0467,0.0423,0.0099,0.0057,0.0023,18.79798,73.728264
1/6/2024 8:00,Location_29,6.02,9.29,3.31,311.77,0.0434,0.03,0.0067,0.0328,0.0055,18.586943,73.813874
1/6/2024 9:00,Location_30,7.28,6.56,0.51,498.54,0.0117,0.0341,0.0046,0.014,0.0026,18.689472,73.967345
1/6/2024 10:00,Location_31,7.04,4.97,3.08,626.36,0.0389,0.0497,0.0061,0.0014,0.0045,18.598037,73.824124
1/6/2024 11:00,Location_32,6.56,4.08,2.57,1158.83,0.0304,0.0116,0.0027,0.0207,0.0056,18.572773,73.719939
1/6/2024 12:00,Location_33,6.3,7.36,6.79,855.53,0.0485,0.0312,0.0027,0.0217,0.0054,18.564122,74.032748
1/6/2024 13:00,Location_34,6.84,7.16,6.52,208.48,0.0187,0.023,0.0011,0.0234,0.0003,18.60185,73.824132
1/6/2024 14:00,Location_35,8.36,8.32,6.14,125.24,0.0341,0.002,0.0011,0.0352,0.0012,18.546758,73.725242
1/6/2024 15:00,Location_36,6.81,9.34,0.65,243.27,0.0032,0.0007,0.0035,0.0154,0.0029,18.699509,73.729915
1/6/2024 16:00,Location_37,7.3,4.48,7.42,674.7,0.0198,0.006,0.0076,0.0158,0.0026,18.749709,73.800704
1/6/2024 17:00,Location_38,7.76,8.39,3.57,1406.47,0.0482,0.0325,0.0061,0.003,0.0038,18.753154,73.771206
1/6/2024 18:00,Location_39,6.91,5.12,6.82,992.36,0.0269,0.0284,0.001,0.0343,0.0057,18.491079,74.00972
1/6/2024 19:00,Location_40,8.43,9.15,5.79,1222.56,0.0144,0.0277,0.0085,0.0284,0.0007,18.758364,73.828674
1/6/2024 20:00,Location_41,8.41,8.91,3.76,752.92,0.006,0.0016,0.006,0.0175,0.0027,18.53662,74.021878
1/6/2024 21:00,Location_42,6.63,7.24,1.78,606.33,0.0352,0.0235,0.0096,0.0353,0.0012,18.523723,73.769538
1/6/2024 22:00,Location_43,7.24,8.26,1.4,251.76,0.0322,0.0462,0.0067,0.0269,0.0054,18.690702,73.897152
1/6/2024 23:00,Location_44,6.75,5.89,8.4,1326.31,0.0187,0.0199,0.0018,0.0235,0.0058,18.521879,73.975215
1/7/2024 0:00,Location_45,6.71,6.83,9.22,1196.42,0.0475,0.0312,0.0047,0.0256,0.0029,18.421187,73.960796
1/7/2024 1:00,Location_46,6.09,8.93,6.67,335.37,0.0011,0.039,0.0065,0.0318,0.0006,18.549447,73.940452
1/7/2024 2:00,Location_47,7.52,6.76,1.48,817.16,0.0152,0.0392,0.0003,0.033,0.0047,18.688586,74.069929
1/7/2024 3:00,Location_48,7.26,6.15,4.32,782.32,0.0461,0.026,0.0001,0.0144,0.0042,18.530783,73.79141
1/7/2024 4:00,Location_49,6.13,6.97,7.42,975.13,0.016,0.0429,0.0013,0.007,0.0021,18.651824,73.897488
1/7/2024 5:00,Location_50,6.7,8.97,7.91,1424.66,0.0126,0.0196,0.0025,0.0078,0.0053,18.664048,74.053597
1/7/2024 6:00,Location_1,8.27,6.01,1.62,911.68,0.0267,0.0444,0.0043,0.032,0.0059,18.693494,73.731158
1/7/2024 7:00,Location_2,6.6,5.04,0.5,856.3,0.0412,0.012,0.0049,0.0436,0.0033,18.758852,73.722355
1/7/2024 8:00,Location_3,6.36,8.27,7.27,170.45,0.0052,0.014,0.0014,0.0205,0.0034,18.573026,73.793321
1/7/2024 9:00,Location_4,7.22,8.96,3.89,188.07,0.0472,0.0027,0.0067,0.0085,0.0018,18.466573,73.953208
1/7/2024 10:00,Location_5,8.46,4.6,2.92,362.29,0.0398,0.0398,0.006,0.0378,0.0035,18.52757,73.803952
1/7/2024 11:00,Location_6,6.61,5.44,0.62,145.46,0.0091,0.0209,0.0029,0.0416,0.0026,18.572867,73.776096
1/7/2024 12:00,Location_7,7.68,4.85,5.63,1140.69,0.0356,0.0115,0.0001,0.044,0.0018,18.685557,73.883521
1/7/2024 13:00,Location_8,7.9,6.09,8.59,1112.66,0.0192,0.0116,0.0008,0.0303,0.0004,18.405249,73.945439
1/7/2024 14:00,Location_9,6.59,6.7,9.6,290.48,0.0201,0.0451,0.0039,0.043,0.0015,18.526314,73.799423
1/7/2024 15:00,Location_10,7.82,8.49,5.87,1270.51,0.0392,0.0417,0.0015,0.0008,0.0012,18.711937,73.820276
1/7/2024 16:00,Location_11,6.92,7.91,5.39,316.7,0.0481,0.0277,0.0038,0.0054,0.0033,18.668343,73.945424
1/7/2024 17:00,Location_12,7.58,7.73,1.31,521.65,0.0063,0.0308,0.0063,0.0046,0.0036,18.692696,74.078295
1/7/2024 18:00,Location_13,7.58,6.11,5.71,448.57,0.021,0.0237,0.0055,0.0356,0.0037,18.724724,73.969897
1/7/2024 19:00,Location_14,7.34,9.05,4.11,621.23,0.024,0.0196,0.0023,0.0035,0.0023,18.713294,74.013162
1/7/2024 20:00,Location_15,6.23,6.83,6.27,456.53,0.0188,0.0458,0.0034,0.0248,0.0025,18.672873,73.846724
1/7/2024 21:00,Location_16,8.09,9.87,4.19,784.53,0.0182,0.0063,0.0061,0.0236,0.005,18.575865,73.808902
1/7/2024 22:00,Location_17,6.8,7.8,2.78,670.37,0.0026,0.0209,0.0086,0.0155,0.0029,18.793439,73.881707
1/7/2024 23:00,Location_18,6.47,4.76,1.4,1481.2,0.0343,0.0172,0.0075,0.0435,0.0059,18.627629,74.022853
1/8/2024 0:00,Location_19,6.1,8.06,3.49,178.3,0.0218,0.0249,0.0055,0.0085,0.0026,18.481108,73.88252
1/8/2024 1:00,Location_20,7.48,5.95,1.42,299.05,0.0097,0.0229,0.0036,0.0176,0.0039,18.517125,74.03869
1/8/2024 2:00,Location_21,7.69,8.12,2.18,173.96,0.0408,0.0259,0.0037,0.0387,0.0003,18.677425,74.095509
1/8/2024 3:00,Location_22,6.04,4.42,9.88,976.18,0.0401,0.007,0.0088,0.0015,0.0039,18.769896,73.728811
1/8/2024 4:00,Location_23,7.28,5.05,4.72,176.31,0.0243,0.0257,0.0004,0.0336,0.0051,18.471488,73.718164
1/8/2024 5:00,Location_24,6.57,9.13,5.55,1271.02,0.0149,0.0121,0.0099,0.0408,0.0057,18.432939,73.759836
1/8/2024 6:00,Location_25,7.61,5.36,8.8,816.71,0.0319,0.0092,0.0066,0.0466,0.006,18.752612,73.853748
1/8/2024 7:00,Location_26,6.44,9.02,9.96,837.81,0.0144,0.0032,0.0068,0.0438,0.0017,18.766111,73.752417
1/8/2024 8:00,Location_27,7.73,5.68,6.04,886.23,0.0118,0.0381,0.0004,0.016,0.0035,18.510552,74.048266
1/8/2024 9:00,Location_28,6.97,7.86,8.22,339.14,0.0365,0.0214,0.0061,0.0293,0.0027,18.550914,73.709259
1/8/2024 10:00,Location_29,8.34,8.16,3.61,376.77,0.002,0.0313,0.0048,0.0039,0.0034,18.664075,73.826317
1/8/2024 11:00,Location_30,6.34,7.08,3.4,546.34,0.0047,0.0364,0.0011,0.0129,0.0009,18.531972,73.773878
1/8/2024 12:00,Location_31,6.85,5.83,4.33,930.89,0.0003,0.034,0.0028,0.0047,0.0051,18.750863,74.072616
1/8/2024 13:00,Location_32,6.28,5.28,6.89,394.16,0.0076,0.0235,0.0089,0.0158,0.0055,18.443031,73.967792
1/8/2024 14:00,Location_33,8.31,4.2,6.98,262.86,0.0034,0.0194,0.0055,0.0438,0.0027,18.415193,74.064812
1/8/2024 15:00,Location_34,8.19,5.82,3.49,1458.16,0.0498,0.0188,0.0041,0.0174,0.0017,18.483394,74.088931
1/8/2024 16:00,Location_35,6.64,7.92,1.77,130.77,0.0144,0.032,0.0007,0.0281,0.0008,18.514435,73.898839
1/8/2024 17:00,Location_36,7.65,9.63,6.51,1223.78,0.0075,0.0247,0.0071,0.0217,0.0041,18.445171,73.793728
1/8/2024 18:00,Location_37,8.04,9.23,1.72,1203.25,0.012,0.0425,0.007,0.0229,0.0019,18.426276,73.777492
1/8/2024 19:00,Location_38,7.39,8.6,6,516.1,0.0468,0.0437,0.0061,0.0485,0.0055,18.702243,73.789168
1/8/2024 20:00,Location_39,7.32,8.73,7.09,289.88,0.026,0.0085,0.0051,0.0148,0.004,18.465711,73.983437
1/8/2024 21:00,Location_40,6.6,7.99,7.16,303.88,0.0182,0.0068,0.0043,0.0314,0.0039,18.765569,73.716178
1/8/2024 22:00,Location_41,6.23,5.56,7.66,1076.4,0.0437,0.0315,0.0059,0.021,0.0034,18.5472,73.720544
1/8/2024 23:00,Location_42,8.24,9.44,8.79,999.93,0.0197,0.0151,0.0023,0.0031,0.0003,18.668242,73.943257
1/9/2024 0:00,Location_43,8.25,8.02,5.25,1195.84,0.0168,0.0009,0.0094,0.0245,0.0056,18.490161,73.956823
1/9/2024 1:00,Location_44,7.58,7.36,7.44,1412.47,0.0104,0.0444,0.0059,0.0407,0.0038,18.496129,73.966105
1/9/2024 2:00,Location_45,6.85,4.67,6.38,1068.7,0.0189,0.0113,0.0031,0.0049,0.006,18.629884,73.848752
1/9/2024 3:00,Location_46,6.87,6.68,2.27,318.19,0.0158,0.0465,0.0045,0.0035,0.0032,18.624257,74.022378
1/9/2024 4:00,Location_47,7.81,6.76,0.74,440.82,0.0339,0.0359,0.0081,0.0077,0.0043,18.707492,73.91345
1/9/2024 5:00,Location_48,8.24,9.19,3.2,1279.07,0.0145,0.0381,0.0016,0.0382,0.0003,18.703125,73.742186
1/9/2024 6:00,Location_49,8.22,7.28,4.71,393.03,0.0289,0.0101,0.0029,0.0362,0.0038,18.668275,74.01884
1/9/2024 7:00,Location_50,7.95,6.28,6.36,201.53,0.0033,0.0117,0.0068,0.0283,0.0046,18.579652,74.081227
1/9/2024 8:00,Location_1,7.61,9.86,8.57,1084.59,0.0096,0.0261,0.0032,0.0234,0.0047,18.756256,73.724015
1/9/2024 9:00,Location_2,6.21,4.66,2.36,663.54,0.0204,0.0086,0.0079,0.0444,0.0046,18.649031,73.856541
1/9/2024 10:00,Location_3,6.4,6.54,1.69,1388.06,0.0468,0.0153,0.0013,0.0383,0.0014,18.796079,73.895006
1/9/2024 11:00,Location_4,8.25,4.25,9.65,1010.36,0.0189,0.0161,0.0076,0.0406,0.0059,18.727748,73.758588
1/9/2024 12:00,Location_5,7.52,8.44,1.53,226.59,0.0332,0.008,0.0007,0.0407,0.006,18.417724,74.047084
1/9/2024 13:00,Location_6,6.02,9.51,5.05,1427,0.0128,0.0103,0.0001,0.0321,0.0005,18.528238,73.81366
1/9/2024 14:00,Location_7,6.25,5.68,6.06,461.98,0.0064,0.0394,0.009,0.0229,0.0056,18.62875,74.013203
1/9/2024 15:00,Location_8,7.66,9.15,5.64,572.1,0.0029,0.0084,0.0058,0.0432,0.0017,18.688588,73.968398
1/9/2024 16:00,Location_9,6.01,5.75,1.32,663.16,0.0153,0.0014,0.0035,0.0463,0.0041,18.620135,73.939218
1/9/2024 17:00,Location_10,6.4,9.46,1.04,171.71,0.0079,0.0315,0.0023,0.0012,0.002,18.714452,73.776857
1/9/2024 18:00,Location_11,7.37,8.52,1.5,795.12,0.0087,0.0488,0.0062,0.0026,0.0058,18.513062,73.788281
1/9/2024 19:00,Location_12,7.73,8.83,6.06,272.65,0.038,0.0166,0.0051,0.0479,0.0006,18.473565,73.718939
1/9/2024 20:00,Location_13,7.63,4.11,5.67,661.36,0.0008,0.0059,0.0099,0.0139,0.003,18.421567,73.796285
1/9/2024 21:00,Location_14,6.56,9.78,2.72,590.99,0.0279,0.0285,0.0098,0.0437,0.0026,18.629325,73.838177
1/9/2024 22:00,Location_15,7.78,8.36,6.56,1181.98,0.019,0.0453,0.0064,0.0194,0.002,18.67544,74.033258
1/9/2024 23:00,Location_16,6.59,5.83,8.29,1224.44,0.0253,0.0392,0.0044,0.006,0.0039,18.53046,73.846557
1/10/2024 0:00,Location_17,6.81,8.98,0.9,314.78,0.0281,0.0311,0.0049,0.004,0.0008,18.645434,74.001849
1/10/2024 1:00,Location_18,7.87,5.69,5.23,613.17,0.0157,0.0158,0.0068,0.0078,0.0043,18.420863,73.875777
1/10/2024 2:00,Location_19,7.62,9.24,7.05,622.69,0.0148,0.0271,0.001,0.0125,0.0059,18.439717,74.013947
1/10/2024 3:00,Location_20,8.12,4.68,2.9,311.97,0.0367,0.0046,0.0033,0.0244,0.0048,18.680702,74.090509
1/10/2024 4:00,Location_21,7.64,8.22,3.42,1217.83,0.0436,0.0339,0.0008,0.0351,0.0052,18.547228,73.795937
1/10/2024 5:00,Location_22,7.42,7.24,6.33,1090.12,0.0096,0.0363,0.0007,0.0493,0.0022,18.668534,74.044937
1/10/2024 6:00,Location_23,6.23,4.58,9.03,366.53,0.0049,0.0483,0.002,0.0221,0.0019,18.732688,73.94873
1/10/2024 7:00,Location_24,6.92,5.45,8.19,613.41,0.0449,0.013,0.0049,0.0259,0.0031,18.741049,74.026918
1/10/2024 8:00,Location_25,6.66,4.07,6.04,248.13,0.0175,0.0009,0.0078,0.0261,0.0003,18.468867,73.960634
1/10/2024 9:00,Location_26,6.61,6.81,7.44,979.49,0.0276,0.0273,0.0049,0.027,0.0057,18.594514,73.86958
1/10/2024 10:00,Location_27,8.43,5.81,3.97,269.92,0.018,0.0353,0.0034,0.0259,0.0009,18.693571,73.79123
1/10/2024 11:00,Location_28,6.98,7.59,6.59,1480.31,0.0063,0.0395,0.0008,0.0004,0.0054,18.709592,73.728014
1/10/2024 12:00,Location_29,8.23,5.78,4.93,1192.95,0.0295,0.0097,0.0055,0.0001,0.0005,18.71387,73.914207
1/10/2024 13:00,Location_30,7.58,5.8,2.3,646.33,0.0263,0.0131,0.0027,0.0049,0.0049,18.491267,74.09613
1/10/2024 14:00,Location_31,7.99,8.46,7.17,909.99,0.0101,0.0256,0.0061,0.0051,0.0009,18.477014,73.995217
1/10/2024 15:00,Location_32,7.26,4.29,5.79,1375.88,0.0226,0.0165,0.0098,0.0352,0.0002,18.636005,73.830938
1/10/2024 16:00,Location_33,7.44,9.42,3.91,875.74,0.0398,0.043,0.0011,0.0102,0.0043,18.696434,74.030882
1/10/2024 17:00,Location_34,7.23,9.11,9.16,344.3,0.0295,0.0237,0.0021,0.0447,0.0017,18.527656,74.007594
1/10/2024 18:00,Location_35,6.49,8.01,0.7,630.18,0.0048,0.04,0.0047,0.0464,0.0043,18.441882,73.812654
1/10/2024 19:00,Location_36,7.81,7.56,3.5,1280.4,0.0274,0.029,0.0097,0.0488,0.0033,18.686699,73.705723
1/10/2024 20:00,Location_37,6.7,9.35,1.04,1001.9,0.0351,0.0387,0.0077,0.047,0.0007,18.519879,73.747265
1/10/2024 21:00,Location_38,6.06,5.11,7.78,1011.01,0.0396,0.0166,0.009,0.0136,0.0056,18.466545,74.050922
1/10/2024 22:00,Location_39,7.61,4.47,7.17,1313.55,0.0315,0.0416,0.0033,0.0255,0.0027,18.459089,74.034625
1/10/2024 23:00,Location_40,6.44,5.44,3.65,1351.56,0.0076,0.0137,0.0099,0.0088,0.0044,18.525964,73.818084
1/11/2024 0:00,Location_41,8.35,8.77,6.92,1387.71,0.0355,0.0273,0.001,0.0403,0.003,18.637071,73.814078
1/11/2024 1:00,Location_42,8.38,4.21,4.26,232.79,0.0339,0.0107,0.0005,0.0444,0.0036,18.543361,74.017146
1/11/2024 2:00,Location_43,8.29,7.5,7.68,861.78,0.0012,0.0238,0.0086,0.0426,0.0018,18.408265,74.075095
1/11/2024 3:00,Location_44,6.93,9.97,4.81,1136.71,0.0206,0.0159,0.0093,0.0217,0.0012,18.438763,74.011655
1/11/2024 4:00,Location_45,6.04,9.13,4.42,1159.7,0.0166,0.0133,0.0009,0.0379,0.0033,18.516201,73.942231
1/11/2024 5:00,Location_46,8.32,7.13,9.38,949.4,0.0335,0.0483,0.0011,0.0049,0.0026,18.663882,73.797069
1/11/2024 6:00,Location_47,7.07,4.38,2.88,333.5,0.0108,0.008,0.0003,0.002,0.0023,18.439406,73.910299
1/11/2024 7:00,Location_48,8.42,8.99,1.64,1216.39,0.0295,0.0394,0.001,0.0377,0.004,18.624263,73.793405
1/11/2024 8:00,Location_49,8.41,7.59,6.05,1108.16,0.0457,0.0492,0.0021,0.0213,0.0041,18.447954,74.023205
1/11/2024 9:00,Location_50,8.13,4.69,9.71,220.59,0.0399,0.001,0.0097,0.0498,0.0003,18.484646,73.854784
1/11/2024 10:00,Location_1,6.74,4.56,4.09,749.33,0.0461,0.035,0.0067,0.0049,0.002,18.468875,74.033479
1/11/2024 11:00,Location_2,6.96,9.46,1.09,343.57,0.0489,0.0126,0.0078,0.0428,0.0025,18.426891,73.852644
1/11/2024 12:00,Location_3,8.13,8.02,3.72,572.47,0.0005,0.002,0.0078,0.024,0.0006,18.668532,74.02966
1/11/2024 13:00,Location_4,6.79,8.98,5.31,125.31,0.0311,0.0201,0.0054,0.0414,0.0014,18.585361,73.833327
1/11/2024 14:00,Location_5,6.42,9.27,2.04,660.46,0.0206,0.0468,0.008,0.0409,0.0003,18.732421,73.876053
1/11/2024 15:00,Location_6,7.39,7.43,6.75,869.83,0.043,0.0006,0.006,0.0458,0.006,18.439556,73.946195
1/11/2024 16:00,Location_7,8.34,7.1,9.98,967.42,0.0126,0.0294,0.0031,0.0149,0.0044,18.457893,73.728115
1/11/2024 17:00,Location_8,7.74,6.58,4.79,1028.89,0.0491,0.0251,0.0056,0.0475,0.0005,18.522583,74.079283
1/11/2024 18:00,Location_9,7.43,5.9,3.87,1270.81,0.0307,0.0437,0.0053,0.0076,0.0001,18.706346,73.929442
1/11/2024 19:00,Location_10,6.24,6.61,4.31,401.65,0.0397,0.0042,0.0082,0.0041,0.0043,18.522304,73.903128
1/11/2024 20:00,Location_11,7.54,8.64,1.59,268.67,0.0043,0.0341,0.0098,0.0216,0.0026,18.563367,74.035758
1/11/2024 21:00,Location_12,8.48,7.61,8.89,1292.15,0.0092,0.034,0.0041,0.0414,0.0047,18.520641,74.046305
1/11/2024 22:00,Location_13,6.35,9.36,4.44,319.26,0.0379,0.0335,0.0076,0.0237,0.0055,18.43209,73.908904
1/11/2024 23:00,Location_14,7.3,6.66,4.18,1464.66,0.0011,0.0471,0.001,0.0415,0.0036,18.775773,74.070905
1/12/2024 0:00,Location_15,8.19,7.64,6.77,1279.55,0.0408,0.0412,0.0078,0.0365,0.0011,18.619416,73.725895
1/12/2024 1:00,Location_16,7.85,7.79,4.7,801.23,0.0007,0.0021,0.0037,0.0105,0.0047,18.715133,73.74529
1/12/2024 2:00,Location_17,7.74,7.55,6.66,1473.99,0.0329,0.0236,0.0004,0.0474,0.0057,18.663343,73.938715
1/12/2024 3:00,Location_18,7.76,8.22,1.08,236.33,0.0183,0.0199,0.0036,0.003,0.0035,18.605702,73.841626
1/12/2024 4:00,Location_19,6.9,5.42,8.23,524.29,0.0306,0.0155,0.0061,0.0449,0.0041,18.435871,73.88569
1/12/2024 5:00,Location_20,6.73,7.07,9.43,993.51,0.0348,0.0226,0.0012,0.0152,0.002,18.657093,73.831232
1/12/2024 6:00,Location_21,8.02,4.63,6.66,590.01,0.0171,0.0192,0.0092,0.025,0.0023,18.462148,73.86189
1/12/2024 7:00,Location_22,8.03,6.31,9.57,1399.72,0.0054,0.0216,0.0008,0.0211,0.0044,18.565753,74.029059
1/12/2024 8:00,Location_23,8.17,6.93,1.94,191.88,0.0035,0.049,0.0093,0.0086,0.0056,18.651645,73.93739
1/12/2024 9:00,Location_24,8.28,7.91,5.04,869.18,0.0294,0.0044,0.0071,0.0179,0.0038,18.712892,74.098938
1/12/2024 10:00,Location_25,7.28,9.7,6.22,927.21,0.026,0.0461,0.0033,0.0096,0.0047,18.674018,74.014752
1/12/2024 11:00,Location_26,7.25,7.6,6.03,1013.82,0.0371,0.024,0.0039,0.0102,0.001,18.668613,73.809467
1/12/2024 12:00,Location_27,8,8.46,4.31,457.93,0.0255,0.0312,0.0074,0.0094,0.0013,18.459617,73.805738
1/12/2024 13:00,Location_28,7.62,7.04,3.71,610.39,0.0211,0.0415,0.006,0.0245,0.0032,18.538451,73.834359
1/12/2024 14:00,Location_29,7.75,7.8,1.7,1281.15,0.0199,0.018,0.0067,0.0399,0.0011,18.417165,74.037304
1/12/2024 15:00,Location_30,7.99,4.43,4.22,372.92,0.0013,0.0215,0.0039,0.0284,0.0038,18.687791,73.710915
1/12/2024 16:00,Location_31,8.23,5.53,2.05,1257.61,0.0168,0.0205,0.0049,0.0447,0.0017,18.781034,73.792073
1/12/2024 17:00,Location_32,6.84,6.17,7.48,887.72,0.0488,0.0187,0.0099,0.0318,0.0047,18.505644,74.061967
1/12/2024 18:00,Location_33,6.94,6.83,2.48,1167.06,0.0437,0.0463,0.0021,0.0345,0.0048,18.435079,73.955959
1/12/2024 19:00,Location_34,6.23,4.27,1.06,1099.05,0.0165,0.0414,0.0042,0.0334,0.0028,18.590228,73.790739
1/12/2024 20:00,Location_35,7.45,4.84,5.75,390.52,0.0294,0.0054,0.0029,0.0225,0.0011,18.742679,73.787658
1/12/2024 21:00,Location_36,6.09,5.66,6.15,896.34,0.0424,0.0054,0.0077,0.0345,0.0039,18.62079,74.045047
1/12/2024 22:00,Location_37,7.16,9.83,8.78,1314.81,0.0221,0.0214,0.0076,0.0035,0.006,18.418711,74.057503
1/12/2024 23:00,Location_38,7.36,5.99,5.98,704.96,0.0009,0.0049,0.0029,0.043,0.0037,18.789709,73.802452
1/13/2024 0:00,Location_39,6.72,6.89,3.78,1453.23,0.0037,0.031,0.0008,0.0389,0.0002,18.73146,73.868204
1/13/2024 1:00,Location_40,7.48,5.18,8.13,733.1,0.0255,0.0072,0.0001,0.0123,0.0001,18.452638,74.033838
1/13/2024 2:00,Location_41,6.08,7.66,5.63,299.9,0.0485,0.0261,0.0043,0.0384,0.0019,18.768719,74.008403
1/13/2024 3:00,Location_42,6.09,5.68,1.25,645.21,0.0347,0.0004,0.0041,0.0006,0.0012,18.580275,74.025566
1/13/2024 4:00,Location_43,8.06,5.24,5.88,1432.38,0.0035,0.0158,0.0099,0.0109,0.0049,18.548759,73.907359
1/13/2024 5:00,Location_44,6.9,7.1,9.13,547.61,0.0095,0.0339,0.0047,0.0033,0.0051,18.584421,74.06462
1/13/2024 6:00,Location_45,6.32,4.03,4.26,1315.34,0.0386,0.0242,0.0026,0.039,0.0016,18.733829,73.830381
1/13/2024 7:00,Location_46,7.31,4.05,3.32,1333.75,0.0421,0.0489,0.0089,0.0378,0.002,18.663792,73.762669
1/13/2024 8:00,Location_47,7.92,5.31,1.86,590.26,0.0309,0.0437,0.0049,0.0407,0.0014,18.423699,73.983493
1/13/2024 9:00,Location_48,6.54,4.22,1.94,216.56,0.0322,0.018,0.006,0.0002,0.0055,18.783042,73.915742
1/13/2024 10:00,Location_49,7.56,4.65,4.61,1114.38,0.0014,0.0023,0.001,0.0251,0.003,18.459114,74.041834
1/13/2024 11:00,Location_50,6.21,6.03,6.16,536.12,0.0414,0.0423,0.0038,0.0352,0.0039,18.698227,73.732464
1/13/2024 12:00,Location_1,6.13,8.82,1.27,1196.09,0.0394,0.0456,0.0094,0.0078,0.0025,18.654455,74.037477
1/13/2024 13:00,Location_2,7.33,7.43,9.43,719.72,0.013,0.041,0.0059,0.0325,0.0038,18.475011,73.817318
1/13/2024 14:00,Location_3,7.35,7.08,7.67,779.37,0.0354,0.0064,0.0034,0.0042,0.0023,18.468293,73.961942
1/13/2024 15:00,Location_4,7.59,5.76,6.07,1189.07,0.0107,0.0499,0.0063,0.0091,0.002,18.748131,73.716052
1/13/2024 16:00,Location_5,7.82,9.59,8.37,635.31,0.002,0.0129,0.0091,0.0238,0.0038,18.567878,73.943833
1/13/2024 17:00,Location_6,8.44,6.38,1.26,720.38,0.0101,0.0362,0.0027,0.0327,0.0035,18.661831,73.986909
1/13/2024 18:00,Location_7,7.29,4.52,5.03,626.67,0.0089,0.0454,0.0051,0.0073,0.0018,18.601628,73.8475
1/13/2024 19:00,Location_8,6.81,7.7,6.49,614.28,0.0169,0.0118,0.0096,0.0093,0.0009,18.690941,73.786164
1/13/2024 20:00,Location_9,7.99,4.68,8.37,836.33,0.0209,0.0454,0.0017,0.0102,0.0022,18.591697,73.915052
1/13/2024 21:00,Location_10,6.68,6.07,7.94,1232.32,0.0254,0.0155,0.0072,0.0119,0.0025,18.514952,74.033276
1/13/2024 22:00,Location_11,7.1,7.04,3.13,606.48,0.0238,0.0488,0.0061,0.0113,0.0038,18.545353,73.829419
1/13/2024 23:00,Location_12,6.2,9.25,9.44,833.96,0.0135,0.0141,0.0068,0.0198,0.0055,18.743631,73.800988
1/14/2024 0:00,Location_13,6.06,6.96,1.68,1039.02,0.0015,0.0477,0.0035,0.0327,0.0002,18.587214,73.811574
1/14/2024 1:00,Location_14,8.41,8.21,8.81,477.22,0.0303,0.0027,0.0031,0.0219,0.0015,18.48538,74.079653
1/14/2024 2:00,Location_15,8.09,9.96,9.72,488.53,0.0198,0.0355,0.0068,0.0388,0.0012,18.773842,73.843711
1/14/2024 3:00,Location_16,7.74,4.79,2.18,1406.78,0.0149,0.0266,0.0022,0.036,0.003,18.71864,73.701442
1/14/2024 4:00,Location_17,7.02,5.65,7.36,1112.95,0.0433,0.0239,0.0042,0.0063,0.0026,18.422266,74.012672
1/14/2024 5:00,Location_18,6.43,6.37,0.88,908.06,0.0373,0.0112,0.0019,0.0024,0.0044,18.799577,73.97971
1/14/2024 6:00,Location_19,6.39,6.53,4.35,1006.81,0.0429,0.0353,0.0001,0.0439,0.0015,18.677971,73.751427
1/14/2024 7:00,Location_20,6.63,6.47,5.4,141.02,0.0247,0.0095,0.0097,0.004,0.0036,18.464107,74.093962
1/14/2024 8:00,Location_21,7.37,9.45,6.02,965.34,0.0065,0.0276,0.0043,0.0074,0.0053,18.494867,73.943225
1/14/2024 9:00,Location_22,7.79,8.28,9.39,813.31,0.0348,0.0127,0.0097,0.0011,0.0055,18.676978,73.900312
1/14/2024 10:00,Location_23,7.65,7.65,6.89,864.05,0.0103,0.0478,0.0014,0.0314,0.0058,18.711904,73.852888
1/14/2024 11:00,Location_24,6.7,5.86,5.07,603.19,0.0221,0.0014,0.0059,0.0291,0.0046,18.495614,74.059469
1/14/2024 12:00,Location_25,8.39,8.94,8.19,214.06,0.0033,0.01,0.002,0.0493,0.0054,18.502788,73.797585
1/14/2024 13:00,Location_26,7.84,9.73,9.53,370.67,0.0413,0.0121,0.0079,0.0443,0.0014,18.522848,73.814308
1/14/2024 14:00,Location_27,7.39,8.93,0.71,1431.04,0.0063,0.0207,0.0078,0.0205,0.0012,18.639207,73.748964
1/14/2024 15:00,Location_28,7.53,4.01,9.83,672.18,0.0452,0.0116,0.0011,0.0186,0,18.468726,74.003648
1/14/2024 16:00,Location_29,7.05,7.82,1.32,753.36,0.0432,0.0246,0.0091,0.0148,0.0042,18.441697,73.93822
1/14/2024 17:00,Location_30,6.62,4.31,8.24,173.79,0.0232,0.0436,0.0019,0.0076,0.0056,18.671546,73.943626
1/14/2024 18:00,Location_31,6.89,5.55,3.16,152.59,0.0372,0.0356,0.0061,0.0069,0.0011,18.711639,73.787388
1/14/2024 19:00,Location_32,7.89,4.36,1.76,1104.05,0.031,0.029,0.0099,0.0066,0.0038,18.600372,73.960467
1/14/2024 20:00,Location_33,6.04,7.62,4.68,853.33,0.0402,0.0045,0.0088,0.0057,0.0045,18.545533,74.006183
1/14/2024 21:00,Location_34,6.29,8.12,6.62,812.19,0.0216,0.0347,0.0096,0.012,0.0056,18.572817,73.843155
1/14/2024 22:00,Location_35,6.12,4.69,4.12,440.37,0.0393,0.0083,0.0034,0.0153,0.0039,18.555363,74.020539
1/14/2024 23:00,Location_36,6.1,6.3,1.02,1142.65,0.0231,0.0393,0.0011,0.0481,0.0058,18.783994,73.839516
1/15/2024 0:00,Location_37,8.14,6.74,6.19,335.53,0.047,0.0125,0.0019,0.0289,0.0021,18.707236,74.003255
1/15/2024 1:00,Location_38,7.76,6.21,9.07,365.91,0.0243,0.0209,0.005,0.0494,0.0021,18.483235,73.713492
1/15/2024 2:00,Location_39,7.19,4.73,4.14,745,0.0231,0.0175,0.0079,0.0186,0.0033,18.553676,73.920466
1/15/2024 3:00,Location_40,6.24,6.51,2.56,500.79,0.0393,0.0429,0.0015,0.0229,0.0023,18.617605,74.087811
1/15/2024 4:00,Location_41,7.23,8.51,4.7,446.45,0.0411,0.0063,0.0066,0.0162,0,18.645194,74.092498
1/15/2024 5:00,Location_42,7.18,4.43,0.96,1003.33,0.0277,0.0283,0.0032,0.0091,0.0044,18.587274,73.812701
1/15/2024 6:00,Location_43,6.43,4.48,8.29,1011.36,0.009,0.0071,0.0034,0.0072,0.0045,18.724051,73.87656
1/15/2024 7:00,Location_44,7.08,6.13,8.35,1254.32,0.0234,0.0352,0.0066,0.0473,0.0045,18.707042,73.725191
1/15/2024 8:00,Location_45,7,9.65,6.09,684.79,0.0484,0.0453,0.0047,0.0493,0.0021,18.602063,74.049337
1/15/2024 9:00,Location_46,7.54,8.01,3.85,202.32,0.0376,0.0217,0.0081,0.0022,0.0031,18.741772,73.927429
1/15/2024 10:00,Location_47,7.59,8.07,8.1,483.13,0.0406,0.0244,0.0016,0.0075,0.0022,18.700436,73.85404
1/15/2024 11:00,Location_48,6.11,6.17,5.77,1472.01,0.0016,0.0464,0.0079,0.0212,0.0001,18.711433,73.745108
1/15/2024 12:00,Location_49,6.94,7.56,8.35,934.76,0.0234,0.026,0.0006,0.0093,0.0034,18.78256,74.078707
1/15/2024 13:00,Location_50,7.56,4.06,6.5,1093.63,0.0323,0.0244,0.0019,0.0182,0.0007,18.506587,73.912088
1/15/2024 14:00,Location_1,7.26,7.82,7.95,110.3,0.0415,0.0289,0.0066,0.0065,0.0005,18.507059,73.813171
1/15/2024 15:00,Location_2,8.14,9.48,6.19,825.49,0.0025,0.0345,0.0085,0.0228,0.0045,18.755581,73.840086
1/15/2024 16:00,Location_3,7.65,7.68,4.43,152.54,0.0426,0.0053,0.0025,0.0136,0.0001,18.708891,73.808279
1/15/2024 17:00,Location_4,6.41,9.24,9.6,896.92,0.0274,0.0411,0.0033,0.0176,0.0058,18.770618,73.940724
1/15/2024 18:00,Location_5,6.18,8.34,5.64,1389.08,0.0099,0.0218,0.0054,0.0047,0.0031,18.425252,74.071985
1/15/2024 19:00,Location_6,7.61,4.72,6.25,1455.79,0.0159,0.0036,0.0021,0.0214,0.0059,18.651103,74.042678
1/15/2024 20:00,Location_7,6.07,9.41,2.59,856.77,0.0141,0.0393,0.0081,0.0492,0.0003,18.457851,73.884152
1/15/2024 21:00,Location_8,7.46,4.4,6.44,741.49,0.0265,0.0188,0.0077,0.0164,0.0035,18.601559,74.0306
1/15/2024 22:00,Location_9,8.35,7.2,5.93,1423.02,0.0026,0.005,0.0015,0.0438,0.0021,18.462299,73.869242
1/15/2024 23:00,Location_10,7.44,4.85,2.26,1043.05,0.0079,0.0317,0.0046,0.0422,0.0051,18.451231,73.800923
1/16/2024 0:00,Location_11,6.97,4.07,1.07,190.86,0.0406,0.044,0.0077,0.0476,0.0022,18.404867,74.093366
1/16/2024 1:00,Location_12,7.61,6.53,6.24,752.02,0.0066,0.0444,0.0034,0.0395,0.0016,18.652096,73.821555
1/16/2024 2:00,Location_13,7.15,5.77,7.76,436.34,0.0117,0.0479,0.0063,0.033,0.0051,18.543609,73.82949
1/16/2024 3:00,Location_14,7.36,6.92,5.47,757.73,0.0227,0.0434,0.0005,0.0428,0.0022,18.442075,74.095877
1/16/2024 4:00,Location_15,8.35,7.46,2.65,737.65,0.0259,0.0001,0.0061,0.0038,0.0001,18.529135,73.753571
1/16/2024 5:00,Location_16,6.97,4.26,6.83,915,0.0382,0.019,0.0015,0.0231,0.0023,18.467578,74.004214
1/16/2024 6:00,Location_17,8.4,4.74,1.26,599.48,0.0224,0.0409,0.0083,0.0495,0.0039,18.776678,74.074325
1/16/2024 7:00,Location_18,8.26,7.35,4.7,329.98,0.0395,0.0183,0.0036,0.0385,0.0015,18.528002,73.904718
1/16/2024 8:00,Location_19,6.49,6.06,2.05,805.21,0.0309,0.0301,0.0028,0.0481,0.0026,18.533581,73.701009
1/16/2024 9:00,Location_20,6.17,8.38,2.25,1262.28,0.0057,0.0303,0.0084,0.039,0.0003,18.735943,73.850024
1/16/2024 10:00,Location_21,6.25,7.91,2.42,1029.62,0.0078,0.0183,0.0005,0.0437,0.0035,18.659102,73.744628
1/16/2024 11:00,Location_22,6.05,9.07,4.17,573.72,0.0219,0.0452,0.004,0.0353,0.0045,18.684069,73.866475
1/16/2024 12:00,Location_23,6.24,8.15,0.99,1409.73,0.0198,0.0252,0.0037,0.038,0.0025,18.654401,74.016011
1/16/2024 13:00,Location_24,7.71,6.58,4.28,1377.09,0.0372,0.0232,0.0028,0.0262,0.0025,18.778479,73.875485
1/16/2024 14:00,Location_25,6.18,8.04,5.36,393.09,0.029,0.0499,0.0091,0.0462,0.0005,18.4828,73.87277
1/16/2024 15:00,Location_26,6.8,5.65,5.09,155.18,0.0194,0.0247,0.0075,0.0413,0.0012,18.795616,73.922716
1/16/2024 16:00,Location_27,8.11,5.84,4.14,1137.83,0.0085,0.0089,0.0006,0.0422,0.0009,18.732382,73.932676
1/16/2024 17:00,Location_28,6.06,8.73,8.47,1258.65,0.0113,0.0257,0.0071,0.0337,0.0029,18.635589,74.042519
1/16/2024 18:00,Location_29,8.04,6.68,1.88,1455.01,0.0288,0.0407,0.0053,0.0152,0.0032,18.664949,73.823342
1/16/2024 19:00,Location_30,6.7,8.79,5.3,1345.77,0.0212,0.0388,0.009,0.0018,0.0057,18.65953,74.028669
1/16/2024 20:00,Location_31,6.3,8.93,1.09,940.75,0.0257,0.0394,0.0031,0.0468,0.0004,18.423358,73.926373
1/16/2024 21:00,Location_32,7.74,9.15,1.18,842.07,0.0085,0.0354,0.0057,0.0293,0.0036,18.487207,73.820212
1/16/2024 22:00,Location_33,7.57,9.5,5.95,138.98,0.0331,0.0127,0.005,0.0149,0.0032,18.784588,73.81805
1/16/2024 23:00,Location_34,8.19,6.59,5.88,445.32,0.0426,0.0431,0.0049,0.0075,0.0031,18.613746,73.844455
1/17/2024 0:00,Location_35,7.84,5.91,8.84,743.46,0.0129,0.0447,0.0046,0.0415,0.0052,18.551341,73.949077
1/17/2024 1:00,Location_36,8.01,7.49,5.8,979.91,0.0246,0.0097,0.0021,0.0418,0.0012,18.704815,73.792325
1/17/2024 2:00,Location_37,6.71,6.23,9.62,880.15,0.0488,0.0065,0.0076,0.0407,0.0002,18.609808,74.068133
1/17/2024 3:00,Location_38,6.44,7.61,0.96,1139.69,0.0167,0.0488,0.0045,0.0323,0.004,18.405265,73.929965
1/17/2024 4:00,Location_39,7.88,8.23,1.43,491.67,0.0298,0.0434,0.0096,0.0183,0.0021,18.694495,74.068006
1/17/2024 5:00,Location_40,8.02,8.13,0.92,890.93,0.0045,0.0447,0.0026,0.0152,0.0001,18.692887,73.718562
1/17/2024 6:00,Location_41,8.48,6.25,2.26,223.4,0.0303,0.0443,0.0068,0.0004,0.0015,18.466059,73.837045
1/17/2024 7:00,Location_42,7.03,5,5.64,679.13,0.0045,0.0271,0.0094,0.0417,0.0019,18.782664,73.709123
1/17/2024 8:00,Location_43,6.93,6.58,6.63,1150.23,0.048,0.0323,0.0066,0.0044,0.0037,18.489563,73.808901
1/17/2024 9:00,Location_44,7.94,4.86,0.93,1070.76,0.0358,0.0273,0.0087,0.0315,0.001,18.5831,74.044803
1/17/2024 10:00,Location_45,6.85,9.34,9.49,1486.9,0.0394,0.0026,0.0083,0.0252,0.0025,18.445894,73.714644
1/17/2024 11:00,Location_46,8.33,6.08,8.5,489.05,0.0352,0.0373,0.0036,0.0263,0.0029,18.641313,73.874459
1/17/2024 12:00,Location_47,8.15,4.93,3.32,797.47,0.0295,0.0253,0.006,0.0463,0.0028,18.55018,73.747027
1/17/2024 13:00,Location_48,7.07,4.15,1.23,561.34,0.0225,0.0324,0.0016,0.0016,0.0058,18.541269,73.866736
1/17/2024 14:00,Location_49,7.88,7.87,2.11,716.84,0.0429,0.0251,0.0054,0.0387,0.0003,18.730791,74.035541
1/17/2024 15:00,Location_50,7.89,7.82,1.71,1299.73,0.0478,0.0246,0.0023,0.0026,0.0057,18.403825,73.949228
1/17/2024 16:00,Location_1,6.26,6.04,1.67,1057.89,0.025,0.0086,0.0074,0.0019,0.0035,18.719179,73.994703
1/17/2024 17:00,Location_2,8.26,4.43,5.43,1335.42,0.0466,0.0139,0.0053,0.0215,0.0048,18.628579,73.839642
1/17/2024 18:00,Location_3,7.26,6.46,2.84,384.92,0.0292,0.0079,0.0041,0.0032,0.0026,18.794439,74.077759
1/17/2024 19:00,Location_4,8.07,5.87,3.9,1322.71,0.0269,0.0098,0.0027,0.0395,0.0027,18.635777,73.983705
1/17/2024 20:00,Location_5,6.8,8.06,9.9,183.67,0.0227,0.0486,0.01,0.0265,0.0053,18.422152,73.86872
1/17/2024 21:00,Location_6,8.24,7.63,7,1344.04,0.0105,0.0077,0.0007,0.0015,0.0054,18.420258,73.870586
1/17/2024 22:00,Location_7,6.97,6.19,9.52,560.7,0.0002,0.0135,0.0004,0.002,0.0014,18.753261,74.067474
1/17/2024 23:00,Location_8,6.03,5.31,1.85,540.42,0.0121,0.0295,0.0022,0.0306,0.0012,18.736486,73.930562
1/18/2024 0:00,Location_9,8.26,9.93,4.13,816.92,0.0255,0.0305,0.0097,0.0403,0.003,18.538356,73.982552
1/18/2024 1:00,Location_10,6.23,6.72,5.77,1416.97,0.019,0.0077,0.0098,0.0219,0.0054,18.647213,73.866814
1/18/2024 2:00,Location_11,6.8,8.13,1.23,166.89,0.0224,0.0397,0.0065,0.0277,0.0019,18.595837,73.789477
1/18/2024 3:00,Location_12,8.38,4.84,0.54,593.12,0.049,0.0393,0.0088,0.04,0.0039,18.786866,73.989424
1/18/2024 4:00,Location_13,8.38,6.91,6.87,1299.2,0.0175,0.0119,0.0021,0.0305,0.0042,18.779984,73.94313
1/18/2024 5:00,Location_14,7.43,4.17,6.6,654.48,0.0226,0.0144,0.0097,0.0112,0.0047,18.793536,73.900537
1/18/2024 6:00,Location_15,7.58,7.03,4.4,378.82,0.0067,0.0469,0.0014,0.0307,0.0034,18.74658,73.949608
1/18/2024 7:00,Location_16,7.12,9.78,5.15,694.71,0.0024,0.0413,0.001,0.0314,0.0024,18.763821,73.783314
1/18/2024 8:00,Location_17,6.73,6.31,4.45,639.77,0.0388,0.0349,0.0011,0.0367,0.0058,18.486912,74.017575
1/18/2024 9:00,Location_18,6.82,4.23,0.73,1381.58,0.0285,0.0041,0.0057,0.031,0.0037,18.732403,74.079265
1/18/2024 10:00,Location_19,7.68,4.19,3.69,1166.71,0.038,0.0209,0.0078,0.0485,0.0044,18.683543,74.056441
1/18/2024 11:00,Location_20,7.88,6.33,2.18,807.16,0.0075,0.028,0.0037,0.0099,0.0021,18.785115,73.828574
1/18/2024 12:00,Location_21,7.98,4.96,1.44,1483.72,0.0286,0.0094,0.0098,0.0476,0.004,18.628505,73.862402
1/18/2024 13:00,Location_22,7.97,4.14,9.59,751.39,0.0127,0.0224,0.0043,0.0269,0.0015,18.434067,74.023361
1/18/2024 14:00,Location_23,6.23,8.54,6.19,181.53,0.0114,0.0301,0.0015,0.0336,0.0015,18.63896,73.938047
1/18/2024 15:00,Location_24,7.24,6.75,7.42,467.18,0.0006,0.0164,0.0047,0.005,0.0043,18.674632,73.919166
1/18/2024 16:00,Location_25,6.14,5.74,3.5,710.5,0.0065,0.039,0.0068,0.019,0.0031,18.488128,74.070657
1/18/2024 17:00,Location_26,7.37,9.4,4.23,319.66,0.0155,0.042,0.0083,0.0385,0.0041,18.557645,73.91441
1/18/2024 18:00,Location_27,7.1,4.7,2.75,1426.59,0.0058,0.0162,0.0046,0.0353,0.0016,18.639401,73.905975
1/18/2024 19:00,Location_28,8.22,9.74,1.42,1173.59,0.0493,0.0419,0.0059,0.002,0.0036,18.549642,73.716807
1/18/2024 20:00,Location_29,6.88,5.88,2.2,475.6,0.0154,0.0052,0.0027,0.0273,0.0027,18.549979,73.727767
1/18/2024 21:00,Location_30,6.29,9.33,8.08,927.13,0.0065,0.0419,0.0065,0.0044,0.0036,18.453235,73.702968
1/18/2024 22:00,Location_31,6.36,7.62,6.94,1110.03,0.01,0.0076,0.0099,0.0498,0.0017,18.776299,74.065298
1/18/2024 23:00,Location_32,7.9,8.96,5.7,1417.79,0.0294,0.0041,0.0005,0.0449,0.0043,18.700198,73.863355
1/19/2024 0:00,Location_33,7.55,9.9,5.01,1334.29,0.0032,0.0321,0.0089,0.0011,0.0048,18.400497,73.887425
1/19/2024 1:00,Location_34,6.25,5.73,9.26,821.27,0.0431,0.0236,0.0056,0.0429,0.0016,18.706245,74.038155
1/19/2024 2:00,Location_35,6.21,9.77,1.19,1184.51,0.0481,0.0454,0.0025,0.046,0.0018,18.695918,73.943699
1/19/2024 3:00,Location_36,7.75,6.34,3.17,887,0.0123,0.0182,0.0095,0.0177,0.004,18.403892,73.943801
1/19/2024 4:00,Location_37,6.18,6.31,3.82,873.79,0.0225,0.0144,0.0048,0.036,0.0042,18.547842,73.818614
1/19/2024 5:00,Location_38,8.05,6.04,7.93,260.64,0.0011,0.025,0.0033,0.0221,0.0042,18.642699,74.033563
1/19/2024 6:00,Location_39,7.77,7.25,9.93,276.59,0.032,0.0228,0.0018,0.0328,0.0041,18.5811,73.766332
1/19/2024 7:00,Location_40,6.2,4.92,2.79,841.35,0.0207,0.0172,0.0024,0.017,0.0024,18.711194,73.72126
1/19/2024 8:00,Location_41,6.21,7.32,8.81,476.41,0.0135,0.0347,0.0083,0.0161,0.0024,18.570183,73.776641
1/19/2024 9:00,Location_42,8.47,7.25,8.39,129.45,0.0103,0.038,0.0061,0.0212,0.0015,18.461545,73.807095
1/19/2024 10:00,Location_43,6.94,8.57,2.63,1111.97,0.0327,0.0426,0.0091,0.0073,0.0009,18.790566,73.812924
1/19/2024 11:00,Location_44,6.93,9,4.29,145.48,0.0208,0.0486,0.0023,0.0416,0.0042,18.496816,73.968205
1/19/2024 12:00,Location_45,8.03,6.64,4.39,933.39,0.009,0.0133,0.0012,0.0174,0.0006,18.687077,73.78713
1/19/2024 13:00,Location_46,8.37,5.81,9.79,854.87,0.0345,0.0358,0.0001,0.02,0.0056,18.457263,73.970663
1/19/2024 14:00,Location_47,8.47,5.56,2.22,1456.34,0.0283,0.0197,0.0051,0.0447,0.005,18.531605,73.736453
1/19/2024 15:00,Location_48,7.88,5.17,8.09,777.9,0.0429,0.0339,0.01,0.0248,0.0051,18.576811,73.758881
1/19/2024 16:00,Location_49,6.94,4.35,3.67,189.04,0.0059,0.0238,0.0069,0.0272,0.0054,18.476893,73.903529
1/19/2024 17:00,Location_50,6.21,6.05,7.44,872.36,0.0393,0.0497,0.0031,0.0478,0.0025,18.579984,74.068758
1/19/2024 18:00,Location_1,7.94,5.62,4.49,1277.53,0.0337,0.0364,0.0088,0.0443,0.0051,18.462865,74.043827
1/19/2024 19:00,Location_2,7.4,9.8,5.99,1495.59,0.0058,0.0476,0.0078,0.0085,0.0009,18.623603,74.087501
1/19/2024 20:00,Location_3,7.06,7.35,8.41,702.48,0.0347,0.0417,0.0002,0.0237,0.0001,18.665485,73.960192
1/19/2024 21:00,Location_4,8.27,6.08,8.14,548.42,0.0221,0.0451,0.0082,0.0486,0.0047,18.424974,73.970326
1/19/2024 22:00,Location_5,6.28,7.48,8.73,1369.31,0.0472,0.0407,0.003,0.0186,0.0004,18.748453,73.950009
1/19/2024 23:00,Location_6,7.23,4.84,1.07,367.74,0.0071,0.023,0.0015,0.0186,0.0059,18.474056,73.949128
1/20/2024 0:00,Location_7,6.03,6.66,7.07,961.6,0.0321,0.0126,0.0023,0.0098,0.004,18.490145,73.758848
1/20/2024 1:00,Location_8,7.17,7.76,1.83,668,0.0191,0.0185,0.0047,0.0057,0.0045,18.66454,73.917496
1/20/2024 2:00,Location_9,6.14,6.93,4.45,157.52,0.0478,0.001,0.0042,0.037,0.0015,18.5875,73.854427
1/20/2024 3:00,Location_10,6.3,6.41,5.71,586.2,0.0165,0.0262,0.0029,0.0385,0.004,18.599758,73.877015
1/20/2024 4:00,Location_11,6.29,9.96,4.33,471.32,0.0481,0.0253,0.0017,0.0485,0.0003,18.451262,73.90944
1/20/2024 5:00,Location_12,7.62,9.28,5.44,1060.53,0.0451,0.0263,0.0076,0.0387,0.005,18.722294,73.751358
1/20/2024 6:00,Location_13,7.87,7.74,9.97,1428.31,0.0135,0.0487,0.0099,0.0122,0.001,18.646822,73.843795
1/20/2024 7:00,Location_14,7.46,7.42,1.78,475.27,0.0402,0.0456,0.0078,0.002,0.0042,18.454153,73.72538
1/20/2024 8:00,Location_15,8.41,7.72,6.92,1236.05,0.0498,0.0081,0.003,0.0493,0.0013,18.5496,74.091867
1/20/2024 9:00,Location_16,6.94,5.21,4.26,177.5,0.0126,0.0184,0.0024,0.017,0.0004,18.724164,73.747411
1/20/2024 10:00,Location_17,6.71,6.37,1.76,853.37,0.0218,0.0212,0.0022,0.0156,0.0029,18.627342,73.80341
1/20/2024 11:00,Location_18,8.17,4.24,2.01,198.77,0.026,0.018,0.0014,0.0453,0.001,18.44346,74.056517
1/20/2024 12:00,Location_19,6.56,6.85,9.52,1407.65,0.0147,0.0399,0.0055,0.0293,0.0044,18.549111,73.893084
1/20/2024 13:00,Location_20,8.41,7.26,8.86,1172.89,0.0008,0.0262,0.0061,0.0107,0.0014,18.497078,73.754255
1/20/2024 14:00,Location_21,6.03,5.37,9.12,1021.13,0.011,0.0286,0.0071,0.0445,0.0021,18.606986,73.853692
1/20/2024 15:00,Location_22,8.42,9.78,9.92,1253.45,0.0141,0.0427,0.0068,0.0497,0.0034,18.737344,73.746347
1/20/2024 16:00,Location_23,6.11,9.46,2.48,1006.53,0.0222,0.0403,0.0029,0.0043,0.0017,18.574507,73.780086
1/20/2024 17:00,Location_24,8.23,8.33,3.88,1456.52,0.0086,0.0066,0.0033,0.0431,0.0023,18.573337,73.720812
1/20/2024 18:00,Location_25,7.32,7.2,6.86,1099.54,0.0437,0.0357,0.0068,0.0195,0.0049,18.76214,73.875291
1/20/2024 19:00,Location_26,8.48,9.22,5.1,1394.52,0.0352,0.0218,0.0035,0.0262,0.0011,18.630474,74.022654
1/20/2024 20:00,Location_27,6.18,4.78,4.47,823.98,0.0043,0.0147,0.0021,0.0457,0.0005,18.626476,73.934388
1/20/2024 21:00,Location_28,7.38,8.74,3.9,263.89,0.0325,0.0025,0.0037,0.0487,0.002,18.504764,73.942538
1/20/2024 22:00,Location_29,8.42,4.75,6.14,839.45,0.0327,0.0244,0.0027,0.0131,0.0025,18.643089,73.780234
1/20/2024 23:00,Location_30,7.31,8.77,5.97,277.62,0.0478,0.0178,0.0009,0.0106,0.0033,18.630364,73.837558
1/21/2024 0:00,Location_31,7.57,5.65,2.03,929.49,0.0002,0.0126,0.0083,0.004,0.0022,18.558741,74.038097
1/21/2024 1:00,Location_32,7.74,9.26,4.98,775.49,0.0124,0.0347,0.0085,0.0281,0.0047,18.796278,73.735142
1/21/2024 2:00,Location_33,7.14,9.66,5.76,971.61,0.0464,0.0385,0.0022,0.0007,0.0002,18.752756,74.043172
1/21/2024 3:00,Location_34,7.57,4.89,5.92,114.07,0.0466,0.0122,0.0006,0.0206,0.0026,18.699835,73.893476
1/21/2024 4:00,Location_35,7.46,6.78,2.5,372.78,0.036,0.0025,0.0074,0.0037,0.0023,18.614938,74.034859
1/21/2024 5:00,Location_36,8.25,9.89,7.55,787.86,0.0383,0.0424,0.0021,0.0203,0.0039,18.584824,73.827203
1/21/2024 6:00,Location_37,6.11,6.9,0.74,1430.7,0.0046,0.0005,0.0039,0.002,0.0058,18.473959,73.835537
1/21/2024 7:00,Location_38,6.7,9.18,3.87,637.05,0.0257,0.0469,0.0006,0.0418,0.0031,18.522295,74.000642
1/21/2024 8:00,Location_39,8.38,7.53,7.91,694.12,0.0116,0.0314,0.0023,0.0105,0.0059,18.709584,74.013998
1/21/2024 9:00,Location_40,8.23,6.25,5.86,1100.57,0.0091,0.0161,0.0079,0.0164,0.0018,18.5815,73.791858
1/21/2024 10:00,Location_41,7.14,5.71,2.98,945.31,0.0405,0.0123,0.008,0.0435,0.0002,18.752908,74.089149
1/21/2024 11:00,Location_42,7.55,5.22,7.1,518.5,0.0068,0.0005,0.0021,0.0373,0.001,18.459164,73.733796
1/21/2024 12:00,Location_43,6.69,8.57,5.89,675.14,0.0234,0.0118,0.0034,0.011,0.0024,18.603339,73.727401
1/21/2024 13:00,Location_44,6.47,6.32,8.06,404.78,0.0469,0.0069,0.0013,0.0036,0.0019,18.658786,73.938202
1/21/2024 14:00,Location_45,7.16,7.07,7.48,1452.43,0.0093,0.0306,0.0007,0.0358,0.0006,18.606739,73.989096
1/21/2024 15:00,Location_46,6.88,6.95,6.3,282.89,0.0489,0.0083,0.0099,0.0195,0.0026,18.755691,74.084354
1/21/2024 16:00,Location_47,7.46,7.46,5.14,620.57,0.0497,0.0264,0.0066,0.0383,0.002,18.795825,73.861978
1/21/2024 17:00,Location_48,6.19,9.19,1.77,136.17,0.0278,0.0295,0.0054,0.0223,0.0007,18.446334,73.710117
1/21/2024 18:00,Location_49,8.44,9.88,2.98,410.49,0.0085,0.0149,0.0077,0.0173,0.0018,18.451982,73.941159
1/21/2024 19:00,Location_50,8.47,6.45,4.48,1192.66,0.0158,0.0018,0.0084,0.0226,0.0053,18.45213,73.815878
1/21/2024 20:00,Location_1,7.75,8.97,6.19,381.65,0.0212,0.0019,0.0081,0.0374,0.0018,18.672471,73.873179
1/21/2024 21:00,Location_2,7.34,8.59,5.38,212.09,0.0155,0.0013,0.0002,0.0451,0.0043,18.54907,73.895388
1/21/2024 22:00,Location_3,6.77,7.44,3.24,764.23,0.014,0.037,0.0019,0.0025,0.0037,18.693326,73.725805
1/21/2024 23:00,Location_4,8.03,9.74,0.56,113.96,0.0486,0.0159,0.0065,0.0262,0.0026,18.562189,73.894393
1/22/2024 0:00,Location_5,7.71,5.2,5.21,218.67,0.0077,0.0398,0.0038,0.0016,0.0014,18.651043,73.870528
1/22/2024 1:00,Location_6,6.41,4.66,3.21,1230.68,0.0367,0.0216,0.0098,0.0234,0.0022,18.707943,73.985018
1/22/2024 2:00,Location_7,8.28,9.12,7.48,1180.06,0,0.0226,0.0067,0.0443,0.0036,18.619286,73.958266
1/22/2024 3:00,Location_8,8.06,6.63,0.73,1381.19,0.0298,0.0256,0.0096,0.0181,0.0021,18.615801,73.774086
1/22/2024 4:00,Location_9,8.37,9.08,6.06,1296.32,0.0458,0.0357,0.002,0.0466,0.0013,18.435294,73.782456
1/22/2024 5:00,Location_10,7.81,9.36,9.44,1056.45,0.0144,0.0137,0.0086,0.0315,0.0007,18.564313,73.800402
1/22/2024 6:00,Location_11,7.53,4.37,2.16,173.27,0.0093,0.0061,0.0032,0.0467,0.0053,18.618311,73.77158
1/22/2024 7:00,Location_12,7.05,9.3,4.98,1195.99,0.0326,0.0278,0.0099,0.0379,0.0026,18.584792,73.962885
1/22/2024 8:00,Location_13,8.33,6.69,1.37,1283.72,0.0356,0.0163,0.0016,0.0052,0.0038,18.760313,74.097772
1/22/2024 9:00,Location_14,8.17,7.06,6.44,1218.72,0.0344,0.0221,0.0052,0.0116,0.0029,18.762612,73.960843
1/22/2024 10:00,Location_15,6.11,7.76,5.73,811.87,0.016,0.0323,0.0079,0.0197,0.0052,18.728767,73.942673
1/22/2024 11:00,Location_16,6.07,9.56,4.37,426.06,0.0126,0.0247,0.0043,0.0085,0.0033,18.550119,73.863971
1/22/2024 12:00,Location_17,6.94,4.11,5.45,1283.46,0.0478,0.031,0.0047,0.0247,0.0029,18.68692,73.825032
1/22/2024 13:00,Location_18,8.03,6.86,9.02,1118.03,0.0462,0.0272,0.0099,0.0236,0.0055,18.558115,74.06443
1/22/2024 14:00,Location_19,8.47,8.13,2.36,1473.07,0.0229,0.037,0.0043,0.0478,0.0043,18.493037,74.087601
1/22/2024 15:00,Location_20,6.38,8.34,0.71,317.97,0.0423,0.0353,0.006,0.0217,0.0007,18.537161,73.89871
1/22/2024 16:00,Location_21,7.49,8.16,8.69,415.93,0.0226,0.0267,0.0005,0.0393,0.0011,18.428386,73.81608
1/22/2024 17:00,Location_22,6.95,4.81,5.98,396.52,0.0212,0.0339,0.0084,0.0471,0.0047,18.532711,74.008049
1/22/2024 18:00,Location_23,8.42,5.8,8.96,1209.56,0.0078,0.0437,0.0065,0.0438,0.005,18.584297,73.752983
1/22/2024 19:00,Location_24,8.11,6.15,6.17,361.67,0.0213,0.0216,0.004,0.0104,0.0033,18.782192,74.006235
1/22/2024 20:00,Location_25,8.1,8.83,8.2,193.32,0.0269,0.0206,0.0002,0.0248,0.0033,18.525364,74.027579
1/22/2024 21:00,Location_26,7.17,5.67,4.58,1497.99,0.0011,0.0382,0.0059,0.0174,0.0038,18.760981,73.749962
1/22/2024 22:00,Location_27,7.04,5.26,7.62,134.74,0.0222,0.0291,0.0001,0.02,0.0026,18.491543,74.090745
1/22/2024 23:00,Location_28,6.68,9.74,9.17,1269.34,0.0391,0.0036,0,0.018,0.0041,18.476388,74.094205
1/23/2024 0:00,Location_29,6.14,4.05,5.94,611.51,0.034,0.0446,0.0062,0.0413,0.0007,18.607598,74.074688
1/23/2024 1:00,Location_30,8.16,9.99,2.22,1278.26,0.0318,0.0015,0.0019,0.0226,0.0058,18.669005,73.898414
1/23/2024 2:00,Location_31,8.03,8.06,3.05,876.47,0.0455,0.0374,0.0019,0.0262,0.0045,18.417733,73.79843
1/23/2024 3:00,Location_32,8.5,8.97,2.39,1362.28,0.0009,0.0379,0.0065,0.0491,0.0038,18.488426,73.932804
1/23/2024 4:00,Location_33,8.49,5.77,2.85,1396.67,0.0279,0.0477,0.0005,0.003,0.0019,18.582273,73.867974
1/23/2024 5:00,Location_34,7.39,4.09,3.41,112.74,0.0394,0.0027,0.0031,0.0244,0.001,18.532402,73.782379
1/23/2024 6:00,Location_35,7.92,8.43,5.77,205.58,0.0271,0.0298,0.0015,0.0387,0.0025,18.685048,73.869471
1/23/2024 7:00,Location_36,8.36,9,6.09,450.5,0.0162,0.0214,0.0058,0.0076,0.004,18.604464,73.965556
1/23/2024 8:00,Location_37,8.12,8.44,4.55,1037.04,0.0068,0.0165,0.0066,0.0306,0.0038,18.464144,73.728365
1/23/2024 9:00,Location_38,6.62,4.86,6.35,1343.58,0.0444,0.0045,0.0072,0.012,0.0023,18.757786,73.833367
1/23/2024 10:00,Location_39,7.13,8.52,1.27,743.92,0.0235,0.0281,0.0026,0.0434,0.0037,18.517162,73.707118
1/23/2024 11:00,Location_40,6.32,8.61,1.33,949.76,0.0439,0.024,0.0009,0.0164,0.0049,18.692452,73.999798
1/23/2024 12:00,Location_41,8.39,7.95,2.13,363.9,0.0293,0.0052,0.0008,0.0165,0.0002,18.711966,73.956277
1/23/2024 13:00,Location_42,7.52,8.6,5.42,1226.95,0.0337,0.0306,0.0043,0.0299,0.0027,18.785263,73.725069
1/23/2024 14:00,Location_43,6.57,9.08,2.53,1454.26,0.0402,0.0369,0.0095,0.0092,0.0046,18.599403,74.085895
1/23/2024 15:00,Location_44,7.68,7.68,3.19,476.04,0.033,0.0384,0.0022,0.0142,0.0033,18.646334,73.709049
1/23/2024 16:00,Location_45,7.55,4.53,4.3,792.76,0.0199,0.0453,0.0026,0.0208,0.0039,18.533951,73.935984
1/23/2024 17:00,Location_46,6.9,6.93,8.21,220.56,0.0257,0.0205,0.001,0.0177,0.0031,18.671272,74.010547
1/23/2024 18:00,Location_47,6.28,4.47,0.63,882.79,0.0402,0.0477,0.0061,0.0262,0.006,18.585353,74.015159
1/23/2024 19:00,Location_48,7.68,6.45,6.67,803.9,0.0187,0.0433,0.0068,0.03,0.0003,18.575061,73.713714
1/23/2024 20:00,Location_49,7.3,6.44,6.85,302.21,0.0194,0.0148,0.0064,0.0283,0.0029,18.742187,74.062566
1/23/2024 21:00,Location_50,7.93,4.4,8.09,718.89,0.0048,0.008,0.0086,0.0327,0.0005,18.420068,74.067381
1/23/2024 22:00,Location_1,7.3,6.09,9.36,567.75,0.0457,0.0218,0.0049,0.0154,0.001,18.752785,73.924556
1/23/2024 23:00,Location_2,8.13,4.67,0.69,830.56,0.0046,0.0201,0.0013,0.0063,0.0023,18.740828,73.892833
1/24/2024 0:00,Location_3,7.38,8.85,1.96,919.92,0.0324,0.0288,0.0029,0.038,0.0009,18.602547,73.717947
1/24/2024 1:00,Location_4,7.4,9.69,8.92,111.89,0.0207,0.0292,0.0066,0.0425,0.0058,18.596081,73.924782
1/24/2024 2:00,Location_5,8.19,4.43,4.86,1165.41,0.0203,0.0375,0.0061,0.0129,0.0057,18.544723,73.863752
1/24/2024 3:00,Location_6,7.01,9.73,5.86,1098.22,0.034,0.0255,0.0053,0.0204,0.002,18.79767,74.009123
1/24/2024 4:00,Location_7,6.34,7.14,6.8,612.8,0.0034,0.0052,0.0068,0.0249,0.0038,18.444468,73.861553
1/24/2024 5:00,Location_8,6.07,5.8,6.95,174.11,0.0297,0.0429,0.0064,0.0267,0.0032,18.636086,73.973432
1/24/2024 6:00,Location_9,7.89,4.46,9.35,1156.91,0.0386,0.0155,0.0088,0.033,0.0049,18.672673,73.740563
1/24/2024 7:00,Location_10,7.55,7,9.97,1437.25,0.0414,0.0486,0.0059,0.0021,0.0038,18.773732,73.753181
1/24/2024 8:00,Location_11,7.76,8.77,7.34,436.21,0.0085,0.0059,0.0078,0.0361,0,18.712081,73.755884
1/24/2024 9:00,Location_12,6.53,8.24,3.23,552.93,0.0449,0.0479,0.0025,0.0031,0.0046,18.657539,73.71821
1/24/2024 10:00,Location_13,6.34,4.3,8.86,357.34,0.0328,0.0046,0.0068,0.0234,0.0045,18.446725,73.916532
1/24/2024 11:00,Location_14,6.04,4.44,0.97,907.71,0.0441,0.0116,0.009,0.0414,0.0031,18.549493,74.017587
1/24/2024 12:00,Location_15,6.88,6.42,2.7,316.78,0.0243,0.0023,0.0039,0.0226,0.0054,18.455537,73.944164
1/24/2024 13:00,Location_16,7.47,5.77,9.03,598.67,0.0271,0.0353,0.0078,0.0075,0.0055,18.752485,73.929982
1/24/2024 14:00,Location_17,6.98,5.39,2.93,1075.82,0.046,0.0425,0.0072,0.0493,0.0031,18.699848,73.97225
1/24/2024 15:00,Location_18,7.09,5.69,2.6,884.16,0.045,0.0217,0.0006,0.0445,0.0036,18.703015,73.835858
1/24/2024 16:00,Location_19,8.26,8.82,1.81,641.05,0.0224,0.0464,0.0058,0.0386,0.006,18.660903,73.844782
1/24/2024 17:00,Location_20,6.87,9.58,8.66,688.35,0.0137,0.0295,0.0013,0.0206,0.0018,18.602817,73.825708
1/24/2024 18:00,Location_21,7.28,6.43,5.25,886.96,0.0197,0.0315,0.0097,0.0092,0.0019,18.459988,73.984844
1/24/2024 19:00,Location_22,7.96,9.44,6.91,108.21,0.0194,0.0423,0.0081,0.0471,0.0011,18.531878,73.764656
1/24/2024 20:00,Location_23,6.99,5.93,2.77,209.91,0.0143,0.0148,0.0011,0.0266,0.0054,18.454766,73.70521
1/24/2024 21:00,Location_24,7.56,6.86,7.7,1333.76,0.0134,0.0177,0.0012,0.0426,0.0045,18.689965,73.938479
1/24/2024 22:00,Location_25,8.16,5.36,7.72,209.03,0.0431,0.0453,0.0059,0.0171,0.0006,18.464092,74.076953
1/24/2024 23:00,Location_26,8.37,7.84,3.47,1089.53,0.0035,0.045,0.0034,0.0168,0.0059,18.680845,73.943763
1/25/2024 0:00,Location_27,6.37,9.87,4.4,1388.05,0.0339,0.0488,0.0003,0.0493,0.0044,18.676902,74.013169
1/25/2024 1:00,Location_28,8.32,7.62,2.49,478.96,0.0086,0.0451,0.0054,0.0261,0.0051,18.583722,73.969116
1/25/2024 2:00,Location_29,7.23,6.15,9.78,618.69,0.0172,0.0064,0.0039,0.007,0.0003,18.454091,73.898975
1/25/2024 3:00,Location_30,6.65,7.89,6.63,896.49,0.0031,0.0412,0.001,0.011,0.003,18.52592,73.987357
1/25/2024 4:00,Location_31,7.15,4.74,9.38,1334.39,0.0135,0.0205,0.008,0.0241,0.0042,18.528037,74.029642
1/25/2024 5:00,Location_32,8.45,9.33,3.38,1418.67,0.0384,0.0495,0.0092,0.0021,0.0033,18.680154,73.789893
1/25/2024 6:00,Location_33,7.23,7.02,7.93,1135.39,0.0443,0.0236,0.0076,0.0231,0.004,18.445497,73.834452
1/25/2024 7:00,Location_34,6.82,6.7,7.78,221.27,0.0111,0.0277,0.0082,0.0209,0.0049,18.731627,73.78949
1/25/2024 8:00,Location_35,7.58,7.52,7.07,1036.82,0.0232,0.0265,0.0022,0.039,0.0022,18.704403,73.880869
1/25/2024 9:00,Location_36,6.6,7.75,9.67,674.43,0.0235,0.0161,0.0026,0.0177,0.0051,18.474523,74.054026
1/25/2024 10:00,Location_37,6.19,4.43,4.24,758.98,0.0437,0.0038,0.0021,0.0491,0.001,18.687666,73.838083
1/25/2024 11:00,Location_38,6.32,8.1,1.74,168.81,0.0381,0.0448,0.0077,0.009,0.0016,18.667405,73.849787
1/25/2024 12:00,Location_39,6.32,5.45,6.88,367.49,0.0257,0.0401,0.0095,0.0295,0.0003,18.699248,74.044147
1/25/2024 13:00,Location_40,6.38,8.28,7.43,1206.72,0.0335,0.007,0.0072,0.0045,0.0022,18.475571,73.90615
1/25/2024 14:00,Location_41,6.35,8.94,5.96,735.54,0.0424,0.0388,0.0088,0.0367,0.0023,18.463036,73.91418
1/25/2024 15:00,Location_42,7.6,8.82,2.46,522.33,0.0005,0.0313,0.0064,0.0497,0.0048,18.494594,74.04432
1/25/2024 16:00,Location_43,6.45,7.32,5.29,637.63,0.0201,0.0205,0.0039,0.041,0.0039,18.546349,73.896211
1/25/2024 17:00,Location_44,6.86,7.12,3.47,1296.16,0.0454,0.0127,0.0043,0.0278,0.0026,18.717466,73.972623
1/25/2024 18:00,Location_45,8.24,4.86,4.56,1148.6,0.037,0.043,0.0008,0.0242,0.0039,18.69517,73.734258
1/25/2024 19:00,Location_46,7.18,8.65,6.63,481.24,0.0271,0.035,0.0003,0.0418,0.0003,18.770181,73.771453
1/25/2024 20:00,Location_47,7.67,5.63,7.58,264.5,0.0265,0.0274,0.007,0.0468,0.0011,18.423452,73.86175
1/25/2024 21:00,Location_48,6.43,6.98,2.71,452.8,0.0174,0.0305,0.0044,0.0495,0.0038,18.404623,73.897936
1/25/2024 22:00,Location_49,6.48,5.71,4.35,1389.06,0.026,0.0046,0.0055,0.0198,0.0038,18.679656,74.086293
1/25/2024 23:00,Location_50,6.1,4.8,3.06,914.22,0.0328,0.0237,0.0056,0.0495,0.0046,18.511715,74.088261
1/26/2024 0:00,Location_1,6.42,7.78,2.39,846.87,0.0209,0.0097,0.0028,0.0078,0.0024,18.533632,74.040479
1/26/2024 1:00,Location_2,6.7,4.33,7.94,934.95,0.0357,0.0104,0.0048,0.0127,0.0043,18.618721,73.82624
1/26/2024 2:00,Location_3,6.44,8.49,9.14,612.44,0.0431,0.0331,0.0047,0.0045,0.0041,18.440965,74.085611
1/26/2024 3:00,Location_4,6.22,5.91,4.02,1229.95,0.0077,0.0456,0.0039,0.0136,0.0058,18.657078,73.975736
1/26/2024 4:00,Location_5,6.3,4,7.64,832.6,0.0226,0.0202,0.0082,0.0384,0.0013,18.530059,73.857176
1/26/2024 5:00,Location_6,7.15,7.07,9.02,263.45,0.0204,0.0104,0.0045,0.0426,0.0033,18.653086,73.98067
1/26/2024 6:00,Location_7,6.52,4.28,8.54,280.69,0.0344,0.0324,0.006,0.0389,0.0036,18.733603,73.706609
1/26/2024 7:00,Location_8,6.91,5.66,2.24,851.6,0.0125,0.0436,0.009,0.0316,0.006,18.468445,73.758462
1/26/2024 8:00,Location_9,7.26,8.24,9.58,1411.2,0.032,0.0374,0.0087,0.0257,0.0012,18.772349,74.031874
1/26/2024 9:00,Location_10,7.73,4.38,4.08,531.69,0.0439,0.0434,0.0089,0.0354,0.0031,18.612275,73.958229
1/26/2024 10:00,Location_11,6.1,9.04,3.72,1317.36,0.0209,0.0268,0.0027,0.0195,0.0021,18.769171,73.845678
1/26/2024 11:00,Location_12,8,4.02,1.09,1169.73,0.0456,0.0376,0.0003,0.0421,0.0032,18.483092,73.900267
1/26/2024 12:00,Location_13,7.57,5.48,5.12,446.94,0.0497,0.007,0.0026,0.0339,0.0014,18.641825,74.062057
1/26/2024 13:00,Location_14,6.2,8.45,1.54,150.88,0.0053,0.0174,0.0028,0.0349,0.0003,18.561555,73.952631
1/26/2024 14:00,Location_15,8.18,5.9,2.86,242.59,0.0117,0.0195,0.0091,0.0268,0.0034,18.709689,73.85926
1/26/2024 15:00,Location_16,8.3,4.61,3.51,1119.89,0.0475,0.0256,0.0065,0.0443,0.002,18.642364,73.748131
1/26/2024 16:00,Location_17,6.15,6.16,8.18,379.54,0.0479,0.0465,0.0008,0.0126,0.0011,18.597806,73.817499
1/26/2024 17:00,Location_18,6.69,5.62,8.82,619.78,0.0049,0.0437,0.0014,0.0191,0.0019,18.765194,74.091336
1/26/2024 18:00,Location_19,8.02,9.06,3.37,802.38,0.0007,0.0067,0.0016,0.0389,0.0003,18.550847,73.874945
1/26/2024 19:00,Location_20,7.87,5.88,8.66,1115.66,0.0081,0.0086,0.0063,0.0246,0.0057,18.487992,73.888736
1/26/2024 20:00,Location_21,6.46,8.73,8.64,258.52,0.0498,0.0179,0.0074,0.0445,0.0035,18.64324,73.899439
1/26/2024 21:00,Location_22,6.52,9.35,7.76,668.91,0.009,0.0145,0.0086,0.0173,0.0049,18.649611,74.053642
1/26/2024 22:00,Location_23,6.93,6.6,1.89,779.1,0.0251,0.0307,0.0094,0.0185,0.0025,18.575638,73.941571
1/26/2024 23:00,Location_24,7.21,9.46,7.06,857.16,0.0424,0.0451,0.002,0.0444,0.0054,18.594644,73.977471
1/27/2024 0:00,Location_25,7.55,6.26,9.48,1245.7,0.001,0.0481,0.0031,0.0232,0.0029,18.783821,73.855765
1/27/2024 1:00,Location_26,6.92,9.78,6.98,340.35,0.0302,0.0327,0.0024,0.0258,0.0034,18.693074,73.711635
1/27/2024 2:00,Location_27,7.16,4.54,3.65,1230.96,0.0139,0.0419,0.0036,0.0166,0.003,18.444241,74.072389
1/27/2024 3:00,Location_28,7.87,8.12,5.26,1070.03,0.0431,0.0263,0.0091,0.0138,0.0044,18.484852,74.079651
1/27/2024 4:00,Location_29,6.09,6.96,6.63,878.22,0.0142,0.0104,0.0058,0.0328,0.0034,18.790231,74.079661
1/27/2024 5:00,Location_30,6.63,6.33,5.35,1079.34,0.0343,0.0262,0.0074,0.006,0.0016,18.690586,74.077475
1/27/2024 6:00,Location_31,7.78,7.8,1.64,676.82,0.0337,0.0278,0.0049,0.044,0.0009,18.766018,74.026097
1/27/2024 7:00,Location_32,8.24,8.22,3.46,293.76,0.0111,0.0371,0.0003,0.039,0.0036,18.521545,73.973838
1/27/2024 8:00,Location_33,7.28,4.03,8.12,1032.07,0.0017,0.011,0.0006,0.0095,0.0029,18.696747,74.037804
1/27/2024 9:00,Location_34,7.33,5,8.68,834.54,0.0205,0.0184,0.0054,0.0347,0.0006,18.685601,73.940218
1/27/2024 10:00,Location_35,6.27,8.28,1.8,995.12,0.0145,0.0182,0.0072,0.0301,0.0024,18.517876,73.753748
1/27/2024 11:00,Location_36,7.12,8,9.55,573.2,0.0404,0.048,0.0022,0.0092,0.0031,18.620327,73.856487
1/27/2024 12:00,Location_37,7.33,9.8,3.62,1369.61,0.04,0.0222,0.0072,0.0137,0.005,18.650966,74.088518
1/27/2024 13:00,Location_38,6.61,8.57,6.79,922.32,0.0229,0.0378,0.0081,0.0204,0.0005,18.592453,73.840455
1/27/2024 14:00,Location_39,6.67,9.7,7.64,219.56,0.0303,0.0375,0.0041,0.035,0.0021,18.730871,74.047131
1/27/2024 15:00,Location_40,6.94,8.22,8.21,729.73,0.0302,0.0133,0.0075,0.0319,0.0049,18.733148,73.737285
1/27/2024 16:00,Location_41,6.05,5.79,9.48,1158.9,0.0414,0.0286,0.004,0.0266,0.0039,18.74024,73.833674
1/27/2024 17:00,Location_42,6.81,4.63,3.47,1211.79,0.0213,0.0447,0.0068,0.0384,0.0017,18.721369,73.840381
1/27/2024 18:00,Location_43,6.53,8.69,8.66,792.44,0.0138,0.0238,0.0076,0.0379,0.0051,18.595233,73.720641
1/27/2024 19:00,Location_44,6.82,7.86,1.75,1352.65,0.0133,0.0473,0.0099,0.0309,0.003,18.552575,73.747638
1/27/2024 20:00,Location_45,6.3,4.29,7.2,474.74,0.0268,0.0107,0.0035,0.0393,0.003,18.732551,73.777266
1/27/2024 21:00,Location_46,8.23,6.16,7.55,674.84,0.0225,0.0037,0.0041,0.0167,0.0059,18.596081,74.035126
1/27/2024 22:00,Location_47,7.48,9.74,6.94,1358.04,0.022,0.0446,0.0017,0.0441,0.0057,18.498549,73.725361
1/27/2024 23:00,Location_48,7.7,7,2.9,1354.76,0.0046,0.0424,0.002,0.0307,0.0022,18.602937,73.81948
1/28/2024 0:00,Location_49,7.97,6.6,8.79,1060,0.0359,0.0496,0.0069,0.0411,0.0008,18.45674,73.70407
1/28/2024 1:00,Location_50,7.25,6.75,2.1,1302.57,0.0107,0.034,0.0092,0.0273,0.002,18.676652,73.978251
1/28/2024 2:00,Location_1,6.22,5.25,1.01,224.28,0.0098,0.0468,0.0039,0.0109,0.0002,18.534369,73.948121
1/28/2024 3:00,Location_2,7.34,6.21,7.32,1310.99,0.0206,0.0413,0.0018,0.0271,0.0001,18.504264,73.957993
1/28/2024 4:00,Location_3,7.47,6.22,5.02,548.87,0.0114,0.0422,0.0029,0.0186,0.0024,18.782603,73.849753
1/28/2024 5:00,Location_4,7.86,4.31,8.57,349.66,0.0292,0.0285,0.0046,0.0349,0.0056,18.710752,73.783307
1/28/2024 6:00,Location_5,7.08,8.61,4.14,435.12,0.0186,0.0191,0.0029,0.0238,0.0052,18.714828,73.988128
1/28/2024 7:00,Location_6,6.32,6.5,2.1,685.16,0.0224,0.0467,0.0023,0.0418,0.0031,18.649489,74.024447
1/28/2024 8:00,Location_7,6.71,8.93,8.45,451.67,0.0269,0.0216,0.0074,0.0339,0.0034,18.735669,73.755441
1/28/2024 9:00,Location_8,6.91,9.1,5.71,548.79,0.0102,0.0269,0.0001,0.0342,0,18.703665,73.894732
1/28/2024 10:00,Location_9,7.61,5.27,2.3,288.97,0.0078,0.0223,0.0054,0.0109,0.0013,18.639509,73.799486
1/28/2024 11:00,Location_10,7.43,7.94,7.34,514.65,0.044,0.0282,0.0079,0.0492,0.0001,18.78445,73.767243
1/28/2024 12:00,Location_11,6.89,6.83,5.36,901.2,0.0217,0.0235,0.0027,0.0421,0.0045,18.476638,73.99373
1/28/2024 13:00,Location_12,8.47,9.28,6.24,718.6,0.0206,0.0024,0.006,0.0395,0.0009,18.777352,73.915239
1/28/2024 14:00,Location_13,7.51,5.29,4.88,585.41,0.0018,0.0441,0.0067,0.0165,0.0052,18.560575,73.786474
1/28/2024 15:00,Location_14,6.59,8.07,8.37,1145.03,0.0249,0.0222,0.0066,0.0268,0.0039,18.61136,73.824
1/28/2024 16:00,Location_15,6.25,7.65,8.38,1350.91,0.0277,0.0294,0.0045,0.0069,0.0014,18.449096,74.086661
1/28/2024 17:00,Location_16,6.38,5.77,7.24,1159.5,0.0279,0.007,0.0035,0.0269,0.0009,18.616043,74.039472
1/28/2024 18:00,Location_17,6.61,4.82,1.5,564.8,0.0354,0.0002,0.0084,0.0073,0.0038,18.644483,74.051979
1/28/2024 19:00,Location_18,6.4,7.91,8.47,1142.22,0.0089,0.0123,0.0076,0.0277,0.0054,18.799081,73.884005
1/28/2024 20:00,Location_19,6.47,8.43,6.87,312.77,0.0126,0.0352,0.0032,0.0324,0.0043,18.790077,73.949523
1/28/2024 21:00,Location_20,6.71,5.89,7.12,282.45,0.0405,0.005,0.001,0.0195,0.0021,18.786559,73.850707
1/28/2024 22:00,Location_21,6.43,7.87,3.95,583.88,0.0474,0.0454,0.0007,0.0249,0.0035,18.539355,73.731085
1/28/2024 23:00,Location_22,8.24,6.37,8.85,1230.78,0.0068,0.0108,0.0009,0.0438,0.0019,18.796507,73.860428
1/29/2024 0:00,Location_23,6.2,8.28,7.39,444.89,0.0249,0.0102,0.0058,0.0054,0.006,18.582191,73.937592
1/29/2024 1:00,Location_24,7.31,5.2,1.57,188.55,0.0107,0.0091,0.0005,0.0396,0.0045,18.740735,73.814858
1/29/2024 2:00,Location_25,7.03,9.34,4.37,284.39,0.003,0.0007,0.0034,0.0085,0.0037,18.486528,74.03918
1/29/2024 3:00,Location_26,8.46,5.72,8.92,1302.24,0.0163,0.0386,0.0075,0.0018,0.0025,18.602333,73.76044
1/29/2024 4:00,Location_27,6.28,6.21,0.95,987.3,0.0072,0.0438,0.0029,0.0093,0.0037,18.786405,73.846852
1/29/2024 5:00,Location_28,6.99,4.35,9.63,454.48,0.0355,0.0307,0.0076,0.0383,0.002,18.778813,73.749962
1/29/2024 6:00,Location_29,8.42,4.67,6.95,877.41,0.0267,0.0094,0.0075,0.0203,0.0002,18.673494,73.861933
1/29/2024 7:00,Location_30,8.16,7.1,6.5,838.61,0.0072,0.0143,0.0025,0.0436,0.0024,18.719126,73.715865
1/29/2024 8:00,Location_31,8.04,5.61,3.07,1017.61,0.0005,0.0238,0.0073,0.0262,0.0056,18.470571,73.80902
1/29/2024 9:00,Location_32,6.64,9.01,2.86,426.46,0.0404,0.0477,0.0075,0.0011,0.0038,18.688663,73.860294
1/29/2024 10:00,Location_33,6.43,4.09,9.45,1310.16,0.0088,0.0124,0.004,0.0358,0.0005,18.64722,73.891266
1/29/2024 11:00,Location_34,7.67,6.27,3.33,533.12,0.0303,0.0366,0.0021,0.0055,0.0053,18.436621,73.917479
1/29/2024 12:00,Location_35,8.32,6.02,7.87,1071.78,0.0168,0.022,0.0052,0.0395,0.0016,18.445264,73.809996
1/29/2024 13:00,Location_36,7.39,4.12,4.23,122.57,0.0293,0.0149,0.0092,0.0084,0.0015,18.443377,73.909217
1/29/2024 14:00,Location_37,7.43,4.75,1.82,621.72,0.0158,0.0228,0.0064,0.0173,0.0018,18.689743,73.903602
1/29/2024 15:00,Location_38,6.7,6.48,0.6,592.39,0.0043,0.0036,0.0017,0.0381,0.0035,18.456686,73.826471
1/29/2024 16:00,Location_39,7.92,6.96,5.67,860.88,0.0111,0.0399,0.0068,0.0477,0.0033,18.587093,74.03208
1/29/2024 17:00,Location_40,6.47,6.43,9.77,201.83,0.0094,0.0122,0.0043,0.0186,0.0029,18.542793,73.918256
1/29/2024 18:00,Location_41,6.81,7.19,4.01,1206.18,0.0214,0.0363,0.0059,0.0415,0.0043,18.620202,73.832908
1/29/2024 19:00,Location_42,7.06,7.57,3.89,404.89,0.0329,0.0034,0.0073,0.0095,0.0019,18.682591,74.078935
1/29/2024 20:00,Location_43,7.27,4.06,3.77,1047.85,0.0132,0.0478,0.0051,0.0404,0.0047,18.673889,74.038045
1/29/2024 21:00,Location_44,6.61,6.78,5.45,1224.5,0.0006,0.0097,0.0081,0.0329,0.0011,18.606208,74.093035
1/29/2024 22:00,Location_45,6.29,9.78,4.69,886.63,0.0259,0.0441,0.0072,0.0096,0.0047,18.585734,73.976894
1/29/2024 23:00,Location_46,7.53,7.11,8.86,1137.24,0.0303,0.0405,0.0062,0.0151,0.004,18.559126,73.851289
1/30/2024 0:00,Location_47,6.72,8.07,5.3,1026.6,0.0481,0.0484,0.0015,0.0066,0.0041,18.744764,73.812344
1/30/2024 1:00,Location_48,7.45,5.87,5.32,597.74,0.0295,0.0239,0.0084,0.0191,0.0029,18.532341,73.965327
1/30/2024 2:00,Location_49,6.39,8.64,1.81,1232.4,0.0236,0.0364,0.0094,0.0102,0.004,18.503746,74.092327
1/30/2024 3:00,Location_50,7.2,8.64,9.84,512.58,0.0287,0.0185,0.0014,0.0322,0.0005,18.697326,73.950686
1/30/2024 4:00,Location_1,7.33,7.13,2.87,899.7,0.0464,0.0092,0.0049,0.0497,0.0051,18.543905,74.052646
1/30/2024 5:00,Location_2,6.13,9.86,1.2,1143.56,0.0414,0.0222,0.0026,0.0006,0.0003,18.738799,73.831641
1/30/2024 6:00,Location_3,6.84,4.75,6.8,630.54,0.0161,0.0083,0.0075,0.027,0.0009,18.531155,73.862782
1/30/2024 7:00,Location_4,6.34,4.1,6.16,523.87,0.0119,0.0491,0.0072,0.0287,0.0035,18.680778,74.06251
1/30/2024 8:00,Location_5,6.16,8.62,4.44,743.08,0.0131,0.0048,0.0014,0.0457,0.0044,18.418044,74.002747
1/30/2024 9:00,Location_6,8.47,8.84,4.51,1245.15,0.0252,0.0295,0.0088,0.0253,0.0005,18.554225,74.092564
1/30/2024 10:00,Location_7,6.81,4.72,7.96,1401.89,0.0372,0.0313,0.0018,0.0272,0.0055,18.537292,74.009906
1/30/2024 11:00,Location_8,8.02,5.59,2.36,863.12,0.0252,0.0269,0.008,0.0236,0.0058,18.726671,73.879406
1/30/2024 12:00,Location_9,6.64,4.11,8.29,1026.05,0.0034,0.0331,0.0046,0.0134,0.0036,18.786822,73.912427
1/30/2024 13:00,Location_10,7.7,5.76,6.66,1364.58,0.0362,0.0058,0.0033,0.0028,0.0029,18.584353,74.060206
1/30/2024 14:00,Location_11,7.9,8.64,4.48,237.97,0.0403,0.0278,0.0016,0.0204,0.0044,18.729935,73.920659
1/30/2024 15:00,Location_12,7.49,7.11,4.85,424.91,0.0145,0.0144,0.0017,0.0026,0.002,18.679878,73.802159
1/30/2024 16:00,Location_13,7.18,6.09,2.94,1092.46,0.0332,0.047,0.0066,0.0275,0.003,18.786954,73.874248
1/30/2024 17:00,Location_14,7.03,6.23,7.65,1253.24,0.0213,0.0381,0.0055,0.0154,0.0055,18.724443,73.906526
1/30/2024 18:00,Location_15,6.87,4.01,5.37,1299.84,0.0445,0.0486,0.0012,0.0267,0.0057,18.430991,73.738688
1/30/2024 19:00,Location_16,8.32,5.8,3.55,681.15,0.0423,0.0019,0.0011,0.0067,0.0056,18.685313,73.997505
1/30/2024 20:00,Location_17,8.08,7.88,6.16,225.08,0.0263,0.0143,0.0007,0.0466,0.0016,18.6142,73.743742
1/30/2024 21:00,Location_18,8.41,9.85,9.96,712.89,0.0346,0.0098,0.0074,0.0447,0.0014,18.406574,73.861967
1/30/2024 22:00,Location_19,6.31,9.08,4.63,423.03,0.0442,0.0006,0.0071,0.0095,0.0018,18.500525,74.021849
1/30/2024 23:00,Location_20,7.83,4.14,9.25,507.68,0.0248,0.0121,0.0006,0.0172,0.0026,18.768702,73.887028
1/31/2024 0:00,Location_21,8.35,9.39,3.78,1181.17,0.0157,0.0339,0.0056,0.0307,0.0019,18.770425,74.036806
1/31/2024 1:00,Location_22,6.45,8.7,1.02,205.74,0.0377,0.0116,0.0008,0.0048,0.0022,18.71954,73.836753
1/31/2024 2:00,Location_23,6.17,8.68,2.44,1258.61,0.011,0.0255,0.009,0.0177,0.0037,18.792712,74.083055
1/31/2024 3:00,Location_24,7.85,6.75,4.48,698.74,0.0194,0.0444,0.0091,0.0126,0.0046,18.722618,73.783787
1/31/2024 4:00,Location_25,7.44,6.39,2.59,934.49,0.0433,0.0347,0.007,0.0458,0.0044,18.404082,73.715306
1/31/2024 5:00,Location_26,8.1,5.82,0.5,225.51,0.0362,0.0197,0.0093,0.0426,0.0049,18.515134,74.048971
1/31/2024 6:00,Location_27,6.35,4.39,9.19,572.3,0.0202,0.0186,0.0081,0.029,0.0002,18.41225,74.000881
1/31/2024 7:00,Location_28,7.99,5.37,8.52,225.58,0.0107,0.0228,0.0083,0.026,0.0003,18.437643,73.792794
1/31/2024 8:00,Location_29,6.5,5.48,7.55,1446.16,0.0178,0.0089,0.0057,0.0465,0.0047,18.487536,74.093897
1/31/2024 9:00,Location_30,6.41,6.9,2.09,1230.17,0.0142,0.0317,0.0031,0.0466,0.0032,18.601423,73.900912
1/31/2024 10:00,Location_31,6.41,8.48,1.64,743.49,0.0088,0.0182,0.0022,0.0485,0.0035,18.739013,74.080426
1/31/2024 11:00,Location_32,8.04,6.84,1.14,413.04,0.0372,0.0426,0.0033,0.0063,0.0003,18.744787,73.902012
1/31/2024 12:00,Location_33,7.66,4.35,7.38,1406.84,0.0126,0.0378,0.0063,0.008,0.0015,18.646481,73.88875
1/31/2024 13:00,Location_34,7.31,9.75,9.32,582.44,0.0227,0.0305,0.0017,0.0338,0.0038,18.77127,73.879655
1/31/2024 14:00,Location_35,6.9,9.66,4.59,325.38,0.0193,0.0182,0.0026,0.0271,0.0052,18.600025,73.83395
1/31/2024 15:00,Location_36,8.19,8.71,1.63,888.43,0.0491,0.0105,0.0047,0.0009,0.0055,18.755614,73.913481
1/31/2024 16:00,Location_37,6.98,9.95,5.37,1421.28,0.0196,0.0388,0.0023,0.0031,0.003,18.581626,73.881022
1/31/2024 17:00,Location_38,8.04,7.27,3.81,105.36,0.004,0.0243,0.0059,0.0444,0.0033,18.51089,73.714699
1/31/2024 18:00,Location_39,7.1,9.78,4.06,433.37,0.0045,0.0112,0.0092,0.0434,0.005,18.766565,73.804174
1/31/2024 19:00,Location_40,6.94,4.45,6.4,1413.83,0.0295,0.0098,0.0075,0.0179,0.0032,18.555174,73.785249
1/31/2024 20:00,Location_41,7.16,6.19,7.33,339.52,0.03,0.0083,0.0067,0.0446,0.0031,18.601362,74.046974
1/31/2024 21:00,Location_42,6.75,5.35,1.55,258.54,0.0209,0.0389,0.0058,0.0297,0.0054,18.531544,73.939548
1/31/2024 22:00,Location_43,7.87,5.17,0.84,898.26,0.0216,0.0114,0.0049,0.0403,0.0047,18.665135,74.005473
1/31/2024 23:00,Location_44,7.26,4.84,9.95,1306.58,0.0027,0.0263,0.0019,0.0214,0.0055,18.798012,74.08273
2/1/2024 0:00,Location_45,6.58,7.73,2.71,767.95,0.0258,0.0226,0.0089,0.0057,0.0013,18.410205,73.957616
2/1/2024 1:00,Location_46,8.25,8.69,1.01,1492.39,0.0252,0.029,0.0025,0.0217,0.0031,18.759939,74.093044
2/1/2024 2:00,Location_47,6.96,7.47,2.3,1050.84,0.0075,0.0439,0.0009,0.0229,0.0051,18.40157,73.824706
2/1/2024 3:00,Location_48,7.36,4.88,0.87,203.7,0.0052,0.0434,0.0075,0.0275,0.0007,18.545691,73.774507
2/1/2024 4:00,Location_49,8.27,8.87,4.22,1489.96,0.0062,0.0226,0.0018,0.0053,0.0048,18.467443,73.861324
2/1/2024 5:00,Location_50,7.56,7.82,8.12,671.05,0.0051,0.0008,0.0037,0.0496,0.0011,18.702937,73.88832
2/1/2024 6:00,Location_1,6.29,6.33,3.74,502.36,0.0305,0.0213,0.0003,0.0122,0.0048,18.420244,74.058145
2/1/2024 7:00,Location_2,8.35,8.04,4.72,881.03,0.0098,0.0303,0.0014,0.0099,0.0037,18.621394,73.923976
2/1/2024 8:00,Location_3,7.57,5.56,6.92,526.03,0.0126,0.0279,0.0017,0.0263,0.0012,18.51797,73.816872
2/1/2024 9:00,Location_4,6.84,6.07,5.33,221.04,0.0087,0.0326,0.0005,0.0269,0.0028,18.453468,73.997054
2/1/2024 10:00,Location_5,6.35,9.5,8.68,102,0.0479,0.0077,0.0066,0.022,0.0041,18.708727,73.902333
2/1/2024 11:00,Location_6,7.99,5.74,8.73,729.42,0.0427,0.0323,0.0084,0.0386,0.0038,18.486967,73.764853
2/1/2024 12:00,Location_7,7.55,6.82,0.59,1271.61,0.0115,0.0091,0.0037,0.0258,0.0026,18.48947,73.930728
2/1/2024 13:00,Location_8,7.33,9.34,7.89,901.24,0.0164,0.0375,0.0087,0.0305,0.0054,18.510031,74.064558
2/1/2024 14:00,Location_9,8.23,8.25,4.88,1498.89,0.0105,0.017,0.0021,0.0362,0.0031,18.634707,74.037049
2/1/2024 15:00,Location_10,7.97,4.37,9.89,501.59,0.0246,0.0355,0.0033,0.0013,0.003,18.663866,73.934724
2/1/2024 16:00,Location_11,6.38,4.88,5.09,492.64,0.001,0.0024,0.0015,0.0285,0.0004,18.407041,73.850833
2/1/2024 17:00,Location_12,6.78,4.05,9.88,323.65,0.0336,0.0204,0.0062,0.0442,0.0055,18.496748,73.734792
2/1/2024 18:00,Location_13,6.62,7.79,7.67,329.69,0.0262,0.0353,0.0042,0.0009,0.0011,18.572388,73.88786
2/1/2024 19:00,Location_14,7.86,6.69,2.86,499.26,0.0449,0.0113,0.0061,0.0203,0.0032,18.532791,74.000832
2/1/2024 20:00,Location_15,6.08,4.81,5.61,1209.98,0.0082,0.0398,0.0076,0.0463,0.0048,18.753668,73.844109
2/1/2024 21:00,Location_16,7.42,9.75,9.93,1368.06,0.0402,0.0315,0.0055,0.0177,0.0013,18.715083,73.794179
2/1/2024 22:00,Location_17,7.91,7.18,8.65,1465.12,0.0396,0.0294,0.0063,0.0229,0.0032,18.650356,74.072552
2/1/2024 23:00,Location_18,8.19,5.45,1.42,425.21,0.0064,0.0177,0.0094,0.0491,0.0014,18.535217,74.028622
2/2/2024 0:00,Location_19,6.86,7,7.21,1333.82,0.0199,0.0241,0.003,0.01,0.0046,18.680269,73.95531
2/2/2024 1:00,Location_20,8.05,8.08,3.78,559.56,0.0085,0.0299,0.0036,0.0033,0.0034,18.737455,73.754713
2/2/2024 2:00,Location_21,6.28,4.46,0.57,257.98,0.0127,0.0236,0.0072,0.043,0.0051,18.637932,73.757964
2/2/2024 3:00,Location_22,8.12,5.65,4.33,1318.03,0.0132,0.0349,0.0061,0.0434,0.0054,18.713785,73.741288
2/2/2024 4:00,Location_23,6.32,8.84,2.73,990.55,0.0278,0.0217,0.0018,0.0236,0.0039,18.699642,73.946519
2/2/2024 5:00,Location_24,6.99,6.76,8.28,330.62,0.0206,0.0101,0.0038,0.0257,0.0044,18.628695,73.746225
2/2/2024 6:00,Location_25,7.99,7.28,3.7,701.76,0.0474,0.0107,0.0047,0.0418,0.0033,18.524873,74.037051
2/2/2024 7:00,Location_26,6.37,6.6,8.36,502.16,0.0063,0.0003,0.0042,0.0369,0.0023,18.698313,74.097186
2/2/2024 8:00,Location_27,6.57,4.26,0.51,1131.51,0.0487,0.015,0.0018,0.0133,0.0039,18.482719,73.846539
2/2/2024 9:00,Location_28,7.81,4.99,3.42,734.78,0.0115,0.0374,0.0092,0.0008,0.0054,18.711795,73.881468
2/2/2024 10:00,Location_29,7.8,6.67,2.79,1484.99,0.0386,0.0397,0.0076,0.024,0.0025,18.721819,73.984667
2/2/2024 11:00,Location_30,7.6,5.26,2.72,176.64,0.0169,0.0101,0.0048,0.0429,0.0019,18.728858,74.074861
2/2/2024 12:00,Location_31,7.73,4.3,1.15,597.02,0.0072,0.048,0.0068,0.0448,0.0023,18.589166,74.057638
2/2/2024 13:00,Location_32,7.36,9.06,2.28,774.66,0.0429,0.0251,0.009,0.0478,0.0026,18.476992,73.723037
2/2/2024 14:00,Location_33,6.63,9.89,5.78,804.39,0.0154,0.0458,0.0014,0.044,0.0004,18.439889,73.767629
2/2/2024 15:00,Location_34,6.86,8.76,3.27,542.31,0.0329,0.0353,0.0025,0.029,0.003,18.697345,74.001839
2/2/2024 16:00,Location_35,6.45,9.12,4.47,1120.94,0.0283,0.0361,0.0054,0.0222,0.003,18.754505,73.975557
2/2/2024 17:00,Location_36,8.27,5.45,4.08,1324.65,0.0236,0.0043,0.008,0.0387,0.0035,18.660335,73.753287
2/2/2024 18:00,Location_37,7.46,9.76,8.82,1414.21,0.0248,0.011,0.0004,0.037,0.0022,18.457664,73.900826
2/2/2024 19:00,Location_38,7,5.18,9.1,1227.13,0.0366,0.0004,0.0098,0.0269,0.0037,18.773959,74.012326
2/2/2024 20:00,Location_39,7.16,9.71,5.18,1290.81,0.0044,0.0358,0.0045,0.0044,0.0053,18.795641,73.787512
2/2/2024 21:00,Location_40,8.37,9.97,3.64,870.76,0.0334,0.0172,0.0036,0.0463,0.0057,18.573351,74.048515
2/2/2024 22:00,Location_41,6.38,8.27,1.51,1256.24,0.0448,0.0393,0.0029,0.0228,0.0035,18.63793,73.721189
2/2/2024 23:00,Location_42,7.47,9.89,9.56,524.91,0.0029,0.0169,0.0017,0.0182,0.0003,18.710891,74.012878
2/3/2024 0:00,Location_43,7.26,7.42,1.07,657.87,0.007,0.041,0.0079,0.0315,0.0058,18.694556,73.946328
2/3/2024 1:00,Location_44,7.53,5.56,3.33,543.68,0.0358,0.0065,0.0096,0.0337,0.0042,18.787115,73.82608
2/3/2024 2:00,Location_45,6.05,6.62,3.33,754.34,0.0219,0.0087,0.0041,0.0105,0.002,18.445953,73.988373
2/3/2024 3:00,Location_46,8.18,7.56,3.54,499.81,0.0202,0.017,0.0095,0.0418,0.0009,18.63229,74.012946
2/3/2024 4:00,Location_47,8.33,4.44,2.06,1446.26,0.0068,0.0204,0.0082,0.0145,0.0009,18.676773,74.07356
2/3/2024 5:00,Location_48,7.41,7.73,7.94,537.98,0.0253,0.0174,0.0048,0.0093,0.001,18.756039,73.84711
2/3/2024 6:00,Location_49,7.74,9.89,1.66,237.26,0.0063,0.0382,0.0067,0.0203,0.0003,18.749644,73.974407
2/3/2024 7:00,Location_50,8.31,5.14,6.53,837.54,0.0238,0.0048,0.0043,0.0365,0.0054,18.7912,73.941047
2/3/2024 8:00,Location_1,7.77,8.76,1.68,179.94,0.0382,0.0176,0.0056,0.0483,0.0032,18.604831,73.910082
2/3/2024 9:00,Location_2,6.38,9.45,1.17,254.76,0.0129,0.0419,0.0006,0.0405,0.0042,18.732304,74.056167
2/3/2024 10:00,Location_3,7.44,9.66,9.14,407.15,0.024,0.0033,0.007,0.047,0.005,18.570913,73.701267
2/3/2024 11:00,Location_4,7.52,9.76,2.31,750.09,0.0496,0.0471,0.0005,0.007,0.0047,18.568926,73.812845
2/3/2024 12:00,Location_5,7.06,7.13,8.3,706.55,0.0343,0.0493,0.0082,0.0036,0.0053,18.501339,73.915311
2/3/2024 13:00,Location_6,7.84,9.86,5.67,1219.57,0.0421,0.0044,0.0082,0.0279,0.0058,18.727295,73.771317
2/3/2024 14:00,Location_7,8.34,8.54,1.24,1135.26,0.0207,0.0146,0.0024,0.0145,0.0026,18.794326,74.063147
2/3/2024 15:00,Location_8,8.31,4.97,9.58,696.85,0.0384,0.0186,0.0032,0.0414,0.0057,18.502537,73.959038
2/3/2024 16:00,Location_9,7.13,6.86,2.85,567.19,0.002,0.0388,0.0048,0.0336,0.0043,18.422453,73.891153
2/3/2024 17:00,Location_10,6.28,8.31,8.67,543.06,0.0061,0.0298,0.006,0.0485,0.0004,18.726217,74.025881
2/3/2024 18:00,Location_11,8.46,5.48,2.1,1183.59,0.0102,0.0322,0.0029,0.0127,0.0041,18.648092,73.880354
2/3/2024 19:00,Location_12,8.1,7.84,8.61,172.9,0.0201,0.0379,0.0059,0.0243,0.0041,18.78388,73.923461
2/3/2024 20:00,Location_13,6.31,8,0.63,117.95,0.0423,0.0059,0.003,0.0251,0.0054,18.500896,73.7011
2/3/2024 21:00,Location_14,8.3,4.98,5.36,1213.76,0.0173,0.0417,0.0006,0.012,0.0022,18.428411,73.84628
2/3/2024 22:00,Location_15,8.17,7.39,7.81,768,0.0327,0.0353,0,0.0295,0.0035,18.596977,73.755516
2/3/2024 23:00,Location_16,7.3,8.63,9.38,283.23,0.0355,0.0289,0.001,0.0222,0.0001,18.434186,73.975875
2/4/2024 0:00,Location_17,7.48,6.99,9.14,429.79,0.0293,0.0445,0.0079,0.0223,0.002,18.504716,73.891611
2/4/2024 1:00,Location_18,7,4.07,8.29,1405.51,0.0179,0.035,0.0096,0.0181,0.0004,18.450391,73.820703
2/4/2024 2:00,Location_19,6.14,4.05,8.94,1303.3,0.0289,0.0101,0.0043,0.0008,0.0031,18.489653,73.887133
2/4/2024 3:00,Location_20,6.84,6.14,2.39,1093.7,0.0171,0.0215,0.0051,0.0261,0.0049,18.442458,73.783852
2/4/2024 4:00,Location_21,8.01,9.56,3.2,775.12,0.0042,0.0247,0.0015,0.0168,0.0012,18.781562,74.070035
2/4/2024 5:00,Location_22,6.01,5.37,3.25,828.45,0.0496,0.0028,0.0055,0.0001,0.0032,18.511425,73.721589
2/4/2024 6:00,Location_23,6.83,7.81,4.08,1465.34,0.0064,0.0477,0.0014,0.0154,0.0012,18.577559,74.046167
2/4/2024 7:00,Location_24,7,5.33,4.24,1452.08,0.0036,0.0064,0.0061,0.0139,0.0007,18.759445,73.904544
2/4/2024 8:00,Location_25,7.34,5.93,5.67,401.38,0.0439,0.0349,0.0093,0.0197,0.0031,18.670929,73.947579
2/4/2024 9:00,Location_26,8.3,9.09,2.02,1235.55,0.0151,0.0253,0.002,0.0066,0.0005,18.647215,73.821042
2/4/2024 10:00,Location_27,6.87,8.37,7.07,376.14,0.0325,0.0013,0.0076,0.0254,0.0035,18.682225,74.086679
2/4/2024 11:00,Location_28,6.87,4.57,2.09,398.95,0.0165,0.0462,0.0002,0.0346,0.0002,18.731529,73.81274
2/4/2024 12:00,Location_29,7.84,6.57,3.45,1046.53,0.0196,0.0426,0.0038,0.0315,0.0006,18.751068,73.935551
2/4/2024 13:00,Location_30,7.13,4.18,5.28,667,0.0131,0.0262,0.0011,0.0402,0.0033,18.657056,74.097367
2/4/2024 14:00,Location_31,6.56,6.89,8.07,1404.16,0.0172,0.0114,0.0035,0.0226,0.0035,18.756003,74.052438
2/4/2024 15:00,Location_32,7.13,7.97,7.52,224.61,0.0205,0.0061,0.0017,0.026,0.0002,18.614159,73.914532
2/4/2024 16:00,Location_33,6.35,4.71,6.63,816.14,0.036,0.0182,0.0037,0.0405,0.0034,18.510916,74.09615
2/4/2024 17:00,Location_34,6.44,5.73,1.98,1385.93,0.0256,0.0128,0.0042,0.0214,0.005,18.752031,73.980548
2/4/2024 18:00,Location_35,7.25,6.39,5.7,1365.76,0.0472,0.0253,0.003,0.0351,0.0043,18.616589,73.78348
2/4/2024 19:00,Location_36,7.05,9.52,1.33,319.14,0.0021,0.0483,0.0066,0.0217,0.0008,18.762455,73.862238
2/4/2024 20:00,Location_37,8.29,9.96,4.08,613.29,0.0252,0.0287,0.0092,0.0209,0.0036,18.416067,73.833797
2/4/2024 21:00,Location_38,6.91,4.27,4.43,966.77,0.0292,0.0445,0.004,0.038,0.004,18.559006,73.837605
2/4/2024 22:00,Location_39,7.45,8.57,0.88,323.15,0.046,0.0325,0.0019,0.0087,0.0002,18.779122,74.004183
2/4/2024 23:00,Location_40,7.58,6.23,3.1,1455.23,0.0025,0.0238,0.0027,0.0169,0.0051,18.49986,73.933705
2/5/2024 0:00,Location_41,6.03,6.35,9.58,1380.65,0.0287,0.0427,0.0085,0.0112,0.0054,18.776614,73.715237
2/5/2024 1:00,Location_42,7.66,8.53,9.56,333.73,0.0427,0.0236,0.0057,0.018,0.0051,18.781561,74.050979
2/5/2024 2:00,Location_43,6.45,9.51,3.85,269.62,0.0121,0.0434,0.0046,0.0115,0.0049,18.752857,73.818718
2/5/2024 3:00,Location_44,8.4,9.71,0.91,219.57,0.0438,0.0146,0.0015,0.029,0.0045,18.625467,74.09883
2/5/2024 4:00,Location_45,6.37,7.46,2.2,1373.22,0.001,0.0064,0.0045,0.0399,0.0038,18.658776,74.081676
2/5/2024 5:00,Location_46,7.04,6.14,4.23,371.07,0.0366,0.0428,0.0028,0.0393,0.0041,18.747847,74.076212
2/5/2024 6:00,Location_47,6.21,8.73,9.5,682.8,0.0467,0.0294,0.0094,0.0182,0.0048,18.710359,74.024451
2/5/2024 7:00,Location_48,8.49,5.51,1.84,728.39,0.0329,0.0445,0.0088,0.0494,0.004,18.652038,73.788245
2/5/2024 8:00,Location_49,7.26,7.38,7.75,938.62,0.022,0.0469,0.0008,0.0297,0.002,18.792904,73.913053
2/5/2024 9:00,Location_50,7.49,6.15,1.53,200.43,0.0022,0.0027,0.0052,0.02,0.0023,18.674271,73.789721
2/5/2024 10:00,Location_1,6.17,7.94,9.82,417.46,0.046,0.025,0.0023,0.0418,0.0054,18.790193,73.80387
2/5/2024 11:00,Location_2,7.87,5.44,4.13,1404.09,0.0235,0.0187,0.0041,0.0365,0.0001,18.422955,73.944381
2/5/2024 12:00,Location_3,6.52,5.15,7.86,1371.77,0.0014,0.0313,0.0088,0.0375,0.0042,18.455584,73.716333
2/5/2024 13:00,Location_4,8.25,9.51,3.75,1193.81,0.0345,0.0397,0.0053,0.0098,0.0057,18.580584,74.087783
2/5/2024 14:00,Location_5,6.51,4.61,6.46,127.16,0.0241,0.014,0.0033,0.0234,0.0042,18.553952,74.067469
2/5/2024 15:00,Location_6,6.48,7.04,2.32,557.81,0.0062,0.0278,0.0021,0.0431,0.006,18.713094,73.852307
2/5/2024 16:00,Location_7,6.09,5.33,1.89,979.14,0.0107,0.0354,0.008,0.0252,0.0041,18.464246,73.906169
2/5/2024 17:00,Location_8,7.18,4.23,9.41,485.27,0.0032,0.0067,0.0062,0.0342,0.0002,18.790438,73.886448
2/5/2024 18:00,Location_9,7.41,4.22,9.22,1373.42,0.0287,0.0407,0.0047,0.0294,0.005,18.526026,74.05288
2/5/2024 19:00,Location_10,6.16,5.05,8.93,987.45,0.0311,0.0303,0.0022,0.0421,0.0017,18.571569,73.975441
2/5/2024 20:00,Location_11,7.94,9.2,6.44,200.67,0.0253,0.0475,0.0033,0.0142,0.0027,18.509898,73.811244
2/5/2024 21:00,Location_12,7.13,5.69,8.18,1372.61,0.0409,0.017,0.0096,0.0288,0.0019,18.631745,73.878737
2/5/2024 22:00,Location_13,7.31,9.7,1.16,1440.87,0.0431,0.0054,0.0052,0.0062,0.0016,18.423451,73.871586
2/5/2024 23:00,Location_14,7.1,7.49,3.68,208.8,0.0308,0.0253,0.004,0.0345,0.0026,18.459871,74.083734
2/6/2024 0:00,Location_15,7,6.62,3.48,845.3,0.0006,0.0043,0.0052,0.0366,0.0023,18.698319,73.770124
2/6/2024 1:00,Location_16,7.4,7.48,6.54,524.71,0.0348,0.0485,0.0078,0.0021,0.0038,18.4746,73.735831
2/6/2024 2:00,Location_17,6.39,7.1,3.88,649.97,0.0209,0.0019,0.0034,0.0338,0.0049,18.494206,74.052248
2/6/2024 3:00,Location_18,6.45,8.55,1.91,351.51,0.0283,0.0377,0.0018,0.0207,0.0018,18.717193,74.058674
2/6/2024 4:00,Location_19,8.15,5.69,6.17,909.3,0.0325,0.0263,0.0058,0.0062,0.0013,18.43732,74.048696
2/6/2024 5:00,Location_20,8.37,6.12,8.24,1441.17,0.0175,0.0184,0.0067,0.021,0.004,18.57499,73.904391
2/6/2024 6:00,Location_21,6.93,9.36,4.13,804.3,0.0459,0.0033,0.0071,0.0097,0.004,18.409225,73.963898
2/6/2024 7:00,Location_22,6.68,9.68,1.76,216.08,0.0067,0.0311,0.0088,0.0208,0.0054,18.538723,73.925345
2/6/2024 8:00,Location_23,7.61,9.36,2.37,968,0.0336,0.0293,0.0037,0.0192,0.0001,18.679593,73.727779
2/6/2024 9:00,Location_24,7.02,6.52,2.76,576.31,0.0002,0.014,0.0008,0.0369,0.0051,18.436041,73.938334
2/6/2024 10:00,Location_25,6.06,8.68,3.35,1298.3,0.0462,0.0455,0.0096,0.0387,0.0031,18.755334,73.705446
2/6/2024 11:00,Location_26,6.39,6.86,6.61,708.55,0.0056,0.0152,0.0044,0.0304,0.0037,18.7638,73.829995
2/6/2024 12:00,Location_27,7.79,6.99,6.21,369.98,0.0047,0.0225,0.0062,0.0011,0.0005,18.441996,74.072917
2/6/2024 13:00,Location_28,7.65,5.23,7.11,367.55,0.0167,0.0272,0.0067,0.0466,0.0026,18.796293,73.821618
2/6/2024 14:00,Location_29,6.07,7.55,3.94,1176.27,0.0187,0.005,0.0055,0.0343,0.0014,18.519012,74.075931
2/6/2024 15:00,Location_30,6.55,5.12,8.33,471.82,0.0107,0.0466,0.0021,0.0017,0.0015,18.433641,73.800054
2/6/2024 16:00,Location_31,6.58,5.99,2.44,1174.13,0.0293,0.0187,0.0076,0.0409,0.003,18.402027,73.825825
2/6/2024 17:00,Location_32,7.68,9.13,4.96,388.24,0.0221,0.004,0.008,0.01,0.0049,18.563409,73.951363
2/6/2024 18:00,Location_33,6.05,5.24,8.11,550.36,0.0017,0.0194,0.0055,0.029,0.0045,18.651924,74.004651
2/6/2024 19:00,Location_34,6.26,4.43,2.21,751.68,0.016,0.03,0.0049,0.0233,0.0035,18.532872,73.900555
2/6/2024 20:00,Location_35,8,4.41,1.54,1420.47,0.0405,0.0257,0.0011,0.021,0.0032,18.734687,74.052846
2/6/2024 21:00,Location_36,6.45,9.64,8.89,1404.42,0.0345,0.0347,0.0008,0.0445,0.0026,18.686643,73.716096
2/6/2024 22:00,Location_37,7.63,7.04,3.76,389.62,0.0362,0.0028,0.0034,0.0219,0.0058,18.540065,74.068878
2/6/2024 23:00,Location_38,6.6,6.46,7,601.51,0.0349,0.0142,0.0031,0.0038,0.0034,18.693724,73.778523
2/7/2024 0:00,Location_39,6.25,8.87,0.74,309.16,0.0155,0.041,0.0095,0.0473,0.0015,18.776195,74.053695
2/7/2024 1:00,Location_40,6.61,9.01,7.06,813.98,0.005,0.004,0.0078,0.046,0.0014,18.437238,73.860345
2/7/2024 2:00,Location_41,7.81,5.99,3.5,744.82,0.0136,0.0428,0.0066,0.0342,0.0037,18.522442,74.033103
2/7/2024 3:00,Location_42,8.14,8.16,1.03,1361.06,0.0416,0.0046,0.0052,0.0234,0.0031,18.58533,73.968666
2/7/2024 4:00,Location_43,8.08,8.63,6.29,1402.01,0.049,0.0417,0.0017,0.0046,0,18.599196,73.770377
2/7/2024 5:00,Location_44,6.99,7.93,2.79,636.99,0.0247,0.018,0.0098,0.0395,0.005,18.616878,74.067219
2/7/2024 6:00,Location_45,7.67,4.91,4.17,788.43,0.0005,0.0306,0.0038,0.0038,0.0042,18.520251,73.798207
2/7/2024 7:00,Location_46,6.51,9.26,1.27,1354.73,0.007,0.0076,0.0011,0.0034,0.004,18.666904,73.797656
2/7/2024 8:00,Location_47,6.73,7.23,1.9,1229.39,0.0161,0.0033,0.0049,0.0269,0.0004,18.658034,74.025672
2/7/2024 9:00,Location_48,8.24,5.69,3.33,105.12,0.0289,0.0108,0.0087,0.008,0.0022,18.631129,73.742349
2/7/2024 10:00,Location_49,6.03,6.55,1.35,548.08,0.0038,0.0064,0.0089,0.0004,0.0056,18.445505,73.788814
2/7/2024 11:00,Location_50,6.21,4.23,9.15,690.48,0.0472,0.0156,0.0001,0.0212,0.0052,18.590787,73.901471
2/7/2024 12:00,Location_1,6.52,4.77,0.56,421.6,0.0183,0.0257,0.0089,0.0069,0.0017,18.542491,74.032191
2/7/2024 13:00,Location_2,6.07,8.59,5.1,379.4,0.0456,0.0294,0.0027,0.008,0.0009,18.596415,73.758994
2/7/2024 14:00,Location_3,6.45,4,1.67,152.9,0.039,0.0395,0.0004,0.0038,0.0027,18.768747,73.919067
2/7/2024 15:00,Location_4,7.46,6.5,3.42,1000.72,0.0378,0.0328,0.0085,0.0103,0.0021,18.592213,73.984496
2/7/2024 16:00,Location_5,7.05,7.14,9.3,467.51,0.0303,0.0304,0.0086,0.0358,0.0041,18.405592,74.044238
2/7/2024 17:00,Location_6,8.23,4.33,2.04,173.29,0.0313,0.0206,0.006,0.0404,0.0058,18.575535,74.074226
2/7/2024 18:00,Location_7,8.04,9.84,9.68,423.37,0.0319,0.0237,0.0057,0.0226,0.0022,18.728259,74.013856
2/7/2024 19:00,Location_8,6.85,5.36,2.46,1222.68,0.0314,0.0207,0.0081,0.0253,0.0004,18.712024,73.961131
2/7/2024 20:00,Location_9,6.65,5.83,7.54,1292.08,0.0277,0.0421,0.0079,0.0016,0.0054,18.605356,73.873448
2/7/2024 21:00,Location_10,6.95,5.82,5.69,776.29,0.0493,0.0115,0.0089,0.0035,0.0002,18.499908,73.744844
2/7/2024 22:00,Location_11,7.48,5.38,8.9,682.5,0.0366,0.0003,0.0055,0.0129,0.0057,18.586035,73.983895
2/7/2024 23:00,Location_12,6.67,4.01,5.76,1469,0.0388,0.0326,0.0097,0.0272,0.004,18.625481,74.097095
2/8/2024 0:00,Location_13,7.56,8.38,5.58,380.79,0.0436,0.0101,0.01,0.037,0.0057,18.799949,73.994704
2/8/2024 1:00,Location_14,7.02,9.8,2.36,401.5,0.0108,0.0445,0.0012,0.0303,0.0012,18.657671,73.706684
2/8/2024 2:00,Location_15,7.38,5.35,2.08,508.61,0.0042,0.043,0.0085,0.0196,0.0002,18.677706,73.898504
2/8/2024 3:00,Location_16,7.09,7.98,9.21,341.86,0.0241,0.0038,0.005,0.0059,0.0029,18.596582,73.945859
2/8/2024 4:00,Location_17,6.74,8.45,3.61,631.11,0.0257,0.0053,0.0039,0.039,0.0027,18.541796,73.97587
2/8/2024 5:00,Location_18,8.37,9.09,4.03,1375.17,0.0415,0.0248,0.0061,0.0182,0.002,18.725181,73.98789
2/8/2024 6:00,Location_19,7.91,6.54,7.72,961.49,0.0222,0.0305,0.0006,0.0368,0.0057,18.597973,73.923243
2/8/2024 7:00,Location_20,6.35,5.82,3.72,676.73,0.0285,0.0137,0.0051,0.0256,0.0049,18.797876,73.789344
2/8/2024 8:00,Location_21,8.17,5.95,9.54,1408.18,0.0264,0.0358,0.0087,0.0369,0.004,18.582848,74.07688
2/8/2024 9:00,Location_22,7.22,8.28,7.51,167.85,0.0019,0.0297,0.0021,0.0454,0.001,18.4272,73.978667
2/8/2024 10:00,Location_23,8.24,8.9,6.18,394.39,0.0308,0.0162,0.0043,0.0461,0.0044,18.673031,73.794736
2/8/2024 11:00,Location_24,8,5.09,8.87,892.24,0.0414,0.0013,0.0094,0.0268,0.0044,18.418657,73.828929
2/8/2024 12:00,Location_25,7.06,6.23,0.97,961.77,0.0079,0.0375,0.0043,0.0256,0.0026,18.500201,74.068771
2/8/2024 13:00,Location_26,6.06,9.41,2.94,155.38,0.0297,0.0107,0.0036,0.0133,0.0055,18.541495,74.054994
2/8/2024 14:00,Location_27,6.67,8.84,4.92,664.25,0.0297,0.0417,0.0044,0.0468,0.001,18.695793,73.862059
2/8/2024 15:00,Location_28,7.35,9.91,2.66,1008.82,0.0082,0.021,0.0052,0.0229,0.0016,18.597694,73.715323
2/8/2024 16:00,Location_29,7.58,8.53,7.57,1077.3,0.0062,0.0289,0.0063,0.0064,0.0004,18.411458,73.719399
2/8/2024 17:00,Location_30,6.64,6.36,9.23,993.4,0.049,0.0436,0.008,0.0216,0.0048,18.64674,73.813567
2/8/2024 18:00,Location_31,6.35,7.54,4.53,548.79,0.0197,0.0432,0.0045,0.0064,0.0037,18.564574,73.951649
2/8/2024 19:00,Location_32,8.09,7.97,3.75,230.93,0.0114,0.0186,0.0082,0.0251,0.0019,18.768734,73.933678
2/8/2024 20:00,Location_33,8.46,4.47,9.63,697.96,0.0086,0.0104,0.0053,0.0281,0.001,18.599825,73.953531
2/8/2024 21:00,Location_34,7.31,7.27,4.73,280.26,0.0334,0.0388,0.0034,0.0169,0.0002,18.68359,73.986913
2/8/2024 22:00,Location_35,6.43,8.26,5.15,1426.67,0.0305,0.0217,0.0066,0.0036,0.001,18.487547,73.707613
2/8/2024 23:00,Location_36,6.68,5,3.84,765.24,0.0322,0.0096,0.0072,0.0472,0.0027,18.704389,73.742034
2/9/2024 0:00,Location_37,6.05,8.68,9.14,544.16,0.0044,0.0452,0.0056,0.0387,0.0015,18.688382,73.843793
2/9/2024 1:00,Location_38,8.29,7.5,5.91,1172.83,0.0447,0.0099,0.0006,0.0419,0.0016,18.761633,73.761944
2/9/2024 2:00,Location_39,6.29,9.71,7.74,797.13,0.0195,0.0013,0.0017,0.0183,0.0053,18.413529,73.730128
2/9/2024 3:00,Location_40,7.44,4.25,8.21,534.05,0.0157,0.001,0.0029,0.038,0.0031,18.579,73.956386
2/9/2024 4:00,Location_41,6.69,5.59,3.75,1236.75,0.0231,0.0311,0.0028,0.0243,0.0044,18.671662,74.026135
2/9/2024 5:00,Location_42,7.39,7.61,4.62,1314.01,0.0195,0.0331,0.0067,0.0101,0.0002,18.438066,74.001051
2/9/2024 6:00,Location_43,7.63,5.78,8.56,1042.21,0.0432,0.0156,0.0002,0.0062,0.0022,18.564242,74.026816
2/9/2024 7:00,Location_44,8.07,8.29,3.95,165.75,0.0465,0.016,0.0076,0.0173,0.0029,18.776859,73.966343
2/9/2024 8:00,Location_45,6.52,8.55,8.04,892.85,0.0152,0.017,0.0027,0.0069,0.0011,18.574374,73.994138
2/9/2024 9:00,Location_46,6.03,4.62,9.44,1168.61,0.0432,0.034,0.0031,0.0499,0.0007,18.794162,73.808712
2/9/2024 10:00,Location_47,6.34,7.08,6.42,291.1,0.0391,0.0029,0.0053,0.0025,0.0052,18.422736,74.097203
2/9/2024 11:00,Location_48,8.25,7.05,7.55,420.14,0.0465,0.0465,0.0022,0.0221,0.0056,18.687132,73.773266
2/9/2024 12:00,Location_49,8.18,6.22,8.15,1335.49,0.0123,0.0111,0.0088,0.0226,0.0005,18.632406,73.785798
2/9/2024 13:00,Location_50,7.49,9.6,8.53,128.17,0.0288,0.05,0.0009,0.015,0.0021,18.600216,73.815569
2/9/2024 14:00,Location_1,7.5,8.97,4.25,1153.82,0.0137,0.0086,0.0044,0.0286,0.0057,18.788339,74.090133
2/9/2024 15:00,Location_2,7.66,8.18,0.99,763.28,0.0412,0.0386,0.0085,0.0075,0.0005,18.45186,74.095315
2/9/2024 16:00,Location_3,6.44,8.29,4.32,725.48,0.0003,0.0112,0.0062,0.0392,0.0039,18.7584,74.017957
2/9/2024 17:00,Location_4,8.29,6.77,6.9,109.94,0.0282,0.004,0.0029,0.0166,0.0058,18.676496,73.951623
2/9/2024 18:00,Location_5,7.05,9.53,4.78,1247.16,0.017,0.0437,0.0042,0.0296,0.0059,18.503598,73.908025
2/9/2024 19:00,Location_6,6.96,8.17,7.62,603.75,0.0161,0.0429,0.0071,0.0358,0.0028,18.760668,74.088248
2/9/2024 20:00,Location_7,7.3,8.37,3.89,857.07,0.0322,0.0202,0.0097,0.0445,0.001,18.571718,73.978249
2/9/2024 21:00,Location_8,6.12,9.17,6.53,1048.22,0.0426,0.0351,0.0089,0.0418,0.0012,18.725691,74.077892
2/9/2024 22:00,Location_9,6.42,5.64,2.27,1083.68,0.0305,0.0279,0.0034,0.0304,0.0053,18.555535,73.82662
2/9/2024 23:00,Location_10,7.85,8.84,7.62,1438.37,0.0427,0.0426,0.01,0.0194,0.0055,18.740372,73.83351
2/10/2024 0:00,Location_11,6.21,5.17,5.68,843.88,0.0132,0.0158,0,0.0252,0.0036,18.654652,74.04189
2/10/2024 1:00,Location_12,7.51,6.07,2.44,659.61,0.026,0.0262,0.0003,0.0384,0.0046,18.456419,73.759942
2/10/2024 2:00,Location_13,6.61,6.01,3.27,1435.19,0.0225,0.0243,0.0082,0.0439,0.0044,18.659865,74.078371
2/10/2024 3:00,Location_14,6.97,9.87,7.61,998.95,0.0006,0.0177,0.002,0.0052,0.004,18.476538,73.90299
2/10/2024 4:00,Location_15,6.72,9.14,5.08,517.41,0.0278,0.0446,0.0006,0.0192,0.005,18.564769,74.070566
2/10/2024 5:00,Location_16,6.89,8.21,2.55,277.05,0.0331,0.0083,0.0024,0.0388,0.0041,18.468118,73.834717
2/10/2024 6:00,Location_17,7.8,8.36,9.69,1279.58,0.0296,0.0075,0.0043,0.0216,0.0032,18.408806,73.986384
2/10/2024 7:00,Location_18,6.74,7.37,7.29,607.05,0.0368,0.0288,0.0073,0.0166,0.0014,18.484755,73.89315
2/10/2024 8:00,Location_19,7.42,9.68,9.59,1024.66,0.0286,0.0329,0.0062,0.0206,0.0045,18.614549,73.950721
2/10/2024 9:00,Location_20,7.19,6.98,4.56,759.14,0.0033,0.0097,0.0024,0.0301,0.0028,18.592624,73.901749
2/10/2024 10:00,Location_21,7.66,6.28,5.01,378.5,0.0058,0.0195,0.005,0.05,0.0018,18.600599,74.086846
2/10/2024 11:00,Location_22,8.34,4.98,9.03,942.36,0.0298,0.0473,0.0093,0.0246,0.0048,18.499075,73.976842
2/10/2024 12:00,Location_23,7.83,8.72,5.49,184.96,0.0137,0.0123,0.0082,0.0104,0.0042,18.674064,73.800528
2/10/2024 13:00,Location_24,6.54,8.41,7.22,678.68,0.004,0.0334,0.0032,0.0081,0.0056,18.681705,74.063871
2/10/2024 14:00,Location_25,6.08,6.31,2.9,865.26,0.0215,0.037,0.0098,0.0021,0.001,18.543187,73.817612
2/10/2024 15:00,Location_26,6.66,4.15,4.74,710.47,0.0277,0.0224,0.0071,0.0279,0.0039,18.752468,73.848642
2/10/2024 16:00,Location_27,7.49,9.03,1.67,1148.14,0.0164,0.0469,0.0006,0.0272,0.0015,18.657609,73.740849
2/10/2024 17:00,Location_28,6.13,4.07,2.46,1259.09,0.036,0.0368,0.0004,0.0103,0.0054,18.685216,74.059987
2/10/2024 18:00,Location_29,7.24,8.22,0.51,1179.74,0.0322,0.0229,0.0017,0.0348,0.0006,18.510936,73.814445
2/10/2024 19:00,Location_30,7.49,9.82,0.87,154.34,0.0166,0.0285,0.0073,0.0371,0.0039,18.400245,73.803567
2/10/2024 20:00,Location_31,6.84,6.63,9.78,371.78,0.0377,0.0346,0.0018,0.013,0.0047,18.74615,74.068105
2/10/2024 21:00,Location_32,7.93,5.41,2.8,851.25,0.0324,0.0296,0.0051,0.0172,0.0021,18.72897,74.022211
2/10/2024 22:00,Location_33,6.27,8.23,6.8,1408.75,0.0319,0.0439,0.0009,0.0495,0.0057,18.449277,73.756432
2/10/2024 23:00,Location_34,6.19,8.9,8.47,1268.94,0.0277,0.0178,0.0092,0.0187,0.0051,18.549642,74.00773
2/11/2024 0:00,Location_35,7.82,7.28,5.73,1279.55,0.0006,0.015,0.0034,0.038,0.0018,18.664536,74.065213
2/11/2024 1:00,Location_36,7.24,9.8,1.95,524.49,0.0348,0.0107,0.0091,0.0226,0,18.660844,73.731404
2/11/2024 2:00,Location_37,7.72,4.31,7.42,701.23,0.0188,0.0019,0.0094,0.0397,0.0018,18.74414,74.030086
2/11/2024 3:00,Location_38,7.09,7.03,6.2,758.99,0.0471,0.0022,0.0001,0.0385,0.0017,18.456107,73.918968
2/11/2024 4:00,Location_39,6.62,8.31,7.45,320.32,0.0409,0.0435,0.0046,0.0334,0.0053,18.571976,73.967679
2/11/2024 5:00,Location_40,8.05,9.18,7.81,143.5,0.0294,0.0339,0.0002,0.0427,0.0058,18.43889,73.897142
2/11/2024 6:00,Location_41,8,5.08,9.77,1425.66,0.0126,0.033,0.0091,0.047,0.0004,18.555838,73.979121
2/11/2024 7:00,Location_42,7.74,8.8,5.95,437,0.0102,0.0307,0.0052,0.029,0.0028,18.406043,73.713639
2/11/2024 8:00,Location_43,6.68,7.32,3.75,435.93,0.017,0.0425,0.0007,0.0119,0.0033,18.759309,74.005083
2/11/2024 9:00,Location_44,7.48,6.38,6.66,216.73,0.0238,0.024,0.0011,0.0199,0.0006,18.610818,73.713337
2/11/2024 10:00,Location_45,6.9,4.79,1.15,1399.91,0.0148,0.0435,0.0038,0.0379,0.0023,18.739921,73.88212
2/11/2024 11:00,Location_46,6.23,9.19,9.03,911.63,0.0257,0.018,0.0094,0.0325,0.0019,18.423962,73.760386
2/11/2024 12:00,Location_47,8.29,4.94,1.63,1033.85,0.0083,0.0463,0.0069,0.0089,0.0032,18.490983,74.02943
2/11/2024 13:00,Location_48,6.34,5.86,3.61,1376.21,0.0489,0.0349,0.0087,0.0026,0.004,18.503752,73.825464
2/11/2024 14:00,Location_49,8.38,5.74,8.25,583.87,0.0054,0.0129,0.0037,0.0341,0.0042,18.554677,73.881637
2/11/2024 15:00,Location_50,7.12,9.23,6.17,970.11,0.0466,0.0282,0.0004,0.0126,0.0008,18.721147,73.8715
2/11/2024 16:00,Location_1,6.46,8.04,4.24,154.32,0.0457,0.0267,0.0097,0.025,0.0049,18.554623,74.009001
2/11/2024 17:00,Location_2,7.35,8.78,5,361.48,0.0263,0.0069,0.0002,0.0373,0.0041,18.481861,73.892458
2/11/2024 18:00,Location_3,8.18,5.5,8.62,1263.74,0.0362,0.0296,0.0095,0.0281,0.0053,18.425996,74.015583
2/11/2024 19:00,Location_4,7.83,7.75,3.73,1173.48,0.0218,0.0157,0.0037,0.0042,0.0027,18.431797,73.729403
2/11/2024 20:00,Location_5,8.02,7.43,8.76,590.9,0.0315,0.0026,0.0001,0.0093,0.0054,18.704019,73.776638
2/11/2024 21:00,Location_6,7.65,9,1.34,627.53,0.017,0.0474,0.0069,0.011,0.0052,18.577921,73.920614
2/11/2024 22:00,Location_7,7.73,9.44,7.88,846.98,0.0151,0.0321,0.0098,0.0129,0.0026,18.690472,74.078835
2/11/2024 23:00,Location_8,8.12,4.07,8.55,100.34,0.0289,0.0438,0.0097,0.0283,0.0023,18.672915,73.729903
2/12/2024 0:00,Location_9,6.62,8.04,2.23,437.74,0.0249,0.0338,0.0016,0.0252,0.0056,18.454145,73.717234
2/12/2024 1:00,Location_10,7.22,4.31,4.59,391.52,0.029,0.0178,0.0018,0.0102,0.0043,18.457155,73.76262
2/12/2024 2:00,Location_11,6.55,7.29,2.07,450.68,0.0143,0.0256,0.0057,0.0034,0.0056,18.702137,73.956461
2/12/2024 3:00,Location_12,8.47,5.73,7.21,1228.27,0.0183,0.0338,0.0064,0.0086,0.0048,18.688507,73.859597
2/12/2024 4:00,Location_13,8.36,5.84,5.59,491.54,0.0042,0.048,0.0074,0.0492,0.0037,18.551212,74.030221
2/12/2024 5:00,Location_14,6.1,6.12,6.54,368.13,0.0026,0.0127,0.0018,0.0234,0.0007,18.430969,73.728773
2/12/2024 6:00,Location_15,7.76,7.73,2.37,805.97,0.0127,0.0437,0.0096,0.0434,0.0017,18.404839,73.778566
2/12/2024 7:00,Location_16,8.31,6,2.51,1311.9,0.0037,0.0462,0.0064,0.0424,0.0058,18.515263,73.820011
2/12/2024 8:00,Location_17,6.45,8.4,0.89,437.89,0.0052,0.0335,0.0085,0.0256,0.0019,18.403689,73.950692
2/12/2024 9:00,Location_18,7.42,6.43,3.56,209.95,0.0406,0.0466,0.0054,0.0353,0.0006,18.492029,73.974069
2/12/2024 10:00,Location_19,8.29,4.41,5.82,598.97,0.0019,0.0199,0.0041,0.0096,0.0042,18.5678,73.749681
2/12/2024 11:00,Location_20,6.08,8.7,8.65,1146.71,0.0329,0.0477,0.0098,0.0344,0.0044,18.448566,74.077522
2/12/2024 12:00,Location_21,7.74,5.71,6.84,870.97,0.0136,0.0351,0.0058,0.0136,0.0017,18.441711,73.836418
2/12/2024 13:00,Location_22,6.74,6.6,4.64,1243.51,0.0436,0.0021,0.0087,0.0416,0.0018,18.758575,73.985268
2/12/2024 14:00,Location_23,8.31,8.11,9.55,1443.43,0.0242,0.0453,0.0095,0.0042,0.0028,18.634188,73.909683
2/12/2024 15:00,Location_24,8.43,5.99,7.33,1209.73,0.0153,0.0242,0.0068,0.0387,0.0001,18.773782,73.789103
2/12/2024 16:00,Location_25,8.36,4.34,9.34,945.32,0.0259,0.023,0.0055,0.005,0.0047,18.53833,74.038491
2/12/2024 17:00,Location_26,7.19,6.24,5.51,790.68,0.0191,0.0283,0,0.0441,0.0019,18.670858,74.027295
2/12/2024 18:00,Location_27,8.16,9.67,2.96,156.1,0.0282,0.0075,0.0004,0.0152,0.0051,18.481877,73.858429
2/12/2024 19:00,Location_28,8.11,7.85,1,1478.05,0.0057,0.0235,0.002,0.0327,0.0048,18.647336,73.935443
2/12/2024 20:00,Location_29,6.8,8.03,7.4,636.87,0.0498,0.0416,0.0019,0.0244,0.004,18.451834,73.80313
2/12/2024 21:00,Location_30,8.07,7.79,1.65,313.12,0.0213,0.0008,0.0025,0.0183,0.0019,18.400832,73.975941
2/12/2024 22:00,Location_31,6.09,5.19,3.38,1033.39,0.0174,0.0136,0.003,0.0323,0.0031,18.772613,73.823611
2/12/2024 23:00,Location_32,7.49,6.51,5.56,498,0.0355,0.0001,0.0036,0.0474,0.0027,18.621958,74.037631
2/13/2024 0:00,Location_33,6.58,8.51,5.86,920.09,0.0182,0.0208,0.0042,0.0021,0.002,18.770776,73.786954
2/13/2024 1:00,Location_34,6.3,4.61,6.21,921.48,0.0417,0.0364,0.001,0.0459,0.0051,18.533533,73.705921
2/13/2024 2:00,Location_35,6.19,5.67,2.08,724.02,0.0227,0.0399,0.0004,0.0305,0.0029,18.531114,73.807403
2/13/2024 3:00,Location_36,7.74,5.66,4.11,1270.57,0.036,0.0473,0.0067,0.0404,0.005,18.560262,73.776421
2/13/2024 4:00,Location_37,6.85,6.59,6.36,470.95,0.0054,0.0304,0.0054,0.0192,0.0006,18.682416,73.903315
2/13/2024 5:00,Location_38,7.81,9.88,9.71,728.09,0.0423,0.0127,0.0044,0.0236,0.0008,18.626323,73.781481
2/13/2024 6:00,Location_39,6.16,4.41,7.41,852.77,0.0368,0.0462,0.0063,0.0434,0.0059,18.770142,74.005276
2/13/2024 7:00,Location_40,6.79,7.11,9.26,1029.07,0.0106,0.0388,0.0083,0.0207,0.0035,18.410176,73.796548
2/13/2024 8:00,Location_41,7.35,5.08,7.74,1197.56,0.0073,0.0287,0.0043,0.0267,0.0031,18.683278,73.982787
2/13/2024 9:00,Location_42,7.98,9.82,6.12,652.73,0.0158,0.0348,0.0064,0.001,0.0031,18.532131,73.931388
2/13/2024 10:00,Location_43,6.8,4.68,2.32,1004.47,0.0488,0.0462,0.0095,0.0079,0.0013,18.472093,74.0945
2/13/2024 11:00,Location_44,7.56,6.42,6.83,310.86,0.0128,0.0356,0.0084,0.0321,0.0043,18.604158,74.09996
2/13/2024 12:00,Location_45,8.21,8.43,6.42,1405.71,0.0228,0.0184,0.0043,0.0358,0.0005,18.602026,74.04781
2/13/2024 13:00,Location_46,7.54,8.23,6.22,636.28,0.0015,0.0357,0.0064,0.0291,0.0034,18.454804,74.003993
2/13/2024 14:00,Location_47,6.58,6.54,5.15,1121.33,0.0199,0.002,0.0018,0.0072,0.0034,18.480758,73.854583
2/13/2024 15:00,Location_48,6.06,6.08,5.52,128.48,0.0286,0.0193,0.0056,0.0223,0.0055,18.563266,74.001311
2/13/2024 16:00,Location_49,8.18,6.39,3.68,387.26,0.0477,0.0203,0.0098,0.0178,0.0032,18.563525,74.08267
2/13/2024 17:00,Location_50,6.05,5.59,5.43,781.92,0.0258,0.0083,0.0052,0.0248,0.0008,18.527023,73.709351
2/13/2024 18:00,Location_1,8.19,5.23,2.38,1329.55,0.041,0.0012,0.0093,0.0435,0.0034,18.459418,73.915166
2/13/2024 19:00,Location_2,7.32,6.9,8.15,838.16,0.0274,0.0067,0.0041,0.0388,0.0005,18.401749,73.787199
2/13/2024 20:00,Location_3,8.35,5.61,2.26,1401.82,0.002,0.0327,0.01,0.0042,0.0012,18.788094,73.923151
2/13/2024 21:00,Location_4,8,5.72,1.31,777.32,0.0158,0.0401,0.0058,0.0445,0.0002,18.7774,73.886579
2/13/2024 22:00,Location_5,8.49,7.94,4.64,786.63,0.0288,0.0494,0.0004,0.0236,0.0031,18.59346,73.930307
2/13/2024 23:00,Location_6,6.88,9.81,6.75,267.65,0.0475,0.0173,0.0059,0.0372,0.0005,18.798021,73.920385
2/14/2024 0:00,Location_7,7.92,7.62,4.66,1223.72,0.043,0.03,0.0027,0.007,0.0028,18.669462,74.084043
2/14/2024 1:00,Location_8,7,4.46,3.13,445.75,0.0114,0.0469,0.0003,0.0335,0.0056,18.427543,73.920874
2/14/2024 2:00,Location_9,7.2,4.45,5.8,1359.46,0.011,0.0084,0.0082,0.0118,0.0043,18.447087,74.038493
2/14/2024 3:00,Location_10,7.57,9.71,3.8,1375.15,0.0101,0.0359,0.0028,0.0219,0.0005,18.766444,73.827928
2/14/2024 4:00,Location_11,8.18,5.78,9.36,1420.63,0.0461,0.0377,0.008,0.0008,0.0013,18.652021,73.87524
2/14/2024 5:00,Location_12,8.46,4.55,9.27,828.32,0.0426,0.0044,0.0029,0.0076,0.004,18.737273,73.888165
2/14/2024 6:00,Location_13,7.92,7.59,5.27,1047.93,0.0387,0.0431,0.0019,0.0046,0.0054,18.759308,73.811491
2/14/2024 7:00,Location_14,7.04,7.74,3.61,1189.92,0.0196,0.0407,0.0097,0.012,0.0002,18.579177,73.851916
2/14/2024 8:00,Location_15,7.05,7.89,7.5,283.42,0.0252,0.0017,0.0036,0.005,0.0049,18.41941,73.939405
2/14/2024 9:00,Location_16,7.84,5.6,0.85,941.34,0.0232,0.0046,0.006,0.0346,0.0034,18.475312,73.932075
2/14/2024 10:00,Location_17,6.6,4.09,5.01,148.02,0.0127,0.0025,0.0061,0.0015,0.0033,18.426629,73.954574
2/14/2024 11:00,Location_18,6.28,9.79,3.7,796.59,0.0253,0.0167,0.0056,0.0309,0.0057,18.475496,73.840727
2/14/2024 12:00,Location_19,6.89,5.51,9.25,316.78,0.0015,0.0255,0.0091,0.007,0.0045,18.564213,73.826333
2/14/2024 13:00,Location_20,6.72,8.06,0.61,356.09,0.0066,0.0266,0.0067,0.0473,0.0051,18.447279,73.944647
2/14/2024 14:00,Location_21,6.74,8.24,5.75,611.07,0.0443,0.0134,0.004,0.0467,0.0021,18.466693,73.753145
2/14/2024 15:00,Location_22,6.58,7.66,7.54,705.41,0.0376,0.0456,0.0086,0.0113,0.0033,18.578329,73.801213
2/14/2024 16:00,Location_23,6.11,5.88,5.11,972.44,0.0211,0.0184,0.0018,0.0307,0.0037,18.536068,73.716851
2/14/2024 17:00,Location_24,6.04,5.63,1.31,204.2,0.0259,0.0023,0.0054,0.0014,0.0019,18.587063,73.729044
2/14/2024 18:00,Location_25,8.47,7.59,9.74,805.17,0.0185,0.015,0.0095,0.0466,0.0034,18.571669,73.797353
2/14/2024 19:00,Location_26,7.07,9.2,5.42,355.68,0.037,0.0266,0.0063,0.0261,0.0014,18.657791,73.707812
2/14/2024 20:00,Location_27,6.96,9.68,6.33,903.57,0.0392,0.0204,0.0082,0.0022,0.0009,18.774876,73.798164
2/14/2024 21:00,Location_28,7.7,4.64,2.75,992.37,0.0382,0.0137,0.0065,0.0171,0.0022,18.443146,73.961991
2/14/2024 22:00,Location_29,6.55,4.93,5.09,879.39,0.0361,0.0066,0.0084,0.0038,0.0044,18.439704,73.724443
2/14/2024 23:00,Location_30,8.37,9.67,4.58,1133.61,0.0102,0.041,0.0094,0.0196,0.0055,18.741122,73.874695
2/15/2024 0:00,Location_31,7.97,8.42,1.21,569.85,0.0169,0.0498,0.0027,0.0335,0.0027,18.602559,74.065244
2/15/2024 1:00,Location_32,6.22,9.3,1.51,1171.15,0.0235,0.0165,0.0017,0.0235,0.0039,18.706562,74.016514
2/15/2024 2:00,Location_33,7.04,5.22,8.46,705.87,0.0165,0.0191,0.0048,0.0192,0.0006,18.486169,73.822175
2/15/2024 3:00,Location_34,8.2,7.53,2.78,777.86,0.0377,0.0309,0.007,0.006,0.0054,18.731545,74.069922
2/15/2024 4:00,Location_35,8.36,8.21,2.35,1007.34,0.0165,0.0359,0.0023,0.0122,0.0034,18.769539,73.831859
2/15/2024 5:00,Location_36,7.17,8.08,5.3,125.7,0.0069,0.0196,0,0.005,0.0047,18.654193,73.729006
2/15/2024 6:00,Location_37,7.53,6.45,7.8,1015.59,0.02,0.0452,0.0034,0.0404,0.0048,18.442352,74.097622
2/15/2024 7:00,Location_38,6.42,4.09,1.09,966.02,0.049,0.028,0.0097,0.0068,0.0015,18.758118,74.048009
2/15/2024 8:00,Location_39,8.48,7.5,5.98,533.79,0.0113,0.0225,0.0069,0.0298,0.0032,18.716995,73.886373
2/15/2024 9:00,Location_40,6.58,5.52,1.63,220.11,0.0306,0.0323,0.004,0.0171,0.0058,18.700351,73.966551
2/15/2024 10:00,Location_41,8.36,6.7,0.85,227.31,0.0216,0.0476,0.0019,0.0113,0.0005,18.414691,73.968491
2/15/2024 11:00,Location_42,7.62,9.75,1,1392.51,0.0036,0.0397,0.0036,0.032,0.0041,18.719585,73.777793
2/15/2024 12:00,Location_43,7.52,6.39,8.42,1064.99,0.0244,0.002,0.0017,0.0229,0.0058,18.45518,73.780019
2/15/2024 13:00,Location_44,7.28,9.04,1.62,277.94,0.0351,0.0166,0.0011,0.02,0.0018,18.488954,73.887832
2/15/2024 14:00,Location_45,6.58,5.13,0.93,599.41,0.0257,0.0235,0.0091,0.0296,0.0052,18.630854,74.064629
2/15/2024 15:00,Location_46,6.44,8.03,4.66,929.48,0.0436,0.0157,0.01,0.0246,0.0056,18.505992,73.703998
2/15/2024 16:00,Location_47,6.55,9.86,8.52,1269.8,0.0144,0.035,0.0016,0.0152,0.0045,18.664539,74.013002
2/15/2024 17:00,Location_48,6.47,4.61,2.99,161.13,0.0043,0.0413,0.0005,0.028,0.0014,18.643228,73.723011
2/15/2024 18:00,Location_49,7.95,4.05,4.51,431.29,0.0468,0.0366,0.0033,0.0335,0.002,18.44326,73.891289
2/15/2024 19:00,Location_50,6.88,6.6,0.88,1345.65,0.0189,0.0495,0.0046,0.0013,0.0002,18.662406,73.955149
2/15/2024 20:00,Location_1,6.14,4.56,4.77,112.83,0.0288,0.0136,0.002,0.0233,0.005,18.769582,73.974704
2/15/2024 21:00,Location_2,8.42,8.49,5.99,381.96,0.0396,0.0437,0.003,0.0029,0.0051,18.464444,73.723392
2/15/2024 22:00,Location_3,8.21,9.49,5.92,1442.63,0.0162,0.0383,0.002,0.0093,0.0038,18.638825,73.867441
2/15/2024 23:00,Location_4,8.32,6.6,3.66,958.76,0.0358,0.0181,0.0077,0.028,0.0021,18.536746,73.933535
2/16/2024 0:00,Location_5,8.49,5.55,3.5,466.34,0.0068,0.0367,0.0071,0.0433,0.0005,18.583845,73.726418
2/16/2024 1:00,Location_6,6.43,6.61,1.51,193.79,0.0146,0.0052,0.0063,0.0441,0.0045,18.5148,73.754038
2/16/2024 2:00,Location_7,6.99,8.34,3.98,139.47,0.0072,0.0395,0.0039,0.0035,0.0044,18.541652,73.96546
2/16/2024 3:00,Location_8,7.9,4.05,1.45,442.64,0.0406,0.0266,0.0091,0.021,0.0055,18.411565,73.908655
2/16/2024 4:00,Location_9,7.74,7.54,7.78,1334.08,0.0111,0.0146,0.0097,0.0292,0.0044,18.792621,73.764731
2/16/2024 5:00,Location_10,6.38,7.68,9.68,682.28,0.0359,0.0328,0.0017,0.0074,0.005,18.64992,73.914096
2/16/2024 6:00,Location_11,8.04,7.83,9.72,1108.47,0.0472,0.0321,0.0022,0.0383,0.0045,18.600282,74.065077
2/16/2024 7:00,Location_12,6.56,5.45,8.72,1385.6,0.0264,0.0105,0.0053,0.0372,0.0038,18.553486,73.706235
2/16/2024 8:00,Location_13,6.56,8.28,6.21,671.26,0.027,0.0015,0.0009,0.0452,0.0026,18.61575,73.957054
2/16/2024 9:00,Location_14,7.34,4.55,7.16,367.79,0.0231,0.0217,0.0044,0.0004,0.0054,18.552042,73.72946
2/16/2024 10:00,Location_15,7.48,5.2,3.21,823.97,0.0163,0.0285,0.0058,0.0108,0.0039,18.543963,73.70258
2/16/2024 11:00,Location_16,7.45,9.26,6.49,1371.32,0.0238,0.0438,0.0052,0.0414,0.0024,18.585579,73.760262
2/16/2024 12:00,Location_17,6.23,8.43,4.83,1226.12,0.0301,0.0464,0.0033,0.0335,0.0005,18.510393,73.869163
2/16/2024 13:00,Location_18,8.19,4.08,5.08,192.16,0.0493,0.0264,0.0054,0.0447,0.0017,18.47202,74.020938
2/16/2024 14:00,Location_19,6.66,5.49,7.7,1069.6,0.0469,0.0377,0.0096,0.0029,0.0033,18.622642,73.812714
2/16/2024 15:00,Location_20,6.32,5.29,3.18,900.66,0.0431,0.022,0.0021,0.0298,0.0017,18.737106,73.950269
2/16/2024 16:00,Location_21,8.22,5.62,3.52,1370.45,0.0445,0.0373,0.0065,0.0285,0.0013,18.461131,73.864463
2/16/2024 17:00,Location_22,8.39,5.49,9.28,271.47,0.0234,0.0102,0.0004,0.0018,0.0032,18.413094,73.793733
2/16/2024 18:00,Location_23,8.16,4.38,1.03,847.65,0.0329,0.0186,0.0007,0.0257,0.001,18.498725,73.905699
2/16/2024 19:00,Location_24,8.02,6.75,5.11,1331.25,0.0448,0.0317,0.0055,0.0305,0.0048,18.791888,74.018986
2/16/2024 20:00,Location_25,7.64,8.4,9.17,674.03,0.0196,0.0009,0.001,0.0096,0.0029,18.731503,74.032997
2/16/2024 21:00,Location_26,7.38,7.64,6.3,774.79,0.0481,0.0361,0.0002,0.0137,0.0034,18.638346,74.038608
2/16/2024 22:00,Location_27,6.22,8.04,5.69,198.64,0.0208,0.0418,0.0017,0.032,0.0009,18.7717,73.835423
2/16/2024 23:00,Location_28,7.02,4.49,2.87,489.4,0.0301,0.02,0.0056,0.0234,0.0019,18.578112,74.017382
2/17/2024 0:00,Location_29,6.93,9.71,3.76,554.31,0.0355,0.0224,0.007,0.0429,0.0025,18.793312,73.784871
2/17/2024 1:00,Location_30,6.65,9.03,8.59,1423.17,0.0475,0.0426,0.002,0.0171,0.0048,18.518521,73.99537
2/17/2024 2:00,Location_31,7.81,8.83,5.81,495.73,0.0122,0.0388,0.0067,0.0133,0.0046,18.496122,74.079354
2/17/2024 3:00,Location_32,7.24,8.94,5.39,745.22,0.0373,0.0144,0.0018,0.0492,0.0013,18.655219,73.705498
2/17/2024 4:00,Location_33,6.2,9.6,1.45,1039.83,0.026,0.0162,0.0061,0.0456,0.0037,18.551262,73.876146
2/17/2024 5:00,Location_34,6.55,7.27,0.65,327.06,0.0134,0.0339,0.0041,0.0014,0.0015,18.650546,73.959108
2/17/2024 6:00,Location_35,7.71,5.2,9.66,781.02,0.0388,0.0282,0.0065,0.0385,0.0059,18.521998,73.98071
2/17/2024 7:00,Location_36,6.19,7.7,4.08,1133.95,0.0276,0.0081,0.01,0.0055,0.0057,18.647167,73.770435
2/17/2024 8:00,Location_37,8.13,8.46,6.23,1313.6,0.033,0.0155,0.0094,0.0014,0.0034,18.510299,74.088873
2/17/2024 9:00,Location_38,7.24,8.43,1.26,976.76,0.0161,0.045,0,0.0137,0.0042,18.420389,73.946106
2/17/2024 10:00,Location_39,7.2,7.13,6.99,1036.67,0.0241,0.0344,0.0089,0.0135,0.0048,18.764854,73.765736
2/17/2024 11:00,Location_40,7.48,4.41,9.36,276.8,0.0309,0.0493,0.0007,0.041,0.0043,18.753282,73.708209
2/17/2024 12:00,Location_41,8.06,6.23,5.97,1424.09,0.0202,0.0384,0.0095,0.0355,0.0042,18.788319,74.013306
2/17/2024 13:00,Location_42,6.87,9.52,1.7,285.6,0.0099,0.0471,0.0028,0.0491,0.0058,18.686611,73.731882
2/17/2024 14:00,Location_43,7.7,7.51,6.03,1184.54,0.0481,0.0108,0.0038,0.0356,0.0036,18.673088,73.75642
2/17/2024 15:00,Location_44,7.41,7.23,7.78,470.74,0.0256,0.0386,0.0009,0.0209,0.0038,18.623601,73.929932
2/17/2024 16:00,Location_45,6.67,5.61,4.36,1407.03,0.0367,0.001,0.0011,0.0349,0.0051,18.450377,73.941402
2/17/2024 17:00,Location_46,8.2,6.21,8.86,1107.94,0.0206,0.0335,0.0073,0.05,0.004,18.475694,73.974755
2/17/2024 18:00,Location_47,7.99,9.37,6.66,1155.34,0.0178,0.0235,0.0094,0.0355,0.0044,18.515788,73.857406
2/17/2024 19:00,Location_48,7.65,8,9.04,406.68,0.0204,0.0173,0.0061,0.0381,0.0014,18.756063,74.009559
2/17/2024 20:00,Location_49,8.13,8.72,6.42,720.26,0.0205,0.0431,0.0072,0.0469,0.0022,18.469188,74.089743
2/17/2024 21:00,Location_50,8.17,6.73,1.75,964.94,0.0272,0.0427,0.0076,0.0057,0.0009,18.769149,73.808438
2/17/2024 22:00,Location_1,7.77,7.78,3.44,1177.96,0.0272,0.0011,0.0026,0.0352,0.003,18.609114,73.981211
2/17/2024 23:00,Location_2,8.09,5.49,2.42,245.54,0.0249,0.0305,0.0005,0.0425,0.0027,18.686228,74.071387
2/18/2024 0:00,Location_3,7.74,8.23,9.13,1447.31,0.0067,0.0184,0,0.0477,0.006,18.444098,73.974515
2/18/2024 1:00,Location_4,7.7,6.57,7.72,1346.31,0.0248,0.0208,0.0035,0.0105,0.0037,18.507613,73.972444
2/18/2024 2:00,Location_5,7.55,6.66,6.93,478.49,0.0085,0.0416,0.0024,0.0252,0.0047,18.783407,73.789509
2/18/2024 3:00,Location_6,7.88,7.9,3.36,1251.86,0.0063,0.0155,0.0006,0.034,0.002,18.50646,73.914052
2/18/2024 4:00,Location_7,6.4,9.62,2.25,825.65,0.0466,0.0472,0.0018,0.0124,0.005,18.518609,73.925009
2/18/2024 5:00,Location_8,8.2,4.38,7.69,746.53,0.0302,0.009,0.0012,0.03,0.0037,18.479039,73.980052
2/18/2024 6:00,Location_9,8.18,8.95,5,540.21,0.033,0.0331,0.0091,0.0129,0.0042,18.451629,74.098729
2/18/2024 7:00,Location_10,6.07,5.75,2.65,913.36,0.0201,0.0336,0.0014,0.0167,0.0018,18.493303,73.713458
2/18/2024 8:00,Location_11,8.06,6.66,6.36,1121.84,0.0454,0.0126,0.0054,0.0221,0.0033,18.656931,73.726093
2/18/2024 9:00,Location_12,6.32,4.13,0.88,675.31,0.0319,0.0162,0.0059,0.0265,0.0038,18.582147,73.73118
2/18/2024 10:00,Location_13,6.84,5.81,3.6,980.91,0.0385,0.0417,0.0054,0.0225,0.0035,18.621502,73.997192
2/18/2024 11:00,Location_14,7.86,7.02,4.95,1079.04,0.0184,0.0381,0.001,0.0247,0.0055,18.448946,73.754542
2/18/2024 12:00,Location_15,6.4,4.34,1.91,1095.57,0.048,0.0165,0.0032,0.0149,0.0054,18.720847,73.948981
2/18/2024 13:00,Location_16,8.04,6.95,9.85,172.75,0.041,0.0267,0.0005,0.0079,0.0058,18.713638,73.829868
2/18/2024 14:00,Location_17,8.08,9.56,2.49,1303.65,0.0427,0.0031,0.004,0.0024,0.004,18.408636,73.882928
2/18/2024 15:00,Location_18,7.27,4.63,1.74,741.55,0.0086,0.0104,0.0019,0.0098,0.0058,18.553406,73.786265
2/18/2024 16:00,Location_19,6.02,8.59,2.43,467.38,0.0135,0.0243,0.0056,0.0291,0.005,18.427508,74.046443
2/18/2024 17:00,Location_20,6.72,6.46,7.81,438.47,0.0143,0.0043,0.0069,0.0393,0.0016,18.716842,73.93446
2/18/2024 18:00,Location_21,7.54,7.93,4.54,776.22,0.0135,0.0422,0.0053,0.0085,0.0026,18.694908,74.077825
2/18/2024 19:00,Location_22,8.45,5.56,5.87,1341.56,0.0428,0.0359,0.0043,0.0054,0.0014,18.760795,73.929838
2/18/2024 20:00,Location_23,7.58,4.96,0.7,629.69,0.0016,0.0472,0.0039,0.0375,0,18.494562,73.749563
2/18/2024 21:00,Location_24,6.65,4.96,0.83,1149.62,0.0038,0.0347,0.0084,0.0153,0.0011,18.582518,73.768348
2/18/2024 22:00,Location_25,7.59,4.42,4.74,235.55,0.0137,0.047,0.0022,0.0476,0,18.473795,74.09563
2/18/2024 23:00,Location_26,7.35,5.11,8.26,766.48,0.01,0.0277,0.0073,0.0357,0.0043,18.548494,73.990226
2/19/2024 0:00,Location_27,7.95,7.99,8.91,1488.36,0.0116,0.03,0.0076,0.0163,0.0026,18.608897,73.719712
2/19/2024 1:00,Location_28,6.27,9.29,1.32,1178.61,0.0399,0.0488,0.0042,0.0145,0.0019,18.421332,73.981512
2/19/2024 2:00,Location_29,7.9,8.88,5.61,394.74,0.0282,0.0321,0.003,0.0262,0.0046,18.685948,73.864869
2/19/2024 3:00,Location_30,7.35,8.11,9.18,802.02,0.0003,0.0015,0.0047,0.004,0.005,18.617317,73.822883
2/19/2024 4:00,Location_31,8.41,4.66,4.19,427.07,0.0215,0.0362,0.0009,0.0059,0.0059,18.731584,73.761624
2/19/2024 5:00,Location_32,6.85,5.74,8.38,673.39,0.0204,0.0453,0.0005,0.0088,0.0039,18.508712,74.035962
2/19/2024 6:00,Location_33,7.58,5.86,1.77,1192.12,0.0057,0.0398,0.0011,0.0387,0.0028,18.761328,73.725537
2/19/2024 7:00,Location_34,8.33,5.5,9.39,1179.71,0.0338,0.0292,0.0019,0.0257,0.0018,18.799478,73.815934
2/19/2024 8:00,Location_35,6.26,7.09,7.64,419.34,0.0351,0.0336,0.005,0.0005,0.0013,18.767719,73.822553
2/19/2024 9:00,Location_36,8.34,7.21,9.44,1391.11,0.036,0.0495,0.0085,0.0337,0.0013,18.711157,73.764362
2/19/2024 10:00,Location_37,7.72,6.14,6.93,929.6,0.0364,0.0045,0.0024,0.0212,0.0025,18.724948,73.903274
2/19/2024 11:00,Location_38,6.17,6.12,3.95,631.89,0,0.0334,0.0094,0.0255,0.006,18.629498,73.704681
2/19/2024 12:00,Location_39,6.75,8.97,9.41,802.71,0.0477,0.0142,0.0095,0.0107,0,18.476062,73.82039
2/19/2024 13:00,Location_40,7.77,8.74,3.12,947.1,0.0407,0.032,0.0096,0.0276,0.0012,18.670816,74.073452
2/19/2024 14:00,Location_41,6.17,5.85,3.66,883.85,0.0452,0.0304,0.0084,0.049,0.0011,18.685101,73.824212
2/19/2024 15:00,Location_42,7.46,9.48,7.16,780.97,0.0008,0.0077,0.0036,0.0037,0.0043,18.794154,73.844184
2/19/2024 16:00,Location_43,6.86,9.72,7.77,806.91,0.0467,0.0103,0.0007,0.0142,0.0021,18.616521,73.889266
2/19/2024 17:00,Location_44,7.55,5.96,9.33,346.98,0.0405,0.0311,0.0057,0.0121,0.0027,18.508548,73.924677
2/19/2024 18:00,Location_45,6.11,6.13,2.45,1237.83,0.0419,0.0064,0.0056,0.0124,0.0009,18.673469,74.023483
2/19/2024 19:00,Location_46,8.18,7.03,8.08,858.46,0.0047,0.0133,0.0085,0.0189,0.0024,18.79175,73.776128
2/19/2024 20:00,Location_47,8.43,9.65,7.52,283.51,0.0369,0.0418,0.01,0.0409,0.0006,18.470886,74.048699
2/19/2024 21:00,Location_48,8.42,9.26,1.11,1172.62,0.048,0.0164,0.0051,0.0456,0.0032,18.530399,74.00302
2/19/2024 22:00,Location_49,7.87,4.62,4.18,1405.42,0.0339,0.0244,0.0035,0.0101,0.0006,18.616752,73.98906
2/19/2024 23:00,Location_50,6.33,6.36,3.19,1426.23,0.0285,0.0471,0.0019,0.0271,0.0047,18.468086,73.734722
2/20/2024 0:00,Location_1,7.9,7.32,3.39,616.62,0.0473,0.0114,0,0.0318,0.0034,18.408888,73.708656
2/20/2024 1:00,Location_2,6.06,7.02,9.84,289.72,0.0221,0.0195,0.0051,0.0261,0.0043,18.534793,73.937605
2/20/2024 2:00,Location_3,6.06,5.16,6.61,825.76,0.03,0.0303,0.0056,0.0217,0.0025,18.746148,74.045254
2/20/2024 3:00,Location_4,6.81,9.15,7.32,257.65,0.0238,0.0378,0.0082,0.0096,0.0023,18.417387,73.933777
2/20/2024 4:00,Location_5,7.22,8.06,9.78,1407.58,0.0466,0.0451,0.005,0.0244,0.0006,18.571572,73.785294
2/20/2024 5:00,Location_6,7.93,9.03,4.08,357.01,0.0038,0.0458,0.0092,0.0201,0.0031,18.70488,73.736208
2/20/2024 6:00,Location_7,7.71,9.15,8.12,453.87,0.0251,0.0388,0.0063,0.0398,0.0031,18.781273,73.979839
2/20/2024 7:00,Location_8,7.11,8.49,4.63,669.29,0.0343,0.0114,0.0084,0.0382,0.0028,18.79419,73.988708
2/20/2024 8:00,Location_9,6.68,6.64,8.76,636.43,0.0396,0.0012,0.0015,0.0067,0.0044,18.568788,73.769013
2/20/2024 9:00,Location_10,8.49,7.66,2.22,1212.53,0.0292,0.0192,0.0086,0.0044,0.005,18.780154,73.711276
2/20/2024 10:00,Location_11,7.07,4.96,9.5,738.84,0.0454,0.0071,0.0068,0.0454,0.0045,18.414168,73.863313
2/20/2024 11:00,Location_12,7.13,8.04,2.58,339.08,0.0471,0.0355,0.0017,0.0268,0.0009,18.698367,73.933087
2/20/2024 12:00,Location_13,6.41,5.08,3.6,474.09,0.0032,0.0331,0.0019,0.0429,0.0037,18.657098,73.982401
2/20/2024 13:00,Location_14,7.99,8.16,7.68,812.76,0.0201,0.0022,0.0093,0.0029,0.0005,18.499809,74.023978
2/20/2024 14:00,Location_15,7.73,5.38,4.24,306.44,0.0012,0.0418,0.0003,0.0263,0.0042,18.602927,73.944215
2/20/2024 15:00,Location_16,6.55,4.71,6.28,956.32,0.0165,0.0124,0.0046,0.027,0.0023,18.451821,73.744352
2/20/2024 16:00,Location_17,6.21,4.99,4.72,892.05,0.0268,0.0216,0.0031,0.043,0.0008,18.748639,73.973033
2/20/2024 17:00,Location_18,7.7,4.01,7.55,1100.58,0.0455,0.0334,0.0067,0.0049,0.0052,18.543159,74.093671
2/20/2024 18:00,Location_19,7.64,8.31,2.67,1412.79,0.0423,0.0215,0.0084,0.012,0.0037,18.650418,74.062234
2/20/2024 19:00,Location_20,6.68,8.39,1.06,1377.16,0.0064,0.0221,0.0036,0.0203,0.0021,18.463511,74.048668
2/20/2024 20:00,Location_21,8.38,7.09,3.35,1424.51,0.0047,0.0033,0.0043,0.0433,0.0002,18.482466,73.820868
2/20/2024 21:00,Location_22,6.38,4.97,5.01,442.6,0.0295,0.0201,0.0098,0.0469,0.0032,18.796783,74.000315
2/20/2024 22:00,Location_23,7.08,4.5,2.1,284.19,0.0266,0.0382,0.0078,0.0496,0.0055,18.701235,74.040441
2/20/2024 23:00,Location_24,8.36,4.11,3.87,523.19,0.0133,0.0458,0.009,0.048,0.0036,18.784789,73.97133
2/21/2024 0:00,Location_25,7.05,4.99,4.3,1353.12,0.045,0.0207,0.0044,0.0003,0.0058,18.51834,73.800225
2/21/2024 1:00,Location_26,7.6,9.35,1.05,1460.87,0.0464,0.0212,0.0023,0.0024,0.0008,18.465825,74.081534
2/21/2024 2:00,Location_27,6.99,5.45,6.04,1303.05,0.0201,0.0351,0.0041,0.0074,0.0034,18.601227,73.880328
2/21/2024 3:00,Location_28,6.69,6.13,8.9,254.02,0.0445,0.0471,0.0072,0.0174,0.0048,18.597867,73.751922
2/21/2024 4:00,Location_29,8.46,4.63,1.94,1426.4,0.0192,0.0134,0.0011,0.0415,0.0032,18.469979,73.743911
2/21/2024 5:00,Location_30,7.02,5.33,6.18,692.7,0.0368,0.022,0.0027,0.0446,0.0005,18.693288,73.959008
2/21/2024 6:00,Location_31,8.24,7.12,6.82,113.03,0.0238,0.0398,0.0005,0.0093,0.0035,18.544711,73.875084
2/21/2024 7:00,Location_32,6.57,7.65,4.48,719.35,0.0061,0.0305,0.0043,0.031,0.0037,18.474546,73.737794
2/21/2024 8:00,Location_33,6.53,5.47,7.16,164.5,0.0464,0.0055,0.0083,0.0459,0.0044,18.532793,73.996146
2/21/2024 9:00,Location_34,6.08,4.35,4.4,861.43,0.0227,0.0314,0.0002,0.0232,0.0046,18.625463,74.01973
2/21/2024 10:00,Location_35,7.63,6.35,5.29,573.98,0.0367,0.0093,0.0068,0.0052,0.0046,18.690588,73.990166
2/21/2024 11:00,Location_36,6.92,5.41,0.57,762.81,0.0184,0.0255,0.0093,0.0229,0.004,18.592756,73.780904
2/21/2024 12:00,Location_37,8.16,5.32,7.07,958.44,0.0009,0.0265,0.0024,0.0188,0.0013,18.610238,73.97591
2/21/2024 13:00,Location_38,7.18,9.76,6.78,1316.32,0.005,0.0438,0.0069,0.0289,0.0024,18.455578,73.704289
2/21/2024 14:00,Location_39,8.42,7.7,0.86,1026.66,0.0248,0.0231,0.0098,0.0219,0.0047,18.765876,73.822045
2/21/2024 15:00,Location_40,6.46,7.34,4,707.67,0.0345,0.014,0.0096,0.0009,0.0057,18.77149,73.859529
2/21/2024 16:00,Location_41,8.17,6.49,9.8,1247.2,0.0167,0.0115,0.0023,0.0497,0.0005,18.673371,74.034099
2/21/2024 17:00,Location_42,7.94,6.57,4.5,1367.81,0.0348,0.0437,0.001,0.0272,0.0032,18.407053,73.856158
2/21/2024 18:00,Location_43,7.93,7.25,5.27,267.66,0.0349,0.0086,0.0015,0.0237,0.0019,18.61483,73.704508
2/21/2024 19:00,Location_44,8.11,8.18,9.14,844.71,0.0352,0.0213,0.007,0.0477,0.0014,18.651688,73.840939
2/21/2024 20:00,Location_45,7.9,8.21,7.31,498.32,0.0246,0.0094,0.0073,0.0078,0.003,18.797862,73.89957
2/21/2024 21:00,Location_46,7.57,5.03,6.03,165.89,0.0457,0.0387,0.0067,0.0095,0.0036,18.798427,74.079602
2/21/2024 22:00,Location_47,6.33,7,8.08,1035.97,0.0245,0.0237,0.0034,0.0404,0.0001,18.743044,74.076414
2/21/2024 23:00,Location_48,6.08,6.47,8.71,1307.88,0.0225,0.0176,0.0017,0.013,0.0047,18.425532,73.77235
2/22/2024 0:00,Location_49,8.3,9.22,4.84,328.06,0.01,0.0181,0.0058,0.04,0.0049,18.781311,73.774059
2/22/2024 1:00,Location_50,7.54,7.79,5.01,1237.38,0.0154,0.0426,0.0048,0.0136,0.0058,18.645064,73.765353
2/22/2024 2:00,Location_1,7.99,7.2,4.17,1294.75,0.0021,0.0277,0.0073,0.0017,0.0011,18.720355,74.015569
2/22/2024 3:00,Location_2,7.2,4.69,9.68,1380.08,0.0317,0.0359,0.0044,0.0259,0.0036,18.562877,73.702409
2/22/2024 4:00,Location_3,6.29,7.63,7.12,471.4,0.0124,0.0449,0.0034,0.0098,0.0026,18.527868,73.750871
2/22/2024 5:00,Location_4,6.31,4.7,1.29,1365.53,0.0152,0.0451,0.0029,0.0379,0.002,18.585298,73.915184
2/22/2024 6:00,Location_5,7.71,6.02,8.7,548.93,0.0385,0.0164,0.0021,0.0321,0.0034,18.45875,73.799025
2/22/2024 7:00,Location_6,7.08,4.86,5.07,873.27,0.0164,0.0476,0.0027,0.0462,0.0047,18.542826,73.736943
2/22/2024 8:00,Location_7,6.5,8.15,1.15,170.71,0.0121,0.0012,0.0009,0.0391,0.0001,18.743047,73.843951
2/22/2024 9:00,Location_8,7.23,5.24,5.72,161.43,0.0085,0.0188,0.0035,0.009,0.0058,18.41518,73.809683
2/22/2024 10:00,Location_9,6.16,6.35,4.46,1108.52,0.0387,0.0448,0.0004,0.04,0.0049,18.460351,73.904442
2/22/2024 11:00,Location_10,7.45,9.37,8.84,722.27,0.0065,0.0137,0.0019,0.0321,0.0045,18.450046,74.091693
2/22/2024 12:00,Location_11,6.67,5.23,2.44,458.81,0.0227,0.0137,0.0075,0.0334,0.0046,18.56123,73.749722
2/22/2024 13:00,Location_12,7.99,7.05,8.35,366.58,0.0253,0.0151,0.0033,0.0416,0.0023,18.798795,73.849091
2/22/2024 14:00,Location_13,6.78,6.52,5.8,1037.93,0.0344,0.0306,0.0067,0.0287,0.0045,18.469343,74.072794
2/22/2024 15:00,Location_14,7.14,4.11,1.02,100.56,0.0317,0.0219,0.0072,0.0233,0.0023,18.458193,74.050749
2/22/2024 16:00,Location_15,6.03,8.76,9.73,1228.25,0.0405,0.0363,0.0058,0.0318,0.0054,18.766022,73.857708
2/22/2024 17:00,Location_16,6.18,4.41,5.37,210.95,0.0022,0.0447,0.0096,0.0149,0.0011,18.75282,73.979581
2/22/2024 18:00,Location_17,6.98,6.85,3.26,368.09,0.0148,0.0337,0.0002,0.0091,0.0018,18.412896,73.735143
2/22/2024 19:00,Location_18,7.2,7.36,4.96,640.73,0.014,0.0102,0.0074,0.0308,0.0033,18.700682,73.985016
2/22/2024 20:00,Location_19,7.5,7.77,8.65,778.8,0.0073,0.0466,0.0096,0.0117,0.0019,18.662186,74.089143
2/22/2024 21:00,Location_20,6.73,8.13,3.4,596.99,0.0145,0.0132,0.0086,0.004,0.0025,18.707096,73.914995
2/22/2024 22:00,Location_21,7.74,5.52,2.33,549,0.0155,0.0075,0.0017,0,0.003,18.597801,73.899396
2/22/2024 23:00,Location_22,8.15,4.06,1.73,1449.48,0.0261,0.0045,0.0033,0.0304,0.0051,18.796552,73.774927
2/23/2024 0:00,Location_23,7.95,8.34,3.33,998.21,0.0332,0.0282,0.0017,0.0181,0.0031,18.417539,73.953515
2/23/2024 1:00,Location_24,6.1,7.21,7.91,132.81,0.0191,0.0057,0.006,0.0376,0.0022,18.493749,73.936175
2/23/2024 2:00,Location_25,7.2,9.02,4.98,702.25,0.036,0.0069,0.0071,0.0188,0.0015,18.558618,73.960773
2/23/2024 3:00,Location_26,6.26,8.93,2.66,1325.01,0.0168,0.015,0.0032,0.0243,0.0025,18.579911,73.710433
2/23/2024 4:00,Location_27,6.61,9.06,2.08,522.04,0.0145,0.0141,0.0054,0.0204,0.0031,18.768547,73.919489
2/23/2024 5:00,Location_28,8.47,6.91,3.66,232.38,0.0271,0.0302,0.0069,0.0325,0.0045,18.624002,73.937974
2/23/2024 6:00,Location_29,6.36,6,9.43,1161.74,0.0012,0.0408,0.0042,0.0178,0.0007,18.418044,73.783012
2/23/2024 7:00,Location_30,7.25,8.75,3.76,948.42,0.004,0.0381,0.0085,0.0482,0.0013,18.563145,73.783333
2/23/2024 8:00,Location_31,7.55,6.71,9.89,898.44,0.0209,0.0131,0.0077,0.0468,0.0023,18.566596,73.810487
2/23/2024 9:00,Location_32,7.76,5.1,5.11,175.01,0.0471,0.0123,0.0006,0.0424,0.0022,18.786196,73.984689
2/23/2024 10:00,Location_33,7.4,9.13,2.2,296.7,0.0361,0.0483,0.0062,0.046,0.0024,18.639679,73.942506
2/23/2024 11:00,Location_34,6.02,9.3,8.97,971.57,0.0044,0.0004,0.0024,0.0225,0.0048,18.65426,74.038305
2/23/2024 12:00,Location_35,6.82,6.8,4.87,390.95,0.0423,0.044,0.0056,0.0268,0.0019,18.685301,73.818263
2/23/2024 13:00,Location_36,7.29,4.45,7.24,805.7,0.0366,0.01,0.0096,0.0371,0.003,18.708016,74.064827
2/23/2024 14:00,Location_37,6.22,6.33,9.85,862.83,0.0305,0.0474,0.0088,0.0348,0.0037,18.65402,73.997482
2/23/2024 15:00,Location_38,6.88,8.82,0.98,496.91,0.041,0.0171,0.004,0.0445,0.0014,18.494878,73.858005
2/23/2024 16:00,Location_39,6.08,9.41,1.42,1427.8,0.0202,0.022,0.0029,0.0358,0.0043,18.749618,73.738105
2/23/2024 17:00,Location_40,6.2,5.22,7.34,1279.45,0.0111,0.0354,0.0023,0.0499,0.0033,18.692848,73.802793
2/23/2024 18:00,Location_41,6.99,4.4,3.18,1111.32,0.0256,0.0294,0.0053,0.0174,0.0027,18.696748,74.082707
2/23/2024 19:00,Location_42,6.33,9.26,2.25,209.19,0.0274,0.0159,0.0011,0.0416,0.0049,18.798623,73.824145
2/23/2024 20:00,Location_43,7.42,6.34,0.87,248.58,0.0269,0.0277,0.0055,0.0349,0.0015,18.721011,73.83196
2/23/2024 21:00,Location_44,7.72,7.25,0.71,789.89,0.0283,0.0365,0,0.0346,0.0053,18.731661,73.775836
2/23/2024 22:00,Location_45,8,9.81,7.86,325,0.0474,0.0021,0.0032,0.0163,0.0034,18.780562,74.02274
2/23/2024 23:00,Location_46,6.5,4.4,1.78,1469.57,0.0451,0.0006,0.0022,0.0393,0.0037,18.460454,73.810258
2/24/2024 0:00,Location_47,6.42,7.89,4.94,321.93,0.0438,0.0229,0.0097,0.045,0.0053,18.599091,73.832103
2/24/2024 1:00,Location_48,6.26,4.44,6.26,782.45,0.0401,0.0066,0.0073,0.0109,0.0049,18.632227,73.865739
2/24/2024 2:00,Location_49,7.59,6.25,4.57,609.77,0.0472,0.0332,0.0035,0.0313,0.0036,18.53171,73.873491
2/24/2024 3:00,Location_50,7.77,8.82,0.76,995.14,0.0049,0.0107,0.0009,0.0196,0.0045,18.735761,73.864536
2/24/2024 4:00,Location_1,6.08,6.6,7.94,280.65,0.0133,0.0216,0.0052,0.0495,0.0026,18.704968,73.901497
2/24/2024 5:00,Location_2,8.34,9.98,0.6,702.44,0.0248,0.0099,0.0021,0.0239,0.0033,18.688353,74.025805
2/24/2024 6:00,Location_3,6.13,7.35,7.74,484.59,0.0423,0.0274,0.0054,0.0114,0.0004,18.79886,74.027714
2/24/2024 7:00,Location_4,7.35,5.93,8.99,1342.85,0.0253,0.0058,0.0084,0.0191,0.0005,18.503753,74.019325
2/24/2024 8:00,Location_5,7.77,5.32,4.61,156.82,0.0374,0.0012,0.0062,0.0327,0.005,18.694183,73.74045
2/24/2024 9:00,Location_6,8.18,6.1,5.59,1379.22,0.0069,0.0026,0.0063,0.0038,0.0004,18.620562,74.019872
2/24/2024 10:00,Location_7,7.79,6.24,5.03,1266.19,0.0126,0.0477,0.0054,0.0302,0.001,18.525196,73.748101
2/24/2024 11:00,Location_8,8,4.41,4.2,516.6,0.0366,0.0071,0.0093,0.0466,0.0048,18.464235,73.74989
2/24/2024 12:00,Location_9,6.85,6.22,8.93,1205.01,0.0082,0.0354,0.0093,0.0425,0,18.758354,74.079145
2/24/2024 13:00,Location_10,8.04,6.79,8.99,143.7,0.0176,0.0034,0.0051,0.0034,0.0017,18.638182,74.027759
2/24/2024 14:00,Location_11,6.2,8.34,3.69,1453.61,0.0132,0.0054,0.0031,0.0497,0.0035,18.729974,73.920964
2/24/2024 15:00,Location_12,8.24,7.94,6.34,837.23,0.0175,0.0254,0.0046,0.0349,0.0036,18.618138,74.049988
2/24/2024 16:00,Location_13,7.37,8.25,9.31,524.59,0.0354,0.0232,0.0019,0.0081,0.0047,18.487991,74.095746
2/24/2024 17:00,Location_14,8.04,4.05,9.64,607.62,0.0184,0.0476,0.0064,0.0006,0.003,18.53502,73.944257
2/24/2024 18:00,Location_15,7.13,5.31,5.34,192.97,0.0278,0.0472,0.005,0.0086,0.0031,18.552616,73.945159
2/24/2024 19:00,Location_16,7.61,7.97,4.8,1485.09,0.005,0.039,0.001,0.0419,0.0044,18.789174,74.001771
2/24/2024 20:00,Location_17,7.32,6.9,3.15,155.01,0.0403,0.0301,0.002,0.0011,0.003,18.402253,73.792856
2/24/2024 21:00,Location_18,7.83,4.03,9.61,1016.87,0.0185,0.0227,0.0048,0.0117,0.0037,18.794266,73.76685
2/24/2024 22:00,Location_19,6.2,8.83,1.86,719.83,0.0324,0.0178,0.0089,0.0379,0.0054,18.792185,74.003832
2/24/2024 23:00,Location_20,6.15,8.64,6.01,1428.48,0.0363,0.0474,0.0057,0.0293,0.0024,18.79846,73.837962
2/25/2024 0:00,Location_21,6.62,7.29,3.18,444.4,0.0105,0.0301,0.0068,0.0391,0.0023,18.590635,73.754028
2/25/2024 1:00,Location_22,6.4,4.4,3.15,844.92,0.0442,0.029,0.0034,0.0373,0,18.785524,73.825951
2/25/2024 2:00,Location_23,8.18,8.6,4.35,775.3,0.0308,0.0116,0.0057,0.0025,0.0037,18.55824,73.843455
2/25/2024 3:00,Location_24,6.55,7.5,9.99,1084.01,0.0214,0.0023,0.0045,0.0446,0.0002,18.410518,74.086091
2/25/2024 4:00,Location_25,8.44,8.69,1.02,195.21,0.0091,0.0473,0.0066,0.0114,0.003,18.489739,73.979184
2/25/2024 5:00,Location_26,6.84,8.51,6,371.3,0.0471,0.0157,0.0005,0.0277,0.0048,18.778118,73.912343
2/25/2024 6:00,Location_27,6.46,8.82,1.28,400.39,0.0378,0.0221,0.0049,0.0322,0.0033,18.405506,74.087549
2/25/2024 7:00,Location_28,7.97,7.11,1.97,1133.41,0.0104,0.0057,0.003,0.0084,0.0016,18.618398,74.061256
2/25/2024 8:00,Location_29,7.65,4.84,4.68,364.79,0.0169,0.0418,0.0033,0.0488,0.0047,18.430241,73.9048
2/25/2024 9:00,Location_30,7.25,8.03,5.35,902.89,0.0405,0.0014,0.0096,0.0244,0.0016,18.514559,74.062272
2/25/2024 10:00,Location_31,7.39,7.72,2.96,401.34,0.0348,0.0417,0.0018,0.0029,0.0044,18.435237,73.861722
2/25/2024 11:00,Location_32,7.8,8.45,3.51,1306.27,0.0383,0.007,0.0031,0.0469,0.0037,18.743811,73.792168
2/25/2024 12:00,Location_33,6.57,5.02,1.33,1419.06,0.0221,0.0443,0.0051,0.0293,0.001,18.636428,73.793071
2/25/2024 13:00,Location_34,8.49,5.17,3.38,825.89,0.0358,0.0365,0.0086,0.035,0.0054,18.760843,73.964926
2/25/2024 14:00,Location_35,8.44,9.34,9.68,593.23,0.0193,0.0082,0.0042,0.0263,0.0012,18.675341,73.900428
2/25/2024 15:00,Location_36,7.63,8.5,9.47,427.68,0.0106,0.0283,0.0074,0.0417,0.0059,18.788412,73.96358
2/25/2024 16:00,Location_37,6.5,9.45,3.68,169.69,0.0316,0.0156,0.0086,0.0017,0,18.603951,73.97443
2/25/2024 17:00,Location_38,7.7,8.55,5.92,475.9,0.0488,0.0089,0.0031,0.0134,0.0016,18.655484,73.708929
2/25/2024 18:00,Location_39,6.18,7.58,9.14,1015.93,0.0155,0.043,0.0039,0.0235,0.0012,18.630524,73.721616
2/25/2024 19:00,Location_40,6.08,7.92,0.56,847.06,0.023,0.0202,0.0036,0.0038,0.0001,18.593704,73.913071
2/25/2024 20:00,Location_41,6.64,9.33,8.2,1421.66,0.0337,0.0199,0.0083,0.0353,0.0044,18.738384,73.776414
2/25/2024 21:00,Location_42,7.16,7.47,9.51,654.79,0.0271,0.0085,0.0004,0.0197,0.0042,18.65781,73.953014
2/25/2024 22:00,Location_43,8.17,7.79,1.37,1071.41,0.0422,0.0192,0.0031,0.0136,0.0048,18.720525,73.920874
2/25/2024 23:00,Location_44,7.82,4.94,2.03,785.05,0.0381,0.0436,0.0068,0.0002,0.0015,18.714546,73.934304
2/26/2024 0:00,Location_45,7.86,6.84,9.63,817.61,0.0029,0.0182,0.0057,0.036,0.0027,18.476418,73.820982
2/26/2024 1:00,Location_46,7.06,8.3,5.61,474.88,0.0499,0.0476,0.0044,0.0417,0.004,18.660065,73.955937
2/26/2024 2:00,Location_47,6.86,5.63,0.63,736.93,0.0376,0.0473,0.0054,0.0198,0.0026,18.479859,74.031797
2/26/2024 3:00,Location_48,6.93,5.21,2.95,759.1,0.0432,0.0072,0.002,0.0282,0.0042,18.633328,74.099229
2/26/2024 4:00,Location_49,8.47,5.88,4.77,1089.3,0.0326,0.0089,0.0043,0.0114,0.0038,18.670974,74.035378
2/26/2024 5:00,Location_50,6.1,5.45,7.08,1416.9,0.0428,0.0431,0.005,0.0311,0.0007,18.798894,73.923
2/26/2024 6:00,Location_1,8.17,5.29,7.47,561.05,0.0056,0.0196,0.009,0.0006,0.0047,18.412217,73.777372
2/26/2024 7:00,Location_2,7.45,6.55,9.96,159.08,0.0174,0.0002,0.0026,0.0244,0.0043,18.436497,73.972578
2/26/2024 8:00,Location_3,7.1,9.45,3.23,794.81,0.0438,0.0137,0.0087,0.0322,0.0039,18.430811,74.075062
2/26/2024 9:00,Location_4,7.81,7.04,5.61,862.25,0.0101,0.0299,0.0064,0.0459,0.0009,18.559345,73.784747
2/26/2024 10:00,Location_5,7.22,5.13,5.57,335.82,0.0039,0.04,0.0002,0.0191,0.0016,18.728635,73.802398
2/26/2024 11:00,Location_6,8.18,4.46,4.35,1164.65,0.0394,0.0067,0.0072,0.0383,0.0024,18.737623,73.759603
2/26/2024 12:00,Location_7,8.25,8.18,2.11,1478.9,0.0418,0.0055,0.0004,0.0299,0.0017,18.694792,73.994689
2/26/2024 13:00,Location_8,7.05,6.3,9.79,1424.08,0.0081,0.0461,0.01,0.0464,0.0014,18.758751,73.862625
2/26/2024 14:00,Location_9,6.69,8.93,8.61,375.95,0.0427,0.0376,0.0087,0.0199,0.0048,18.529144,73.725078
2/26/2024 15:00,Location_10,7.48,7.96,5.23,1325.51,0.0343,0.0295,0.003,0.016,0.0038,18.435262,74.04998
2/26/2024 16:00,Location_11,8.28,8.78,6.23,1086.29,0.026,0.0385,0.0026,0.0444,0.0034,18.423261,73.923069
2/26/2024 17:00,Location_12,6.53,5.63,2.66,735.39,0.0415,0.0214,0.0038,0.0025,0.0014,18.740853,73.832438
2/26/2024 18:00,Location_13,7.56,8.15,5.67,856.86,0.021,0.0379,0.0036,0.0068,0.0055,18.692175,73.837593
2/26/2024 19:00,Location_14,7.58,5.58,7.1,1289.44,0.0097,0.0186,0.0037,0.0041,0.0011,18.679446,73.8161
2/26/2024 20:00,Location_15,7.83,9.63,5.39,772.19,0.0142,0.0122,0.0032,0.0422,0.0048,18.535871,73.882192
2/26/2024 21:00,Location_16,6.33,7.82,9.91,622.49,0.0253,0.0365,0.0062,0.0005,0.0058,18.551962,73.834817
2/26/2024 22:00,Location_17,7.79,5.95,6.31,790.55,0.0266,0.021,0.0016,0.0431,0.0044,18.783245,73.919179
2/26/2024 23:00,Location_18,8.27,5.62,4.02,910.78,0.0403,0.0491,0.0085,0.0226,0.006,18.425522,74.009407
2/27/2024 0:00,Location_19,6.45,5.15,7.84,364.71,0.0396,0.0175,0.0081,0.0002,0.0039,18.709493,73.969785
2/27/2024 1:00,Location_20,6.59,8.17,2.12,1361.27,0.0291,0.0461,0.0048,0.0201,0.0013,18.523853,73.817783
2/27/2024 2:00,Location_21,8.43,5.31,4.15,1043.86,0.039,0.0466,0.0085,0.0093,0.0012,18.415622,73.911496
2/27/2024 3:00,Location_22,6.45,7.57,3.8,986.58,0.0096,0.0121,0.0025,0.0312,0.0019,18.697028,74.03605
2/27/2024 4:00,Location_23,8.14,5.59,4.6,239.29,0.0025,0.0399,0.0002,0.034,0,18.532365,73.727282
2/27/2024 5:00,Location_24,7.23,7.97,7.93,945.84,0.0437,0.0217,0.0062,0.0244,0.0041,18.688859,73.731319
2/27/2024 6:00,Location_25,6.62,8.89,5.1,269.34,0.0038,0.0459,0.0046,0.002,0.0016,18.683062,73.922468
2/27/2024 7:00,Location_26,8.18,8.67,8.04,210.18,0.0123,0.0225,0.0057,0.0328,0.0049,18.613915,73.955646
2/27/2024 8:00,Location_27,7.11,8.57,5.98,838.24,0.0348,0.0372,0.009,0.0421,0.0022,18.710949,73.784565
2/27/2024 9:00,Location_28,7.29,5.13,3.75,663.9,0.0205,0.0233,0.0097,0.036,0.0029,18.632415,73.998088
2/27/2024 10:00,Location_29,6.9,4.53,8.19,924.33,0.0438,0.0114,0.0063,0.0415,0.0058,18.514655,73.958505
2/27/2024 11:00,Location_30,7.48,8.19,2.76,224.91,0.0149,0.01,0.0076,0.01,0.0015,18.693646,74.069316
2/27/2024 12:00,Location_31,6.41,6.21,2.63,703.38,0.0006,0.0213,0.0008,0.0444,0.0043,18.635656,73.767582
2/27/2024 13:00,Location_32,6.98,6.59,5.29,344.7,0.015,0.0378,0.0016,0.0161,0.0045,18.405091,74.00055
2/27/2024 14:00,Location_33,8.42,4.19,2.98,1481.94,0.0289,0.0303,0.0073,0.0007,0.0013,18.760658,73.733457
2/27/2024 15:00,Location_34,6.65,5.56,0.59,885.61,0.0188,0.0344,0.0043,0.0422,0.003,18.618257,73.926117
2/27/2024 16:00,Location_35,7.64,4.2,6.66,1062.41,0.0267,0.0141,0.0045,0.0471,0.0021,18.747451,73.920758
2/27/2024 17:00,Location_36,6.81,9.28,5.36,555.59,0.0438,0.0241,0.0031,0.0328,0.0046,18.753095,73.855354
2/27/2024 18:00,Location_37,7.93,5.46,4.73,232.63,0.0456,0.0022,0.0061,0.0116,0.0037,18.577987,74.037828
2/27/2024 19:00,Location_38,6.33,7.34,9.69,1466.22,0.0133,0.0409,0.0019,0.0126,0.0029,18.603064,73.701748
2/27/2024 20:00,Location_39,8.42,4.23,5.93,500.76,0.0231,0.0495,0.0063,0.0233,0.0047,18.566302,73.908072
2/27/2024 21:00,Location_40,7.13,8,8.7,693.33,0.0275,0.0203,0.0017,0.0449,0.0014,18.579775,73.786861
2/27/2024 22:00,Location_41,6.59,5.94,1.82,1009.81,0.0475,0.0005,0.0006,0.0075,0.0045,18.758059,73.997399
2/27/2024 23:00,Location_42,6.18,9.39,5.91,134.58,0.0499,0.0085,0.0033,0.0413,0.0052,18.715258,73.717227
2/28/2024 0:00,Location_43,6.42,9.33,8.75,1234.36,0.0118,0.0326,0.0023,0.0146,0.0053,18.45061,74.032622
2/28/2024 1:00,Location_44,7.3,5.95,6.04,851.21,0.0363,0.0306,0.0089,0.0404,0.0047,18.644123,74.035237
2/28/2024 2:00,Location_45,6.84,9.41,7.32,489.5,0.0189,0.0394,0.0005,0.046,0.0024,18.798363,74.033146
2/28/2024 3:00,Location_46,8.07,9.98,4.03,186.25,0.0004,0.0127,0.0018,0.0214,0.0059,18.63822,73.761027
2/28/2024 4:00,Location_47,7.08,8.95,1.38,327.5,0.0005,0.0382,0.0055,0.0183,0.0023,18.714349,73.952163
2/28/2024 5:00,Location_48,6.62,9.07,4.85,1353.05,0.023,0.0344,0.0048,0.0401,0.0038,18.707625,73.705747
2/28/2024 6:00,Location_49,7.54,5.49,4.25,1060.43,0.0244,0.0161,0.0005,0.0265,0.001,18.540127,74.039185
2/28/2024 7:00,Location_50,7.77,7.46,8.74,449.86,0.0011,0.0273,0.0001,0.0342,0.0059,18.54874,73.98919
2/28/2024 8:00,Location_1,6.42,4.4,2.82,191.84,0.0343,0.0074,0.0099,0.0311,0.0042,18.689631,73.912461
2/28/2024 9:00,Location_2,6.42,4.57,9.68,1066.86,0.0147,0.0226,0.0066,0.0076,0.0045,18.599993,73.992237
2/28/2024 10:00,Location_3,6.09,9.99,9.6,901.37,0.028,0.0441,0.0037,0.0422,0.0004,18.628228,73.73773
2/28/2024 11:00,Location_4,7.84,5.96,2.85,666.33,0.015,0.0211,0.0047,0.0098,0.0046,18.685162,73.911462
2/28/2024 12:00,Location_5,7.66,8.49,3.81,609.06,0.0084,0.042,0.0027,0.0466,0.0046,18.71103,73.816511
2/28/2024 13:00,Location_6,7.19,8.84,9.01,403.54,0.0204,0.0295,0.0034,0.0125,0.004,18.508607,74.089048
2/28/2024 14:00,Location_7,8.11,9.15,9.68,1037.46,0.0116,0.0096,0.0065,0.0367,0.0018,18.458718,74.042847
2/28/2024 15:00,Location_8,8.01,9.99,4.71,1458.94,0.0267,0.0291,0.0088,0.0142,0.0029,18.516718,73.99331
2/28/2024 16:00,Location_9,7.46,5.45,3.55,346,0.0099,0.0253,0.0018,0.0159,0.0007,18.603015,74.073499
2/28/2024 17:00,Location_10,8.17,4.24,5.5,935.96,0.0254,0.0199,0.0084,0.0155,0.0028,18.536857,73.838737
2/28/2024 18:00,Location_11,6.51,6.47,7.03,693.86,0.0079,0.006,0.0012,0.0374,0.0015,18.627345,74.060352
2/28/2024 19:00,Location_12,6.28,4.78,3.1,725.36,0.0335,0.0208,0.0021,0.0278,0.0021,18.421386,73.830095
2/28/2024 20:00,Location_13,6.67,4.13,7.5,455.81,0.0377,0.0036,0.0004,0.0441,0.001,18.6039,73.993119
2/28/2024 21:00,Location_14,6.14,6.16,0.99,1255.19,0.0055,0.0049,0.0014,0.0154,0.0014,18.547194,73.994567
2/28/2024 22:00,Location_15,7.33,8.7,0.97,779.36,0.0234,0.0208,0.0092,0.0346,0.0005,18.613867,73.70734
2/28/2024 23:00,Location_16,8.34,7.4,4.17,860.77,0.0035,0.0153,0.0046,0.0376,0.0055,18.569013,73.844424
2/29/2024 0:00,Location_17,6.1,5.88,3.86,526.67,0.0299,0.0463,0.0008,0.0076,0.0032,18.51369,73.707773
2/29/2024 1:00,Location_18,6.31,7.93,3.5,354.53,0.0132,0.0188,0.0096,0.02,0.0024,18.761643,74.098837
2/29/2024 2:00,Location_19,7.13,5.39,5.16,220.27,0.0264,0.0379,0.0088,0.0241,0.0032,18.473906,73.748879
2/29/2024 3:00,Location_20,8.33,4.09,3.55,1099.77,0.0259,0.0265,0.0075,0.0178,0.0038,18.672546,73.917124
2/29/2024 4:00,Location_21,6.79,8.59,2.33,374.73,0.0462,0.0352,0.0093,0.0161,0.0055,18.769858,74.016222
2/29/2024 5:00,Location_22,7.27,7.74,3.44,1066.11,0.0275,0.013,0.0022,0.0343,0.0011,18.615468,73.780505
2/29/2024 6:00,Location_23,6.1,8.57,9.76,646.53,0.0291,0.0471,0.0084,0.0108,0.0018,18.750563,73.894021
2/29/2024 7:00,Location_24,6.37,4.23,4.41,682.08,0.0201,0.0265,0.0069,0.0355,0.0059,18.449941,73.942972
2/29/2024 8:00,Location_25,8.47,9.02,4.72,756.85,0.0475,0.0416,0.0087,0.0468,0.0022,18.597516,73.764082
2/29/2024 9:00,Location_26,8.41,7.72,5.98,614.79,0.0389,0.0183,0.008,0.0283,0.0001,18.58281,74.011422
2/29/2024 10:00,Location_27,6.01,7.38,9.84,240.87,0.0143,0.005,0.0035,0.0306,0.0009,18.403248,73.819735
2/29/2024 11:00,Location_28,8.38,7.75,2.8,533.48,0.0422,0.0337,0.0077,0.0034,0.0002,18.577303,73.784409
2/29/2024 12:00,Location_29,7.6,9.19,6.97,1029.23,0.0216,0.0004,0.0026,0.0432,0.0059,18.547612,73.923315
2/29/2024 13:00,Location_30,8.17,7.52,7.3,1032.1,0.0414,0.0238,0.0033,0.0143,0.0017,18.667919,73.864125
2/29/2024 14:00,Location_31,7.14,7.49,6.27,500.71,0.0411,0.0096,0.0011,0.0308,0.0055,18.775332,74.068114
2/29/2024 15:00,Location_32,7.29,9.94,1.34,744.14,0.0094,0.0314,0.0094,0.049,0.006,18.434316,74.052025
2/29/2024 16:00,Location_33,7.22,8.54,6.93,370.83,0.0351,0.049,0.0029,0.0298,0.0036,18.530991,73.89334
2/29/2024 17:00,Location_34,7.67,6.65,1.11,394.52,0.0145,0.0232,0.0052,0.0362,0.0002,18.577626,73.843706
2/29/2024 18:00,Location_35,6.35,8.24,6.16,132.27,0.0149,0.0409,0.0039,0.0223,0.0005,18.582074,73.830207
2/29/2024 19:00,Location_36,6.07,6.34,7.53,1355.45,0.0148,0.0254,0.0096,0.003,0.0029,18.709924,73.807025
2/29/2024 20:00,Location_37,6.77,5.37,2.5,394.99,0.0363,0.0248,0.0034,0.0399,0.0024,18.577358,73.917819
2/29/2024 21:00,Location_38,7.76,7.58,8.5,418.55,0.0115,0.0465,0.0078,0.0017,0.0036,18.410865,74.021991
2/29/2024 22:00,Location_39,6.5,9.57,0.79,491.44,0,0.0445,0.0086,0.035,0.0026,18.684042,73.824303
2/29/2024 23:00,Location_40,7.68,9.57,8.52,278.37,0.0358,0.0393,0.0044,0.0011,0.0056,18.753932,73.776038
3/1/2024 0:00,Location_41,8.42,6.05,4.87,994.97,0.0086,0.0148,0.0038,0.0431,0.0032,18.605562,73.890194
3/1/2024 1:00,Location_42,6.23,7.17,2.57,205.2,0.0052,0.0273,0.0075,0.0079,0.0042,18.632443,73.727614
3/1/2024 2:00,Location_43,7.68,5.27,1.77,287.88,0.0119,0.0112,0.0091,0.0257,0.0054,18.465175,73.980512
3/1/2024 3:00,Location_44,7.11,9.97,9.56,1002.66,0.019,0.0222,0.0075,0.0299,0.0009,18.488258,73.907343
3/1/2024 4:00,Location_45,8.17,9.89,1.19,575.52,0.0238,0.0242,0.0023,0.0229,0.0014,18.494068,73.89855
3/1/2024 5:00,Location_46,6.44,7.9,2.39,1091.13,0.0022,0.0416,0.0089,0.017,0.0006,18.572297,73.820178
3/1/2024 6:00,Location_47,7.73,8.83,3.8,880.39,0.0485,0.0448,0.0039,0.0234,0.0008,18.771258,74.061869
3/1/2024 7:00,Location_48,8.1,8.29,6.39,458.43,0.0358,0.0207,0.0058,0.0156,0.0031,18.608714,73.736195
3/1/2024 8:00,Location_49,8.36,7.56,5.68,1011.16,0.0162,0.0009,0.0083,0.0219,0.0019,18.476839,74.04793
3/1/2024 9:00,Location_50,7.71,4.32,1.69,262.78,0.0159,0.0431,0.0019,0.0179,0.0025,18.506435,73.850682
3/1/2024 10:00,Location_1,7.24,6.73,3.25,850.97,0.0224,0.0087,0.0078,0.0283,0.0059,18.553606,74.052249
3/1/2024 11:00,Location_2,7.54,8.05,2.77,712.01,0.0313,0.0311,0.006,0.0119,0.0009,18.649304,73.991505
3/1/2024 12:00,Location_3,8.17,8.07,2.53,475.02,0.0073,0.0012,0.0089,0.0494,0.0032,18.576013,73.741668
3/1/2024 13:00,Location_4,7.43,6.24,4.41,945.61,0.0094,0.02,0.0017,0.025,0.0006,18.556978,74.032615
3/1/2024 14:00,Location_5,6.08,9.65,7.19,1319.87,0.043,0.0493,0.0042,0.0097,0.0019,18.625891,73.972871
3/1/2024 15:00,Location_6,8.33,5,2.57,1498.47,0.0128,0.005,0.0083,0.0239,0.0032,18.496734,73.712921
3/1/2024 16:00,Location_7,7.72,7,3.98,950.87,0.019,0.0212,0.0002,0.0433,0.0057,18.431561,73.753481
3/1/2024 17:00,Location_8,7.69,8.15,4.21,666.59,0.0436,0.0154,0.0011,0.0011,0.0023,18.409766,73.954251
3/1/2024 18:00,Location_9,6.54,8.18,9.78,415.29,0.0332,0.0453,0.0099,0.034,0.0004,18.500504,73.96504
3/1/2024 19:00,Location_10,7.65,7.89,9.57,459.93,0.0171,0.0435,0.0028,0.0274,0.0023,18.436637,73.998661
3/1/2024 20:00,Location_11,6.98,5.65,8.1,771.24,0.0342,0.0119,0.0098,0.0085,0.0009,18.534536,73.988098
3/1/2024 21:00,Location_12,7.63,4.94,2.8,614.19,0.001,0.0041,0.0018,0.0409,0.0014,18.709173,73.963808
3/1/2024 22:00,Location_13,6.27,7.82,1.15,1379.34,0.0368,0.0314,0.0036,0.0184,0.0037,18.686518,74.006496
3/1/2024 23:00,Location_14,7.64,7.6,3.51,615.61,0.0244,0.0168,0.0075,0.0147,0.0004,18.644371,73.930034
3/2/2024 0:00,Location_15,8.5,5.08,3.03,622.82,0.0407,0.0336,0.0066,0.0414,0.0028,18.741,73.804317
3/2/2024 1:00,Location_16,6.12,8.23,5.31,636.95,0.0477,0.0016,0.0058,0.0319,0.0037,18.512827,74.064951
3/2/2024 2:00,Location_17,8.44,6.73,7.89,1271.27,0.0463,0.0067,0.0053,0.0449,0.0025,18.754022,73.707286
3/2/2024 3:00,Location_18,7.02,8.01,8.65,1011.1,0.0455,0.0343,0.0084,0.0315,0.0001,18.559696,73.846625
3/2/2024 4:00,Location_19,8.18,9.02,8.53,959.84,0.0256,0.0106,0.0023,0.037,0.0059,18.560357,73.991548
3/2/2024 5:00,Location_20,7.96,5.02,3.92,567.8,0.018,0.0429,0.0044,0.0418,0.0022,18.562141,73.870862
3/2/2024 6:00,Location_21,7.42,4.11,7.03,1245.07,0.0233,0.0029,0.0016,0.0027,0.0047,18.439238,73.709934
3/2/2024 7:00,Location_22,7.85,8.67,3.47,153.71,0.0345,0.0108,0.006,0.0388,0.002,18.790196,73.726392
3/2/2024 8:00,Location_23,8.2,7.66,1.08,1319.12,0.0442,0.0499,0.0025,0.0307,0.0029,18.455403,73.959455
3/2/2024 9:00,Location_24,7.01,8.2,7.16,817.85,0.0103,0.0217,0.0033,0.0035,0.0023,18.536354,74.085946
3/2/2024 10:00,Location_25,6.82,9.03,0.59,657.55,0.0459,0.0351,0.0047,0.0254,0.0021,18.52772,73.920745
3/2/2024 11:00,Location_26,7.67,8.82,4.39,796.03,0.0408,0.0091,0.0003,0.0041,0.0001,18.429872,73.902703
3/2/2024 12:00,Location_27,8.02,9.77,3.63,1034.38,0.0489,0.0305,0.0009,0.0368,0.0022,18.460904,73.82733
3/2/2024 13:00,Location_28,7.91,7.22,7.09,117.87,0.044,0.0363,0.0069,0.0273,0.0053,18.417943,73.802676
3/2/2024 14:00,Location_29,7.99,6.93,7.78,1320.17,0.014,0.0157,0.0043,0.0477,0.0041,18.516962,73.708394
3/2/2024 15:00,Location_30,7.09,6.41,3.39,725.44,0.0053,0.0414,0.0086,0.0092,0.0009,18.746663,73.809182
3/2/2024 16:00,Location_31,8.04,4.92,8.21,580.15,0.0056,0.0302,0.0069,0.0303,0.0035,18.535777,73.879644
3/2/2024 17:00,Location_32,6.3,7.44,3.29,293.54,0.0146,0.0195,0.0001,0.0106,0.0054,18.449477,73.77918
3/2/2024 18:00,Location_33,7.36,5.66,4.74,715.25,0.0307,0.0279,0.0062,0.0307,0.0042,18.658278,73.734939
3/2/2024 19:00,Location_34,6.01,9.53,7.41,794.85,0.0402,0.0288,0.0009,0.0361,0.0009,18.79864,73.987091
3/2/2024 20:00,Location_35,6.81,7.5,7.08,665.11,0.045,0.0083,0.0078,0.0361,0.0052,18.49293,74.057848
3/2/2024 21:00,Location_36,6.92,7.56,9.88,1050.12,0.0312,0.0201,0.0099,0.0408,0.0018,18.511828,74.074709
3/2/2024 22:00,Location_37,6.99,6.13,2.64,689.26,0.0003,0.0172,0.0053,0.0427,0.0027,18.788739,73.947199
3/2/2024 23:00,Location_38,7.74,4.31,6.79,1445.98,0.0093,0.02,0.0068,0.0039,0.0032,18.471511,73.72111
3/3/2024 0:00,Location_39,6.97,4.19,6.29,938.99,0.005,0.0381,0.0024,0.0172,0.0051,18.604486,73.996345
3/3/2024 1:00,Location_40,7.12,6.54,9.19,1230.47,0.0182,0.0241,0.0044,0.0344,0.0056,18.495861,73.744038
3/3/2024 2:00,Location_41,6.59,4.51,1.99,253.1,0.0251,0.047,0.0086,0.0249,0.0056,18.772941,73.967899
3/3/2024 3:00,Location_42,6.93,7.64,7.64,656.21,0.0022,0.0147,0.0017,0.0095,0,18.792608,74.011746
3/3/2024 4:00,Location_43,6.57,9.29,5.9,571.59,0.0174,0.0208,0.0027,0.0276,0.0055,18.725879,73.990346
3/3/2024 5:00,Location_44,6.18,9.3,3.11,897.28,0.009,0.0393,0.0045,0.0204,0.0003,18.525914,74.080754
3/3/2024 6:00,Location_45,7.51,7.95,5.01,1305.56,0.0324,0.0273,0.0071,0.0195,0.0016,18.561395,73.995259
3/3/2024 7:00,Location_46,7.67,5.27,3.67,209.67,0.0232,0.0274,0.0038,0.0405,0.0031,18.496922,73.977284
3/3/2024 8:00,Location_47,7.55,9.18,6,201.6,0.0248,0.0027,0.0093,0.0204,0.0029,18.756303,73.804697
3/3/2024 9:00,Location_48,7.16,9.32,8.95,1290.44,0.0214,0.0199,0.0009,0.0013,0.0036,18.765823,74.069907
3/3/2024 10:00,Location_49,6.95,5.18,5.91,397.99,0.0478,0.0135,0.0037,0.0029,0.0029,18.567548,73.771818
3/3/2024 11:00,Location_50,8.16,8.42,6.5,1036.25,0.0107,0.05,0.0071,0.0428,0.0056,18.662613,74.061959
3/3/2024 12:00,Location_1,7.3,5.72,5.43,860.03,0.0258,0.0154,0.0023,0.048,0.0014,18.466221,73.825065
3/3/2024 13:00,Location_2,7.2,8.82,0.99,1266.05,0.0368,0.0442,0.0066,0.0344,0.0016,18.573974,73.752065
3/3/2024 14:00,Location_3,6.06,9.98,2.71,275.12,0.0278,0.0338,0.0016,0.0182,0.0055,18.6526,74.030673
3/3/2024 15:00,Location_4,6.85,4.18,5.17,281.7,0.0465,0.017,0.0006,0.0469,0.0005,18.554161,73.700998
3/3/2024 16:00,Location_5,6.95,9.38,3.45,879.55,0.0189,0.0272,0.0012,0.0331,0.0037,18.54304,74.032835
3/3/2024 17:00,Location_6,7,7.74,2.23,1424.93,0.0232,0.042,0.0093,0.0422,0.0041,18.4004,73.804925
3/3/2024 18:00,Location_7,7.45,9.84,5.29,681,0.0044,0.0442,0.0055,0.0383,0.003,18.721717,74.053889
3/3/2024 19:00,Location_8,7.33,6.79,3.57,557.72,0.0304,0.008,0.008,0.019,0.0042,18.755735,73.976592
3/3/2024 20:00,Location_9,7.52,9.08,2.95,949.37,0.0144,0.017,0.0033,0.0239,0.001,18.787785,73.966473
3/3/2024 21:00,Location_10,7.91,4.37,4.91,1402.63,0.008,0.0168,0.0059,0.0093,0.0051,18.687709,73.846128
3/3/2024 22:00,Location_11,8.03,6.01,1.77,1271.7,0.0272,0.0021,0.0049,0.0146,0.0008,18.619517,73.723761
3/3/2024 23:00,Location_12,7.8,4.4,9.31,1493.68,0.0266,0.0299,0.0095,0.0389,0.0024,18.507714,74.032029
3/4/2024 0:00,Location_13,8.39,9.85,8.74,131.6,0.0038,0.0427,0.0075,0.0447,0.0005,18.79972,73.768362
3/4/2024 1:00,Location_14,6.05,8.9,7.22,258,0.0349,0.0191,0.0073,0.0362,0.0033,18.635901,73.848903
3/4/2024 2:00,Location_15,6.49,9.12,1.51,953.25,0.0312,0.037,0.0005,0.0233,0.004,18.672462,73.940142
3/4/2024 3:00,Location_16,6.02,9.63,7.87,1248.81,0.0095,0.0314,0.0055,0.0043,0.0056,18.672962,73.892901
3/4/2024 4:00,Location_17,7.62,4.51,8.18,499.34,0.0235,0.0188,0.0047,0.0028,0.0044,18.738101,73.779464
3/4/2024 5:00,Location_18,8.25,6.31,7.79,434.9,0.036,0.0071,0.0093,0.0187,0.0032,18.403869,73.756247
3/4/2024 6:00,Location_19,6.61,4.43,1.58,1201.77,0.0265,0.0355,0.0026,0.0232,0.0056,18.488099,73.749299
3/4/2024 7:00,Location_20,8.32,5.26,6.62,178.93,0.0198,0.0427,0.0027,0.0305,0.0029,18.666214,74.045203
3/4/2024 8:00,Location_21,6.15,5.38,8.43,617.14,0.0161,0.0343,0.0041,0.0003,0.0034,18.758058,73.712624
3/4/2024 9:00,Location_22,8.34,6.81,5.98,808.13,0.0305,0.0009,0.0024,0.0495,0.0036,18.674136,74.090806
3/4/2024 10:00,Location_23,6.88,5.61,6.64,884.49,0.047,0.0108,0.0013,0.0182,0.0025,18.565397,73.779411
3/4/2024 11:00,Location_24,6.25,4.61,4.85,1120.06,0.0336,0.0035,0.0086,0.0424,0.005,18.544622,73.744129
3/4/2024 12:00,Location_25,7.21,5,5.52,596.78,0.0037,0.0285,0.0056,0.0267,0.0011,18.695179,73.930789
3/4/2024 13:00,Location_26,6.64,4.88,0.83,957.76,0.023,0.0378,0.0086,0.0065,0.0033,18.696495,73.731994
3/4/2024 14:00,Location_27,6.71,9.84,6.57,919.53,0.0445,0.0055,0.0083,0.0399,0.0043,18.642823,73.940981
3/4/2024 15:00,Location_28,6.77,8.56,1.27,866.66,0.0047,0.0419,0.0028,0.0355,0.0054,18.516587,74.040251
3/4/2024 16:00,Location_29,8.01,9.81,4.63,996.68,0.0494,0.0278,0.0055,0.0264,0.0053,18.770062,73.719159
3/4/2024 17:00,Location_30,7.35,6.64,3.28,463.23,0.0475,0.0345,0.0008,0.0257,0.0031,18.620752,74.019947
3/4/2024 18:00,Location_31,6.78,5.67,5.68,218.51,0.0039,0.0486,0.0092,0.0044,0.0039,18.716197,73.857791
3/4/2024 19:00,Location_32,7.53,8.79,1.77,266.98,0.0467,0.0042,0.004,0.0328,0.0024,18.485723,73.763796
3/4/2024 20:00,Location_33,7.79,5.96,7.07,414.42,0.0182,0.0451,0.0039,0.0456,0.0028,18.537616,73.770439
3/4/2024 21:00,Location_34,6.68,5.8,8.05,800.28,0.0422,0.0063,0.003,0.0047,0.0054,18.749832,74.067506
3/4/2024 22:00,Location_35,7.03,5.4,2.05,1276.62,0.0209,0.0196,0.0046,0.0132,0.0056,18.420043,73.744242
3/4/2024 23:00,Location_36,6.3,4.78,1.49,1081.81,0.022,0.0426,0.0025,0.0451,0.0054,18.604926,74.046713
3/5/2024 0:00,Location_37,6.45,5.54,1.88,1204.66,0.0317,0.0453,0.0037,0.0142,0.0008,18.592682,73.917698
3/5/2024 1:00,Location_38,7.7,6.13,8.83,591.37,0.0387,0.0253,0.008,0.0327,0.0051,18.700492,73.715622
3/5/2024 2:00,Location_39,6.45,8.04,5.52,666.52,0.0017,0.0297,0.0083,0.0267,0.0057,18.512758,73.88579
3/5/2024 3:00,Location_40,7.31,4.38,4.94,651.15,0.0297,0.0354,0.003,0.0298,0.0022,18.487627,74.02698
3/5/2024 4:00,Location_41,7.77,5.26,1.51,368.62,0.0093,0.0416,0.0047,0.0208,0.0031,18.770453,73.990481
3/5/2024 5:00,Location_42,6.27,8.85,6.67,185.7,0.0173,0.0061,0.0087,0.015,0.0047,18.628684,73.895513
3/5/2024 6:00,Location_43,7.42,4.88,8.75,927.28,0.0174,0.0405,0.0005,0.0024,0.0034,18.441876,74.04402
3/5/2024 7:00,Location_44,6.64,6.06,8.37,1484.9,0.0235,0.0241,0.0089,0.0372,0.006,18.477214,73.748146
3/5/2024 8:00,Location_45,8.41,9.19,6.45,333.56,0.0167,0.0225,0.0022,0.0373,0.0027,18.79953,74.063976
3/5/2024 9:00,Location_46,7.21,4.93,1.22,165.36,0.0054,0.0212,0.0068,0.0335,0.0043,18.478244,74.038576
3/5/2024 10:00,Location_47,8.01,4.5,1.57,1191.34,0.0073,0.0255,0.0058,0.0322,0.0048,18.64419,73.983311
3/5/2024 11:00,Location_48,7.38,6.91,0.97,453.62,0.0017,0.0473,0.0055,0.0122,0.003,18.568051,74.027155
3/5/2024 12:00,Location_49,6.11,5.81,2.95,1261.5,0.0235,0.0274,0.0086,0.0011,0.0051,18.75424,73.917526
3/5/2024 13:00,Location_50,7.58,7.38,1.79,1085.51,0.0477,0.0477,0.001,0.0404,0.0033,18.702067,73.970065
3/5/2024 14:00,Location_1,8.38,8.82,2.97,1423.94,0.0058,0.009,0.0035,0.0246,0.0025,18.638781,73.924239
3/5/2024 15:00,Location_2,7.5,4.82,4.16,672.5,0.0473,0.0362,0.0054,0.0153,0.0006,18.404296,73.842171
3/5/2024 16:00,Location_3,8.05,7.48,9.46,1026.76,0.0367,0.0406,0.0081,0.0051,0.0024,18.751918,73.927544
3/5/2024 17:00,Location_4,8.21,7.03,6.3,750.8,0.0319,0.034,0.0022,0.0031,0.0044,18.577867,73.802986
3/5/2024 18:00,Location_5,6.57,4.86,8.43,982.82,0.0323,0.0303,0.008,0.0174,0.0055,18.772631,73.876112
3/5/2024 19:00,Location_6,6.53,7.74,7.25,729.44,0.0413,0.0282,0.004,0.0402,0.0015,18.598216,73.81231
3/5/2024 20:00,Location_7,7.53,5.64,1.57,364.09,0.0053,0.043,0.0019,0.0459,0.0021,18.67769,73.749155
3/5/2024 21:00,Location_8,7.03,6.93,7.49,811.06,0.0252,0.0411,0.0076,0.0448,0.0009,18.427717,73.828745
3/5/2024 22:00,Location_9,8.1,4.49,3.11,840.02,0.0349,0.0061,0.0009,0.046,0.0041,18.698061,74.040795
3/5/2024 23:00,Location_10,8.25,6.76,6.57,1234.85,0.0293,0.0424,0.0051,0.0454,0.0058,18.535198,73.852432
3/6/2024 0:00,Location_11,6.88,5.84,3.74,1129.73,0.0416,0.0207,0.0006,0.0264,0.0038,18.540544,73.999201
3/6/2024 1:00,Location_12,6.59,8.93,9.98,1029.31,0.0036,0.0127,0.0036,0.011,0.0037,18.447462,73.770079
3/6/2024 2:00,Location_13,7.95,4.34,3,258.74,0.0345,0.0435,0.006,0.0399,0.0033,18.458743,73.869768
3/6/2024 3:00,Location_14,6.69,6.51,3.15,1108.86,0.0267,0.0216,0.0056,0.0107,0.0005,18.474304,73.745942
3/6/2024 4:00,Location_15,8.06,6.75,9.34,800.43,0.019,0.0404,0.004,0.0134,0.0044,18.531282,73.755448
3/6/2024 5:00,Location_16,7.06,8.35,0.73,1351.74,0.017,0.0132,0.0043,0.0117,0.0036,18.756788,73.946975
3/6/2024 6:00,Location_17,7.67,7.45,7.12,1387.82,0.031,0.0002,0.0023,0.0257,0.004,18.547304,73.942993
3/6/2024 7:00,Location_18,6.24,8,7.39,177.22,0.0445,0.0248,0.0046,0.0161,0.0054,18.689745,73.785349
3/6/2024 8:00,Location_19,7.56,8.66,8.45,1248.9,0.0248,0.005,0.0095,0.0077,0.0047,18.433099,73.889769
3/6/2024 9:00,Location_20,7.13,9.17,9.76,152.78,0.0412,0.0377,0.0085,0.0227,0.0047,18.63644,74.045322
3/6/2024 10:00,Location_21,7.47,5.88,9.77,614.04,0.0201,0.0138,0.0015,0.0437,0.0056,18.592756,73.769681
3/6/2024 11:00,Location_22,6.42,7.23,1.12,859.22,0.0051,0.0222,0.0003,0.0285,0.0059,18.791183,73.707684
3/6/2024 12:00,Location_23,7.84,9.04,8.31,307.34,0.0031,0.0044,0.0093,0.0439,0.0035,18.738483,73.960798
3/6/2024 13:00,Location_24,8.16,9.94,6.64,1144.84,0.0026,0.0143,0.0053,0.0098,0.0007,18.581932,73.721399
3/6/2024 14:00,Location_25,6.54,9.34,6.65,111.7,0.019,0.0391,0.0054,0.0083,0.0028,18.710057,74.091976
3/6/2024 15:00,Location_26,6.24,6.23,1.72,336.04,0.0169,0.0076,0.0078,0.0288,0.0047,18.477215,73.943848
3/6/2024 16:00,Location_27,6.06,5.17,6.68,913.12,0.0359,0.0324,0.0031,0.0232,0.0002,18.624935,73.888159
3/6/2024 17:00,Location_28,7.6,6.94,9.83,1100.14,0.0371,0.0459,0.0048,0.033,0.0003,18.429848,73.871997
3/6/2024 18:00,Location_29,7.52,8.45,9.16,1383.3,0.0025,0.034,0.0097,0.0397,0.0004,18.539236,73.929228
3/6/2024 19:00,Location_30,7.37,6.96,4.67,1087.7,0.0111,0.0406,0.0067,0.0376,0.0044,18.490345,73.73625
3/6/2024 20:00,Location_31,6.58,6.9,0.88,1040.49,0.0137,0.0054,0.0015,0.0471,0.003,18.687564,74.072008
3/6/2024 21:00,Location_32,6.98,9.03,3.94,652.08,0.0274,0.0125,0.0013,0.0199,0.0022,18.596036,73.950257
3/6/2024 22:00,Location_33,7.49,6.17,8.35,101.8,0.0072,0.0447,0.002,0.0103,0.0006,18.700428,73.773591
3/6/2024 23:00,Location_34,7.24,9.16,7.16,268.22,0.0067,0.0358,0.0077,0.0275,0.0044,18.606118,73.925032
3/7/2024 0:00,Location_35,8.47,6.44,4.86,848.38,0.0472,0.032,0.003,0.0055,0.0019,18.434594,73.753303
3/7/2024 1:00,Location_36,6.34,5.97,1.02,1045.18,0.0402,0.0332,0.0002,0.0144,0.0016,18.694147,73.707021
3/7/2024 2:00,Location_37,7.74,6.72,4.56,684.43,0.009,0.0207,0.0094,0.0104,0.0039,18.733292,73.952207
3/7/2024 3:00,Location_38,7.01,8.57,4.96,1122.95,0.0203,0.0022,0.0017,0.0198,0.0034,18.761412,73.959393
3/7/2024 4:00,Location_39,7.07,4.76,9.32,830.61,0.0178,0.0392,0.0001,0.0056,0.0022,18.628797,73.933479
3/7/2024 5:00,Location_40,7.79,5.18,6.59,203.85,0.0396,0.0339,0.0024,0.0016,0.0038,18.701434,73.773393
3/7/2024 6:00,Location_41,7.73,9.71,3.46,368.82,0.0255,0.0236,0.0024,0.0328,0.0016,18.700818,73.941372
3/7/2024 7:00,Location_42,8.48,5.05,5.49,1276,0.0064,0.045,0.0042,0.0305,0.0048,18.4623,73.722604
3/7/2024 8:00,Location_43,6.32,7.41,1.13,1114.88,0.0369,0.0168,0.0092,0.0354,0.0014,18.465688,73.943695
3/7/2024 9:00,Location_44,6.26,7.48,9.74,1352.67,0.0198,0.0147,0.0088,0.033,0.001,18.428354,73.921607
3/7/2024 10:00,Location_45,7.81,6.94,3.92,264.58,0.0131,0.0436,0.0046,0.0057,0.0047,18.527965,73.962102
3/7/2024 11:00,Location_46,7.45,7.87,5.04,1486.31,0.0188,0.0398,0.0041,0.0146,0.0042,18.589403,74.05819
3/7/2024 12:00,Location_47,6.69,5.38,3.88,393.17,0.0249,0.0257,0.0056,0.0065,0.0011,18.799159,74.040143
3/7/2024 13:00,Location_48,6.2,7.32,6.98,116.49,0.0172,0.0065,0.0024,0.0421,0.0007,18.572397,74.092262
3/7/2024 14:00,Location_49,6.21,6.23,6.79,1496.39,0.0121,0.0108,0.0005,0.0373,0.005,18.690497,74.090496
3/7/2024 15:00,Location_50,8.24,7.97,7.3,493.5,0.0199,0.0328,0.0094,0.0101,0.0047,18.677359,74.008928
3/7/2024 16:00,Location_1,6.48,4.85,3.05,1035.23,0.001,0.0193,0.0019,0.0171,0.002,18.481793,74.082568
3/7/2024 17:00,Location_2,6.81,7.43,3.5,347.36,0.0386,0.0418,0.002,0.0483,0.0039,18.423403,74.046914
3/7/2024 18:00,Location_3,6.57,5.11,1.69,912.32,0.0085,0.0475,0.0047,0.0297,0.0007,18.618403,73.991033
3/7/2024 19:00,Location_4,6.89,5.67,6.73,1365.65,0.0022,0.0403,0.0049,0.0401,0.003,18.680122,73.730154
3/7/2024 20:00,Location_5,6.17,5.31,0.88,548.25,0.0327,0.0189,0.0002,0.0132,0.0001,18.799301,73.71962
3/7/2024 21:00,Location_6,7.3,5.1,6.18,1038.36,0.0387,0.0394,0.0015,0.0105,0.0023,18.543444,74.03504
3/7/2024 22:00,Location_7,6.17,8.95,8.76,363.07,0.0407,0.0176,0.0038,0.0392,0.0004,18.758546,73.895862
3/7/2024 23:00,Location_8,8,5.71,8.96,974.71,0.0247,0.0084,0.0068,0.0343,0.0029,18.552773,74.025843
3/8/2024 0:00,Location_9,6.58,9.56,4.77,571.03,0.0103,0.0017,0.0023,0.034,0.0025,18.675765,73.825167
3/8/2024 1:00,Location_10,7.35,9.82,4.86,395.69,0.0369,0.0193,0.0042,0.0276,0.0027,18.639301,73.85906
3/8/2024 2:00,Location_11,8.2,7.43,1.23,538.45,0.035,0.0452,0.0056,0.0282,0.0003,18.421192,73.980075
3/8/2024 3:00,Location_12,7.63,4.86,6.87,350.38,0.0123,0.0119,0.0089,0.0368,0.0022,18.431355,74.066131
3/8/2024 4:00,Location_13,7.33,6.25,8.3,1362.68,0.0452,0.0103,0.0033,0.0135,0.0045,18.408306,73.735105
3/8/2024 5:00,Location_14,6.81,8.79,2.82,656.06,0.0052,0.0485,0.0013,0.0176,0.0022,18.548334,74.044591
3/8/2024 6:00,Location_15,6.83,6.2,4.5,443.39,0.0491,0.0013,0.0049,0.0436,0.0043,18.69832,74.017205
3/8/2024 7:00,Location_16,7.67,4.52,8.47,727.77,0.043,0.0393,0.0075,0.0154,0.0022,18.469102,73.826216
3/8/2024 8:00,Location_17,8.49,7.34,8.83,548.75,0.0344,0.0161,0.0011,0.0273,0.0025,18.642341,73.842087
3/8/2024 9:00,Location_18,7.65,9.07,2.81,1142.19,0.0469,0.0019,0.0042,0.0351,0.0034,18.515531,73.718585
3/8/2024 10:00,Location_19,7.39,8.78,5.73,1459.71,0.0361,0.0459,0.0002,0.05,0.0057,18.718797,73.706296
3/8/2024 11:00,Location_20,7.83,5.05,2.33,713.25,0.0095,0.007,0.0003,0.0218,0.0007,18.719358,73.890802
3/8/2024 12:00,Location_21,7.16,8.04,1.47,1305.45,0.0221,0.0276,0.0048,0.0214,0.0002,18.710166,73.738216
3/8/2024 13:00,Location_22,6.15,5.32,9.16,892.21,0.0036,0.0137,0.003,0.0421,0.0036,18.609933,73.777601
3/8/2024 14:00,Location_23,7.41,5.31,8.29,320.13,0.0195,0.0033,0.0085,0.0403,0.0057,18.513827,74.038707
3/8/2024 15:00,Location_24,8.39,9.24,7.72,1066.87,0.0371,0.0025,0.006,0.0366,0.0059,18.723778,73.928411
3/8/2024 16:00,Location_25,6.44,5.5,0.96,818.81,0.0193,0.0058,0.0045,0.0232,0.0029,18.47444,73.953453
3/8/2024 17:00,Location_26,7.73,5.58,8.52,1010.85,0.0165,0.0036,0.0041,0.0162,0.0028,18.515904,73.774992
3/8/2024 18:00,Location_27,6.5,4,4.66,1345.56,0.0298,0.038,0.005,0.0304,0.0039,18.473579,74.031465
3/8/2024 19:00,Location_28,7.34,9.22,3.75,716.61,0.0436,0.0243,0.0004,0.0438,0.0033,18.669684,74.047192
3/8/2024 20:00,Location_29,6.24,8.76,5.69,1361.65,0.0024,0.0171,0.0089,0.0442,0.0038,18.674494,73.909331
3/8/2024 21:00,Location_30,7.13,7.76,1.37,1150.94,0.0193,0.0209,0.01,0.0054,0.0052,18.661004,74.065023
3/8/2024 22:00,Location_31,7.89,8.5,7.69,784.05,0.0079,0.0464,0.0018,0.0214,0.0045,18.566241,74.037931
3/8/2024 23:00,Location_32,6.87,4.91,6.03,944.51,0.0348,0.0455,0.0012,0.0232,0.003,18.440068,73.99253
3/9/2024 0:00,Location_33,7.66,6.75,2.27,555.81,0.0053,0.0358,0.0014,0.0489,0.0028,18.764468,73.99363
3/9/2024 1:00,Location_34,7.99,6.11,2.29,1477.04,0.0332,0.0442,0.0066,0.0339,0.0038,18.603092,73.742157
3/9/2024 2:00,Location_35,8.32,4.56,2.25,1034.29,0.0143,0.016,0.0066,0.0204,0.0027,18.562789,73.808334
3/9/2024 3:00,Location_36,6.59,6.92,1.04,161.39,0.0099,0.0191,0.0085,0.0013,0.0027,18.63553,73.726739
3/9/2024 4:00,Location_37,7,9.52,6.08,557.27,0.0468,0.0307,0.0075,0.0283,0.0001,18.477116,73.703472
3/9/2024 5:00,Location_38,6.38,4.24,8.48,972.64,0.0009,0.0312,0.0045,0.0048,0.001,18.45302,73.763324
3/9/2024 6:00,Location_39,8.48,5.75,0.67,178.87,0.0219,0.0241,0.0061,0.0417,0.0029,18.56221,74.052195
3/9/2024 7:00,Location_40,8.32,5.25,0.97,133.44,0.0011,0.02,0.0069,0.0376,0.0049,18.490888,73.79595
3/9/2024 8:00,Location_41,7.35,5.43,5.94,730.03,0.0242,0.0493,0.0051,0.023,0.0017,18.497716,74.088062
3/9/2024 9:00,Location_42,8.11,9.45,8.29,565.77,0.0251,0.0411,0.0048,0.0215,0.0031,18.757005,73.938916
3/9/2024 10:00,Location_43,7.3,6.81,3.6,713.62,0.0161,0.0217,0.0065,0.0449,0.0021,18.612304,73.794903
3/9/2024 11:00,Location_44,7.56,6.8,3.82,467.77,0.0066,0.0364,0.0056,0.0144,0.0006,18.593388,73.898852
3/9/2024 12:00,Location_45,6.22,8.56,6.17,330.6,0.0188,0.0135,0.0064,0.0125,0.0057,18.675792,73.787638
3/9/2024 13:00,Location_46,7.89,4.93,3.11,1064.8,0.0336,0.005,0.0061,0.047,0.0051,18.780619,74.093589
3/9/2024 14:00,Location_47,6.32,6.92,0.75,820.4,0.0391,0.0176,0.0072,0.0405,0.0005,18.444879,74.038906
3/9/2024 15:00,Location_48,8.07,6.58,7.48,380.22,0.0265,0.0201,0.0064,0.041,0.0043,18.733414,73.710496
3/9/2024 16:00,Location_49,7.96,7.58,6.44,547.43,0.0295,0.0008,0.0052,0.0098,0.0021,18.633608,74.07911
3/9/2024 17:00,Location_50,7.77,10,6.02,928.53,0.01,0.0407,0.0068,0.0072,0.006,18.458466,73.988426
3/9/2024 18:00,Location_1,6.09,8.62,7.55,201.12,0.0144,0.018,0.0045,0.0013,0.0018,18.51886,73.732953
3/9/2024 19:00,Location_2,6.76,6.39,6.91,306.43,0.0081,0.029,0.0024,0.0119,0.0014,18.592945,73.968255
3/9/2024 20:00,Location_3,6.66,8.97,2.46,202.54,0.0125,0.0037,0,0.0387,0.0034,18.676471,73.958771
3/9/2024 21:00,Location_4,6.9,5.02,3.85,1237.24,0.0112,0.0087,0.0056,0.012,0.005,18.497043,73.787515
3/9/2024 22:00,Location_5,6.22,4.18,1.7,1153.37,0.026,0.0445,0.0059,0.0365,0.0012,18.613952,74.003379
3/9/2024 23:00,Location_6,8.34,5.23,1.73,1154.64,0.0281,0.0304,0.0097,0.0126,0.0043,18.673869,73.734826
3/10/2024 0:00,Location_7,7.38,6.04,6.92,1102.86,0.0472,0.0475,0.0036,0.0198,0.0004,18.579496,73.895778
3/10/2024 1:00,Location_8,6.76,7.06,8.66,1037.14,0.0098,0.0499,0.0039,0.0492,0.0055,18.74521,73.703969
3/10/2024 2:00,Location_9,6.99,7.69,9.65,767.79,0.0321,0.0186,0.002,0.0122,0.0005,18.747784,74.087495
3/10/2024 3:00,Location_10,7.12,9.46,6.47,999.19,0.0409,0.0149,0.0007,0.0188,0.0055,18.588276,74.000625
3/10/2024 4:00,Location_11,7.5,7.06,2.25,153.71,0.028,0.0429,0.0077,0.0151,0.0029,18.78917,73.763541
3/10/2024 5:00,Location_12,7.29,7.01,1.5,970.05,0.0128,0.0499,0.0025,0.0055,0.0027,18.430234,73.83667
3/10/2024 6:00,Location_13,8.3,4.3,8.22,1189.03,0.0131,0.0315,0.0061,0.0245,0.0058,18.401345,73.764225
3/10/2024 7:00,Location_14,7.24,4.21,6,800.5,0.002,0.0398,0.0069,0.0189,0.0059,18.552267,74.006647
3/10/2024 8:00,Location_15,8.48,7.31,6.37,600.52,0.0153,0.0391,0.0047,0.0347,0.0039,18.640439,73.723559
3/10/2024 9:00,Location_16,8.13,6.63,7.92,488.4,0.0372,0.0178,0.0088,0.0409,0.0008,18.65168,74.036163
3/10/2024 10:00,Location_17,6.52,9.04,7.18,999.92,0.0024,0.0287,0.0044,0.0272,0.003,18.590578,74.076879
3/10/2024 11:00,Location_18,8.33,4.96,8.43,1069.92,0.011,0.0417,0.0028,0.0016,0.0032,18.449953,73.970651
3/10/2024 12:00,Location_19,6.29,4.15,1.03,1319.35,0.0353,0.0344,0.009,0.0309,0.0031,18.468199,73.785186
3/10/2024 13:00,Location_20,8.04,6.69,7.6,579.27,0.0391,0.0011,0.0086,0.0028,0.0034,18.740859,73.844036
3/10/2024 14:00,Location_21,6.95,5.42,8.58,1177.68,0.0228,0.0168,0.0016,0.0308,0.0001,18.747164,73.890896
3/10/2024 15:00,Location_22,8.19,4.3,3.22,885.9,0.0349,0.0072,0.0003,0.0343,0.0043,18.669559,73.94185
3/10/2024 16:00,Location_23,8.17,8.35,6.58,1335.97,0.0194,0.0116,0.0009,0.0099,0.0043,18.665687,73.967465
3/10/2024 17:00,Location_24,8.01,4.67,3.48,838.94,0.008,0.0453,0.0029,0.041,0.0007,18.639073,73.921686
3/10/2024 18:00,Location_25,7.98,7.65,9.6,824.68,0.0199,0.0018,0.0097,0.0456,0.0034,18.48117,73.840526
3/10/2024 19:00,Location_26,6.76,5.69,0.82,909.03,0.029,0.011,0.0056,0.0407,0.0034,18.5713,74.056367
3/10/2024 20:00,Location_27,6.2,5.04,6.01,1149.04,0.0474,0.0155,0.0037,0.0153,0.0041,18.678358,73.732557
3/10/2024 21:00,Location_28,7.01,6.28,2.08,1450.57,0.0034,0.0308,0.0089,0.0293,0.0005,18.614901,73.886502
3/10/2024 22:00,Location_29,6.43,8.81,7.27,202.99,0.0254,0.0267,0.0045,0.0457,0.0038,18.407432,74.010226
3/10/2024 23:00,Location_30,7.74,6.35,2.17,174.81,0.0164,0.0109,0.0032,0.016,0.0017,18.781423,73.724349
3/11/2024 0:00,Location_31,6.87,8.5,2.74,1412.57,0.0254,0.0082,0.0094,0.041,0.003,18.737926,73.982134
3/11/2024 1:00,Location_32,8.44,4.75,5.2,841.83,0.0012,0.0118,0.0085,0.0005,0.0046,18.504218,74.027885
3/11/2024 2:00,Location_33,7.6,8.64,9.19,960.86,0.0157,0.0251,0.0084,0.0002,0.0042,18.646584,73.964333
3/11/2024 3:00,Location_34,8.06,5.42,2.51,775.39,0.041,0.0136,0.0051,0.038,0.0007,18.769296,73.705175
3/11/2024 4:00,Location_35,6.33,8.06,1.87,231.12,0.0277,0.0474,0.0079,0.0381,0.0035,18.438404,73.772055
3/11/2024 5:00,Location_36,8.16,7.39,7.71,1175.33,0.0225,0.0232,0.0018,0.0394,0.0058,18.601212,73.836845
3/11/2024 6:00,Location_37,8.31,9.57,5.26,1146.11,0.0143,0.0029,0.0057,0.0465,0.0009,18.582497,73.793476
3/11/2024 7:00,Location_38,7.22,6.32,9.16,536.38,0.0149,0.0365,0.0098,0.0059,0.0051,18.564082,74.085061
3/11/2024 8:00,Location_39,7.52,4.4,1.89,528.73,0.0192,0.0164,0.0029,0.0116,0.0042,18.734235,73.960638
3/11/2024 9:00,Location_40,7.91,4.11,6.64,1272.98,0.0418,0.0327,0.0079,0.0452,0.0046,18.552258,73.818788
3/11/2024 10:00,Location_41,6.44,8.96,2.71,201.3,0.0484,0.014,0.0049,0.0089,0.0017,18.425465,74.071879
3/11/2024 11:00,Location_42,7.26,7.15,1.99,1333.55,0.0219,0.0285,0.0004,0.0341,0.0017,18.426335,73.996238
3/11/2024 12:00,Location_43,7,8.65,6.99,459.33,0.0197,0.0386,0.0076,0.0265,0.0054,18.417098,73.813843
3/11/2024 13:00,Location_44,6.37,5.41,6.14,930.18,0.0423,0.0464,0.0017,0.0042,0.0022,18.563658,73.851553
3/11/2024 14:00,Location_45,6.92,6.07,7.67,1410.39,0.0213,0.0131,0.0063,0.0143,0.0004,18.687363,73.779772
3/11/2024 15:00,Location_46,6.17,4.18,3.44,1049.37,0.0276,0.0167,0.0009,0.026,0.0036,18.481489,74.08843
3/11/2024 16:00,Location_47,6.06,9.77,4.76,680.2,0.0115,0.0232,0.0095,0.0426,0.0007,18.658587,73.906919
3/11/2024 17:00,Location_48,6.34,8.01,4.35,1065.35,0.0372,0.0464,0.0029,0.0354,0.0048,18.674835,74.058423
3/11/2024 18:00,Location_49,8.41,9.6,9.85,581.57,0.0266,0.0451,0.0023,0.0311,0.0039,18.502081,73.8386
3/11/2024 19:00,Location_50,7.37,5.59,3.28,488.16,0.0405,0.0045,0.0013,0.0248,0.0052,18.640223,74.044337
3/11/2024 20:00,Location_1,8.41,7.67,3.3,1495.36,0.039,0.0066,0.0095,0.0149,0.0047,18.673947,73.721555
3/11/2024 21:00,Location_2,7.08,8.07,3.87,1151.11,0.0108,0.0248,0.0071,0.006,0.0007,18.586645,74.092836
3/11/2024 22:00,Location_3,6.78,5.91,5.86,1002.61,0.0358,0.0053,0.0074,0.0205,0.0023,18.534687,74.064814
3/11/2024 23:00,Location_4,7.27,9.09,2.9,597.41,0.04,0.0173,0.005,0.0014,0.0046,18.647661,73.845281
3/12/2024 0:00,Location_5,7.1,9.68,9.2,168.83,0.0173,0.0074,0.0047,0.0106,0.0025,18.791139,74.009889
3/12/2024 1:00,Location_6,6.26,9.31,3.02,143.48,0.0086,0.0318,0.0011,0.0216,0.0058,18.570737,74.000903
3/12/2024 2:00,Location_7,7.6,8.43,9.01,875.85,0.0001,0.0475,0.0056,0.0209,0.0044,18.556694,74.060502
3/12/2024 3:00,Location_8,6.54,5.66,1.48,1166.85,0.0225,0.0498,0.0025,0.0022,0.0001,18.585707,73.822902
3/12/2024 4:00,Location_9,7.55,5.69,6.74,852.33,0.0176,0.0188,0.0098,0.0295,0.0053,18.430487,73.886208
3/12/2024 5:00,Location_10,7.63,9.78,9.12,1277.1,0.0277,0.03,0.008,0.0275,0.0006,18.621265,74.046
3/12/2024 6:00,Location_11,6.38,4.06,2.1,146.8,0.0094,0.0428,0.0041,0.0039,0.0008,18.531479,74.011432
3/12/2024 7:00,Location_12,6.15,8.3,9.7,613.45,0.043,0.0059,0.0015,0.0472,0.0044,18.448569,73.857387
3/12/2024 8:00,Location_13,7.95,8.24,4.8,431.9,0.0129,0.0345,0.0079,0.005,0.0052,18.586503,74.03829
3/12/2024 9:00,Location_14,7.15,7.74,9.48,726.18,0.0113,0.0204,0.0012,0.0427,0.0032,18.401354,73.718782
3/12/2024 10:00,Location_15,6.15,9.94,6.93,201.33,0.024,0.0103,0.0019,0,0.0017,18.560714,74.012819
3/12/2024 11:00,Location_16,8.49,5.87,3.37,1435.78,0.0249,0.0201,0.0021,0.0441,0.0021,18.442294,73.782706
3/12/2024 12:00,Location_17,6.14,6.04,2.29,412.56,0.0108,0.0038,0.0056,0.001,0.0021,18.409717,73.814448
3/12/2024 13:00,Location_18,7.74,4.47,3.39,1391.23,0.0136,0.0348,0.0079,0.0379,0.002,18.72979,73.897286
3/12/2024 14:00,Location_19,8.46,6.66,1.38,696.25,0.0085,0.0126,0.0031,0.0181,0.0015,18.7665,73.879894
3/12/2024 15:00,Location_20,6.6,5.57,1.87,1479.73,0.0359,0.0156,0.0008,0.0369,0.0037,18.48307,73.908228
3/12/2024 16:00,Location_21,6.36,6.06,1.49,875.68,0.0385,0.0061,0.0046,0.0201,0.0054,18.615719,73.91791
3/12/2024 17:00,Location_22,6.3,9.01,4.52,1403.17,0.0231,0.0432,0.0075,0.0035,0.0018,18.511183,73.832611
3/12/2024 18:00,Location_23,6.76,9.61,8.06,107.49,0.0357,0.0247,0.0022,0.0384,0.0011,18.597431,73.770091
3/12/2024 19:00,Location_24,6.25,5.11,1.84,1147.53,0.0368,0.0286,0.0022,0.0036,0.005,18.574653,74.007392
3/12/2024 20:00,Location_25,7.73,6.24,1.74,1364.27,0.0069,0.0285,0.0095,0.0461,0.0045,18.50762,73.85999
3/12/2024 21:00,Location_26,6.16,9.57,6.61,295.61,0.0483,0.0205,0.0095,0.0025,0.0056,18.680157,73.902336
3/12/2024 22:00,Location_27,7.27,4.37,2.37,234.58,0.0411,0.0096,0.0099,0.024,0.001,18.450596,73.957879
3/12/2024 23:00,Location_28,8.49,4.55,1.43,694.4,0.0102,0.0373,0.0081,0.0362,0.0009,18.421229,74.063855
3/13/2024 0:00,Location_29,8.03,4.98,2.09,1407.15,0.0093,0.0064,0.0019,0.0197,0.0032,18.70707,73.983021
3/13/2024 1:00,Location_30,7.54,7.57,9.28,859.34,0.0063,0.0052,0.0021,0.0109,0.0037,18.666372,73.718184
3/13/2024 2:00,Location_31,6.77,4.9,8.3,838.44,0.0069,0.0355,0.0034,0.038,0.0029,18.59941,74.035424
3/13/2024 3:00,Location_32,7.56,9.81,3.86,297.58,0.0374,0.0104,0.0032,0.0392,0.0036,18.587116,74.095742
3/13/2024 4:00,Location_33,7.32,6.68,6.73,101.11,0.0235,0.0153,0.0096,0.0461,0.0011,18.598965,73.888994
3/13/2024 5:00,Location_34,7.07,7.01,5.6,1234.2,0.0391,0.0238,0.0079,0.0188,0.0029,18.57481,74.087836
3/13/2024 6:00,Location_35,6.33,5.48,6.93,222.6,0.0373,0.0225,0.0072,0.0253,0.0039,18.557157,73.918931
3/13/2024 7:00,Location_36,8.22,6.83,6.99,987.39,0.0302,0.0354,0.0019,0.0182,0.0026,18.599876,73.883846
3/13/2024 8:00,Location_37,7.12,7.97,6.47,1380.46,0.0343,0.0312,0.0091,0.0129,0.0041,18.611406,73.832562
3/13/2024 9:00,Location_38,6.49,8.51,3.03,392.11,0.0009,0.0322,0.0083,0.0376,0.0027,18.676761,73.963022
3/13/2024 10:00,Location_39,6.92,8.52,0.87,1031.38,0.0156,0.0357,0.0016,0.017,0.002,18.684483,73.791928
3/13/2024 11:00,Location_40,7.04,7.47,4.83,210.18,0.0319,0.0146,0.0087,0.0214,0.0018,18.551052,73.741974
3/13/2024 12:00,Location_41,8.07,9.43,8.96,945.26,0.0005,0.0161,0.0027,0.0202,0.0025,18.565416,73.710895
3/13/2024 13:00,Location_42,7.83,8.9,5.91,329.5,0.0016,0.0219,0.0008,0.0356,0.0001,18.549479,73.816952
3/13/2024 14:00,Location_43,7.92,8.54,8.41,1130.33,0.0426,0.0154,0.0066,0.0459,0.004,18.614614,73.858308
3/13/2024 15:00,Location_44,6.03,4.33,9.92,521.72,0.0342,0.0492,0.0065,0.0333,0.0051,18.581341,73.920831
3/13/2024 16:00,Location_45,7.04,4.04,2.05,748.75,0.0133,0.0407,0.0009,0.0236,0.0021,18.755839,73.8171
3/13/2024 17:00,Location_46,7.2,5.27,7.07,939.2,0.0344,0.0082,0.0032,0.039,0.0003,18.678545,74.093624
3/13/2024 18:00,Location_47,6.05,7.98,6.91,339.78,0.0396,0.0003,0.0099,0.032,0.0059,18.759463,73.816698
3/13/2024 19:00,Location_48,6.65,6.47,9.81,1138.29,0.0153,0.0021,0.0068,0.003,0.0016,18.683655,73.87639
3/13/2024 20:00,Location_49,7.9,6.41,9.86,523.7,0.0018,0.0122,0.0073,0.0048,0.0008,18.788397,73.74131
3/13/2024 21:00,Location_50,6.34,9.31,7.02,1027.32,0.0466,0.0057,0.0021,0.0019,0.0022,18.654295,73.804251
3/13/2024 22:00,Location_1,7.34,9.37,2.81,321.6,0.0173,0.0267,0.0008,0.0228,0.0044,18.78542,73.719333
3/13/2024 23:00,Location_2,6.54,9.46,8.09,1063.36,0.0053,0.0429,0.0028,0.0413,0.0018,18.463268,73.923803
3/14/2024 0:00,Location_3,6.03,5.88,1.52,279.46,0.0246,0.0368,0.0025,0.0157,0.0034,18.420991,74.000426
3/14/2024 1:00,Location_4,6.6,8.15,7.92,695.5,0.0384,0.0108,0.0023,0.0192,0.0025,18.63165,73.778284
3/14/2024 2:00,Location_5,8.44,5.63,9.15,446.09,0.0111,0.02,0.0019,0.0455,0.0007,18.793397,73.847164
3/14/2024 3:00,Location_6,8,5.14,4.14,1147.73,0.0135,0.0254,0.0057,0.0418,0.002,18.567042,73.706646
3/14/2024 4:00,Location_7,8.4,5.11,6.49,466.85,0.0121,0.0405,0.0033,0.0333,0.0043,18.484817,74.035809
3/14/2024 5:00,Location_8,7.22,6.05,4.59,1334.4,0.0496,0.042,0.0082,0.0133,0.0037,18.608617,74.011985
3/14/2024 6:00,Location_9,6.27,6.58,4.66,1348.55,0.0099,0.0455,0.0018,0.0059,0.0007,18.659519,73.725302
3/14/2024 7:00,Location_10,7.37,8.99,3.45,375.02,0.0288,0.0255,0.0046,0.0008,0.001,18.526071,73.845947
3/14/2024 8:00,Location_11,7.14,4.72,7.74,959.38,0.0463,0.0347,0.0001,0.0054,0.0038,18.685908,74.082115
3/14/2024 9:00,Location_12,8.11,8.41,9.39,222.8,0.0073,0.0056,0.0048,0.0146,0.0049,18.790046,73.856811
3/14/2024 10:00,Location_13,6.25,7.19,9.44,648.15,0.0485,0.0283,0.0006,0.0276,0.0021,18.758785,73.910483
3/14/2024 11:00,Location_14,7.22,5.73,2.16,1098.65,0.0474,0.0124,0.0098,0.0032,0.0036,18.516634,73.842097
3/14/2024 12:00,Location_15,6.38,6.96,8.81,1023.19,0.0442,0.0216,0.0079,0.0068,0.001,18.530689,73.938453
3/14/2024 13:00,Location_16,6.81,5.8,7.51,974.58,0.0107,0.0317,0.0049,0.0091,0.0019,18.548616,74.091263
3/14/2024 14:00,Location_17,7.84,7.58,2.9,495.56,0.0317,0.0128,0.0009,0.0316,0.0001,18.557821,74.099001
3/14/2024 15:00,Location_18,7.19,6.6,1.14,629.23,0.038,0.0026,0.0059,0.0308,0.0046,18.440128,74.009886
3/14/2024 16:00,Location_19,6.94,4.99,3.05,244.12,0.0493,0.0005,0.0076,0.0275,0.0024,18.704785,73.861724
3/14/2024 17:00,Location_20,6.99,4.7,9.17,1106.63,0.009,0.0011,0.0019,0.0125,0.0049,18.546136,73.897773
3/14/2024 18:00,Location_21,7.15,7.28,6.52,805.44,0.0383,0.0004,0.0057,0.0186,0.0043,18.751928,73.842693
3/14/2024 19:00,Location_22,7.96,9.41,7.35,1092.27,0.0169,0.0055,0.0081,0.0048,0.005,18.770776,74.09423
3/14/2024 20:00,Location_23,8.23,6.06,2.94,448.52,0.0088,0.012,0.0077,0.0113,0.0017,18.409773,73.983104
3/14/2024 21:00,Location_24,8.39,8.4,7.33,554.21,0.0211,0.0111,0.008,0.0449,0.0011,18.795401,73.879573
3/14/2024 22:00,Location_25,7.97,7.95,0.77,567.9,0.0397,0.0493,0.0088,0.049,0.0058,18.684009,73.704846
3/14/2024 23:00,Location_26,6.79,9.59,4.07,136.04,0.0232,0.0153,0.0094,0.0324,0.0043,18.608157,73.908193
3/15/2024 0:00,Location_27,7.72,8.93,6.45,577.47,0.0269,0.0064,0.0041,0.0458,0.005,18.555811,74.093571
3/15/2024 1:00,Location_28,7.09,7.4,1.89,1224.63,0.0498,0.0273,0.0057,0.0321,0.0001,18.607407,73.909224
3/15/2024 2:00,Location_29,6.64,7.94,8.32,1356.22,0.02,0.0429,0.0079,0.0017,0.0021,18.52985,73.772971
3/15/2024 3:00,Location_30,8.1,9.39,2.73,825.51,0.0308,0.0339,0.007,0.0498,0.0045,18.649075,73.708837
3/15/2024 4:00,Location_31,6.1,6.4,6.7,737.7,0.0183,0.0148,0.01,0.0049,0.0005,18.437192,73.841882
3/15/2024 5:00,Location_32,8.25,5.96,4.35,143.15,0.0196,0.0281,0.0001,0.0341,0.0034,18.648449,74.067291
3/15/2024 6:00,Location_33,7.15,4.06,6.16,1330.89,0.0348,0.0357,0.0036,0.0126,0.0026,18.510138,74.098622
3/15/2024 7:00,Location_34,7.59,8.96,1.52,118.21,0.0469,0.0364,0.0028,0.0196,0.0001,18.407054,74.078147
3/15/2024 8:00,Location_35,7.65,8.81,0.66,1422.65,0.0271,0.0333,0.0026,0.0323,0.0014,18.621082,73.991768
3/15/2024 9:00,Location_36,8.24,4.63,9.14,784.9,0.0384,0.0435,0.0022,0.0218,0.0017,18.631379,73.923257
3/15/2024 10:00,Location_37,7.59,7.46,3.06,578.71,0.0045,0.0435,0.0071,0.0125,0.0007,18.570628,73.936274
3/15/2024 11:00,Location_38,7.53,6.78,8.29,1393.91,0.0106,0.0289,0.0008,0.0167,0.0038,18.428914,73.915597
3/15/2024 12:00,Location_39,6.17,4.71,9.99,134.15,0.0251,0.0215,0.0074,0.0171,0.0015,18.757337,73.98282
3/15/2024 13:00,Location_40,7.3,9.88,2.51,913.99,0.001,0.0321,0.0069,0.048,0.0017,18.644572,73.867549
3/15/2024 14:00,Location_41,6.38,5.29,3.02,868.51,0.0126,0.0409,0.0025,0.0399,0.0054,18.446285,73.967682
3/15/2024 15:00,Location_42,7.84,4.4,6.8,407.05,0.0259,0.0003,0.0025,0.0229,0.0028,18.604372,73.748645
3/15/2024 16:00,Location_43,7.28,7.57,9.67,700.44,0.0007,0.0496,0.0063,0.01,0.0024,18.598902,73.806278
3/15/2024 17:00,Location_44,7.7,8.43,9.2,1013.17,0.0132,0.0091,0.0076,0.0406,0.0043,18.424161,74.034401
3/15/2024 18:00,Location_45,6.1,4.19,5.28,1117.98,0.0257,0.0235,0.0088,0.0079,0.0055,18.642744,74.0615
3/15/2024 19:00,Location_46,6.21,7.95,8.05,101,0.0287,0.0436,0.0085,0.0105,0.0002,18.723331,73.915603
3/15/2024 20:00,Location_47,7.79,7.19,1.79,1411.59,0.0463,0.0113,0.0096,0.0183,0.0027,18.699603,73.712654
3/15/2024 21:00,Location_48,6.18,4.62,9.79,330.34,0.0323,0.0238,0.0058,0.044,0.0037,18.481188,74.070789
3/15/2024 22:00,Location_49,6.18,5.04,9.66,427.01,0.0207,0.0066,0.0091,0.0066,0.0019,18.744917,73.980826
3/15/2024 23:00,Location_50,6.03,7.41,2.06,468.86,0.0465,0.0198,0.0081,0.0061,0.0046,18.537017,73.865611
3/16/2024 0:00,Location_1,8.39,5.78,3.34,152.95,0.0392,0.0089,0.0089,0.0247,0.0058,18.778603,73.939352
3/16/2024 1:00,Location_2,7.84,9.63,1.45,272.27,0.01,0.0182,0.0001,0.0138,0.0057,18.428699,73.87191
3/16/2024 2:00,Location_3,6.88,8.91,3.08,1480.89,0.0065,0.0187,0.0097,0.0284,0.0016,18.594483,73.886136
3/16/2024 3:00,Location_4,6.74,9.9,8.25,541.3,0.0338,0.0497,0.0047,0.0226,0.0014,18.63885,74.054724
3/16/2024 4:00,Location_5,6.87,5.56,4.09,261.42,0.028,0.0497,0.008,0.0217,0.0057,18.49906,73.764434
3/16/2024 5:00,Location_6,7.94,9.82,1.34,249.79,0.0395,0.0057,0.0013,0.0056,0.0028,18.708552,73.741468
3/16/2024 6:00,Location_7,7.65,6.59,3.75,1107.24,0.0369,0.0363,0.004,0.0071,0.0012,18.650758,73.701091
3/16/2024 7:00,Location_8,6.46,6.09,9.82,1296.4,0.0313,0.0026,0.0027,0.0411,0.0042,18.407244,73.8256
3/16/2024 8:00,Location_9,6.44,4.3,6.48,459.73,0.0493,0.0015,0.0029,0.0443,0.0017,18.643347,73.758966
3/16/2024 9:00,Location_10,6.25,4.32,4.45,129.27,0.0267,0.0053,0.0012,0.0117,0.0016,18.596591,73.787994
3/16/2024 10:00,Location_11,7.65,8.15,2.08,412.33,0.0057,0.0483,0.0081,0.0057,0.0053,18.478412,73.704496
3/16/2024 11:00,Location_12,7.91,6.75,9.87,179.12,0.0414,0.047,0.0001,0.0027,0.001,18.798299,73.790878
3/16/2024 12:00,Location_13,6.66,5.36,8.3,244.75,0.0126,0.0097,0.0031,0.0304,0.0004,18.758865,73.833085
3/16/2024 13:00,Location_14,6.05,7.68,3.17,704.11,0.0389,0.0081,0.0017,0.0358,0.0016,18.517003,73.712627
3/16/2024 14:00,Location_15,6.21,5.52,1.17,421.89,0.0479,0.012,0.0059,0.0186,0.0036,18.616428,73.943162
3/16/2024 15:00,Location_16,8.42,7.47,1.04,822.32,0.0348,0.0258,0.0025,0.034,0.0007,18.526601,73.92752
3/16/2024 16:00,Location_17,6.74,6.16,1.64,454.89,0.0298,0.0285,0.0026,0.0356,0.0028,18.710198,73.738814
3/16/2024 17:00,Location_18,7.92,8.94,6.02,1416.75,0.023,0.0111,0.0049,0.0468,0.0038,18.772133,73.938004
3/16/2024 18:00,Location_19,7.56,8.92,9.32,1368.32,0.0182,0.0378,0.0065,0.0032,0.0051,18.543531,74.099462
3/16/2024 19:00,Location_20,6.95,6.86,5.22,893.53,0.0177,0.0155,0.0012,0.0096,0.0014,18.722234,74.077788
3/16/2024 20:00,Location_21,6.51,6.1,8.51,596.19,0.0318,0.0461,0.0018,0.0034,0.0049,18.599363,73.701068
3/16/2024 21:00,Location_22,6.3,6.18,4.74,633.61,0.0376,0.0328,0.0025,0.0434,0.0014,18.558631,74.018151
3/16/2024 22:00,Location_23,7.54,8.83,7.23,676.59,0.0339,0.0218,0.0097,0.0396,0.0041,18.775369,73.841442
3/16/2024 23:00,Location_24,7.94,5.97,7.45,1118.61,0.0099,0.0395,0.004,0.0287,0.0026,18.604162,73.725461
3/17/2024 0:00,Location_25,7.61,5.25,2.15,732.29,0.0247,0.0409,0.006,0.0042,0.0007,18.586964,73.818393
3/17/2024 1:00,Location_26,7.33,4.51,3.93,1299.42,0.0396,0.0145,0.0024,0.0137,0.0043,18.668974,73.828695
3/17/2024 2:00,Location_27,6.1,6.8,6.55,1421.73,0.0238,0.017,0.0049,0.0149,0.0013,18.504494,73.909298
3/17/2024 3:00,Location_28,8.42,6.89,1.17,570.32,0.0268,0.0468,0.0007,0.028,0.0011,18.529917,73.964434
3/17/2024 4:00,Location_29,8,9.05,3.93,884.97,0.0386,0.0082,0.0003,0.0129,0.0021,18.772818,73.999622
3/17/2024 5:00,Location_30,6.73,5.33,5.58,233.08,0.0331,0.0021,0.0047,0.0036,0.0039,18.671412,73.798361
3/17/2024 6:00,Location_31,8.45,6.29,9.96,380.66,0.0205,0.0227,0.004,0.0365,0.0014,18.730655,73.828708
3/17/2024 7:00,Location_32,7.5,8.85,5.01,678.85,0.0448,0.0401,0.0014,0.015,0.0011,18.508445,73.823353
3/17/2024 8:00,Location_33,7.46,8.94,8.25,388.68,0.0081,0.0386,0.0069,0.0226,0.0001,18.617516,73.845095
3/17/2024 9:00,Location_34,7.87,6.31,4.6,1327.18,0.0498,0.046,0.0099,0.0064,0.0028,18.788559,74.099863
3/17/2024 10:00,Location_35,8.03,6.75,8.07,321.6,0.0059,0.0267,0.004,0.0401,0.0026,18.527482,74.011177
3/17/2024 11:00,Location_36,7.64,5.82,6.16,737.93,0.0007,0.005,0.0062,0.0283,0.0014,18.464191,74.089996
3/17/2024 12:00,Location_37,6.32,9.6,8.92,947.98,0.0445,0.0294,0.0096,0.0451,0.0003,18.604354,73.977244
3/17/2024 13:00,Location_38,6.85,4.71,4.4,1068.61,0.0122,0.0389,0.0083,0.0248,0.0026,18.555128,73.862508
3/17/2024 14:00,Location_39,8.32,9.6,6.24,636.3,0.0365,0.0047,0.0046,0.0471,0.0047,18.463831,73.855898
3/17/2024 15:00,Location_40,6.56,8.1,6.49,1316.74,0.0406,0.0086,0.0074,0.0446,0.0043,18.755421,73.895432
3/17/2024 16:00,Location_41,6.93,7.19,4.47,895.65,0.0429,0.0006,0.0013,0.0288,0.0052,18.79629,73.866748
3/17/2024 17:00,Location_42,7.08,4.2,1.87,715.31,0.0496,0.0297,0.0051,0.0467,0.0001,18.627433,74.03133
3/17/2024 18:00,Location_43,7.1,6.85,1.39,194.14,0.0147,0.0443,0.0028,0.0162,0.0058,18.709871,73.886001
3/17/2024 19:00,Location_44,7.53,6.45,0.66,750.57,0.0355,0.0335,0.0016,0.0183,0.002,18.743615,73.818246
3/17/2024 20:00,Location_45,8.36,4.97,8.8,1249.03,0.0058,0.0491,0.0043,0.0023,0.0059,18.680393,74.009944
3/17/2024 21:00,Location_46,6.6,7.94,2.75,960.36,0.0203,0.0032,0.0013,0.0295,0.0015,18.417662,74.041768
3/17/2024 22:00,Location_47,6.3,9.83,2.51,1265.03,0.0424,0.0452,0.007,0.0361,0.0028,18.463054,73.868172
3/17/2024 23:00,Location_48,6.49,7.37,7.49,791.62,0.0184,0.0407,0.0046,0.0387,0.0021,18.428396,73.967123
3/18/2024 0:00,Location_49,8.22,8.29,3.54,265.85,0.0296,0.0157,0.0053,0.0075,0.0021,18.403952,73.723522
3/18/2024 1:00,Location_50,7.61,4.41,5.31,119.1,0.0252,0.0487,0.0015,0.0222,0.0051,18.522399,73.911786
3/18/2024 2:00,Location_1,6.71,6.51,2.04,524.51,0.0323,0.0144,0.0014,0.0088,0.0045,18.556942,73.717992
3/18/2024 3:00,Location_2,8.04,4.7,9.62,1077.19,0.0486,0.0445,0.0058,0.0331,0.006,18.496412,73.711676
3/18/2024 4:00,Location_3,8.15,7.68,8.59,1206.36,0.0028,0.044,0.0099,0.0079,0.0037,18.425842,73.94517
3/18/2024 5:00,Location_4,8.12,9.63,8.71,514.05,0.0287,0.0379,0.001,0.0452,0.0028,18.611945,73.821334
3/18/2024 6:00,Location_5,8.3,7.97,4.36,793.92,0.0432,0.0282,0.0029,0.0115,0.0005,18.509328,73.997015
3/18/2024 7:00,Location_6,6.63,4.46,7.74,689.57,0.0241,0.006,0.0087,0.0146,0.006,18.718415,74.058433
3/18/2024 8:00,Location_7,7.89,6.13,1.87,674.73,0.0039,0.0266,0.0007,0.0425,0.0033,18.403221,73.755756
3/18/2024 9:00,Location_8,7.15,7.3,0.58,423.89,0.028,0.0178,0.0088,0.0229,0.0042,18.737011,73.989809
3/18/2024 10:00,Location_9,8.1,6.42,0.69,290.92,0.0166,0.0396,0.0052,0.0012,0.0024,18.781901,73.905808
3/18/2024 11:00,Location_10,7.82,9,6.07,375.36,0.0077,0.0379,0.0041,0.0247,0.0033,18.686454,73.744848
3/18/2024 12:00,Location_11,7.94,8.89,4.83,177.47,0.0425,0.0455,0.0031,0.0042,0.0057,18.693458,73.960637
3/18/2024 13:00,Location_12,7.64,7.67,5.42,377.38,0.0261,0.0007,0.003,0.0493,0.001,18.773425,73.943787
3/18/2024 14:00,Location_13,6.44,6.24,0.57,112.88,0.0467,0.0405,0.0031,0.0294,0.0018,18.483629,73.906257
3/18/2024 15:00,Location_14,7.36,5.53,4.52,978.16,0.0403,0.0469,0.0088,0.0128,0.0009,18.797826,74.070588
3/18/2024 16:00,Location_15,8.46,4.64,7.32,542.93,0.0346,0.0395,0.0072,0.0282,0.0048,18.709392,73.908432
3/18/2024 17:00,Location_16,8.34,6.13,4.71,1462.4,0.0003,0.0065,0.0067,0.0038,0.0004,18.690628,74.096206
3/18/2024 18:00,Location_17,6.11,6.48,7.46,371.2,0.0214,0.0041,0.008,0.04,0.0005,18.544436,73.903692
3/18/2024 19:00,Location_18,6.41,8.05,2.71,584.16,0.0099,0.001,0.0026,0.0463,0.0018,18.618311,73.746341
3/18/2024 20:00,Location_19,6.33,7.95,8.22,600.98,0.0455,0.0314,0.0062,0.0437,0.0031,18.661567,73.888189
3/18/2024 21:00,Location_20,7.81,4.42,6.09,111.83,0.0087,0.0315,0.0046,0.0171,0.0024,18.648137,73.772932
3/18/2024 22:00,Location_21,8.04,6.37,2.5,1274.89,0.0143,0.0493,0.0078,0.0163,0.0003,18.681994,73.938853
3/18/2024 23:00,Location_22,6.53,5.09,2.75,144.79,0.0258,0.0199,0.0031,0.0018,0.0057,18.432953,73.977253
3/19/2024 0:00,Location_23,7.26,4.94,6.47,1416.25,0.0132,0.0166,0.0064,0.0326,0.0057,18.542259,73.887374
3/19/2024 1:00,Location_24,8.1,8.96,8.38,1348.9,0.0105,0.0312,0.0088,0.0267,0.0017,18.5736,73.739081
3/19/2024 2:00,Location_25,7.83,4.25,4.45,849.73,0.03,0.0413,0.004,0.023,0.0044,18.504252,73.887457
3/19/2024 3:00,Location_26,7.36,6.52,2.95,861.03,0.0044,0.0468,0.0007,0.0454,0.0035,18.469051,73.732582
3/19/2024 4:00,Location_27,7.48,5.01,8.74,1015.29,0.0029,0.0402,0.0052,0.0084,0.0014,18.455571,73.97285
3/19/2024 5:00,Location_28,7.27,9.28,6.86,641.87,0.0186,0.0213,0.0035,0.0005,0.0016,18.546553,74.016147
3/19/2024 6:00,Location_29,6.74,7.34,4.76,1006.11,0.036,0.0317,0.0067,0.0037,0.0029,18.597377,74.084952
3/19/2024 7:00,Location_30,7.41,5.39,5.14,162.68,0.0277,0.0428,0.0095,0.0112,0.0025,18.425191,73.759521
3/19/2024 8:00,Location_31,7.72,7.01,2.44,175.67,0.0211,0.0245,0.0049,0.0017,0.0017,18.778583,73.912968
3/19/2024 9:00,Location_32,8.18,8.39,6.45,740.12,0.0283,0.0108,0.0047,0.0251,0.0048,18.706097,73.927015
3/19/2024 10:00,Location_33,7.59,9.75,3.91,869.47,0.0183,0.0085,0.0065,0.0157,0.0029,18.692341,74.068991
3/19/2024 11:00,Location_34,7.9,5.32,9.96,1342.94,0.0468,0,0.001,0.009,0.0039,18.469144,73.950911
3/19/2024 12:00,Location_35,6.4,9.32,5.06,246.52,0.0027,0.0359,0.0025,0.0375,0.0011,18.64152,73.758204
3/19/2024 13:00,Location_36,7.15,9.61,5.12,1251.71,0.0337,0.0056,0.0092,0.0102,0.0032,18.61189,73.874541
3/19/2024 14:00,Location_37,6.02,9.5,5.88,394.07,0.0446,0.0122,0.0067,0.0344,0.0019,18.792988,73.961905
3/19/2024 15:00,Location_38,6.62,7.81,9.21,651.72,0.0402,0.0149,0.0001,0.0175,0.0032,18.699069,73.980114
3/19/2024 16:00,Location_39,7.82,7.78,8.11,543.24,0.0092,0.028,0.002,0.0256,0.0047,18.630305,74.04523
3/19/2024 17:00,Location_40,8.48,6.42,4.79,660.22,0.0148,0.0199,0.0068,0.0467,0.0046,18.740325,73.772203
3/19/2024 18:00,Location_41,6.25,8.51,7.33,310.69,0.0359,0.0337,0.0076,0.0019,0.0021,18.462038,74.080617
3/19/2024 19:00,Location_42,7,7.19,6.07,805,0.0042,0.0028,0.0084,0.025,0.0042,18.406087,73.723656
3/19/2024 20:00,Location_43,8,8.06,5.18,1222.3,0.0406,0.0062,0.0029,0.0427,0.0056,18.676093,74.093505
3/19/2024 21:00,Location_44,6.51,6.57,2.33,718.15,0.0359,0.025,0.0093,0.0294,0.0038,18.439325,74.043107
3/19/2024 22:00,Location_45,7.39,8.39,4.91,786.86,0.0365,0.0168,0.0055,0.0138,0.0009,18.446173,73.964109
3/19/2024 23:00,Location_46,7.83,8.95,2.84,1288.27,0.005,0.0148,0.007,0.0199,0.0041,18.697872,73.993998
3/20/2024 0:00,Location_47,7.54,4.88,9.19,1088.48,0.0359,0.0034,0.006,0.034,0.0006,18.508214,73.729077
3/20/2024 1:00,Location_48,6.47,9,3.69,786.64,0.034,0.0448,0.0012,0.0445,0.0052,18.651452,73.716592
3/20/2024 2:00,Location_49,6.89,7.24,9.55,460.77,0.0415,0.0346,0.0096,0.0021,0.0031,18.766963,73.740706
3/20/2024 3:00,Location_50,7.96,9.07,5.56,1338.9,0.0021,0.0061,0.0012,0.0036,0.0023,18.52659,73.734944
3/20/2024 4:00,Location_1,7.39,6.59,6.5,907.83,0.0012,0.0033,0.0025,0.0163,0.0003,18.486858,73.918952
3/20/2024 5:00,Location_2,6.01,6.27,5.66,409.61,0.0187,0.0487,0.0081,0.0116,0.0023,18.442625,73.786178
3/20/2024 6:00,Location_3,7.9,9.49,1.73,476.77,0.0074,0.0341,0.0062,0.0132,0.0054,18.452185,74.044082
3/20/2024 7:00,Location_4,6.09,5.51,4.07,1224.39,0.0279,0.0209,0.0084,0.0111,0.0001,18.424889,73.878299
3/20/2024 8:00,Location_5,7.86,9.07,1.44,161.8,0.0459,0.0351,0.0052,0.0098,0.0028,18.435057,73.978204
3/20/2024 9:00,Location_6,6.51,6.9,6.42,1488.93,0.0196,0.0378,0.0038,0.0065,0.0056,18.572802,73.961149
3/20/2024 10:00,Location_7,8.4,7.08,4.75,282.49,0.0422,0.039,0.0092,0.0467,0.0024,18.528346,73.827941
3/20/2024 11:00,Location_8,6.92,5.85,7.89,1214.5,0,0.0239,0.0004,0.0072,0.0026,18.682624,73.797267
3/20/2024 12:00,Location_9,6.82,7.44,2.59,652.69,0.0084,0.0215,0.0086,0.0102,0.0035,18.748097,73.836983
3/20/2024 13:00,Location_10,6.37,5.95,2.06,789.1,0.0015,0.0006,0.0023,0.0123,0.0028,18.713909,74.018663
3/20/2024 14:00,Location_11,6.76,4.24,4.36,1332.91,0.0164,0.0463,0.0085,0.0467,0.001,18.612255,73.934511
3/20/2024 15:00,Location_12,8.19,5.63,9.3,678.08,0.0454,0.0302,0.0014,0.0378,0.0001,18.440977,73.801415
3/20/2024 16:00,Location_13,8.49,4.04,7.25,852.49,0.0048,0.0102,0.0058,0.0395,0.0037,18.683907,74.027139
3/20/2024 17:00,Location_14,6.92,9.87,4.48,169.02,0.0303,0.046,0.0089,0.0052,0.0055,18.545131,73.721904
3/20/2024 18:00,Location_15,7.12,9.79,5.41,103.29,0.0226,0.0457,0.0047,0.0418,0.0006,18.43426,73.979673
3/20/2024 19:00,Location_16,7.81,6.37,1.3,442.72,0.0469,0.0495,0.0075,0.0204,0.0013,18.736987,73.87564
3/20/2024 20:00,Location_17,8.22,8.37,9.85,1052.82,0.0061,0.0437,0.008,0.0131,0.0022,18.535287,73.992516
3/20/2024 21:00,Location_18,7.48,6.07,6.83,269.77,0.0106,0.0499,0.0074,0.0288,0.0049,18.4873,74.070985
3/20/2024 22:00,Location_19,6.98,8.03,3.21,259.27,0.0015,0.0122,0.0093,0.0411,0.0016,18.748581,74.000014
3/20/2024 23:00,Location_20,7.03,8.83,6.07,675.34,0.0217,0.0421,0.0045,0.0389,0.0053,18.760854,73.876786
3/21/2024 0:00,Location_21,7.74,9.68,1.54,1006.97,0.0139,0.0412,0.0017,0.0445,0.0003,18.535588,73.76039
3/21/2024 1:00,Location_22,6.01,6.4,9.68,1096.9,0.0435,0.0115,0.0005,0.0464,0.0056,18.541921,74.02254
3/21/2024 2:00,Location_23,7.55,8.7,2.16,349.83,0.0302,0.0049,0.0025,0.0119,0.0034,18.631851,73.884282
3/21/2024 3:00,Location_24,6.89,5.6,6.66,211.42,0.0307,0.049,0.0014,0.0212,0.004,18.693377,73.730125
3/21/2024 4:00,Location_25,7.99,9.94,2.83,1416.56,0.0266,0.0148,0.0056,0.0007,0.0022,18.42526,73.987622
3/21/2024 5:00,Location_26,6.23,4.15,7.32,464.93,0.0046,0.0435,0.0018,0.044,0.0047,18.637337,73.816741
3/21/2024 6:00,Location_27,7.47,7.62,7.88,1294.69,0.0223,0.0002,0.0004,0.0077,0.001,18.781128,73.719555
3/21/2024 7:00,Location_28,7.2,7.96,6.9,1308.89,0.05,0.0011,0.0004,0.0431,0.0003,18.504838,74.0611
3/21/2024 8:00,Location_29,7.61,8.13,6.34,1181.53,0.0418,0.0233,0.0083,0.0165,0.0024,18.763531,73.89324
3/21/2024 9:00,Location_30,6.16,4.72,8.98,336.37,0.0447,0.0119,0.0059,0.0184,0.0051,18.780067,73.812384
3/21/2024 10:00,Location_31,7.45,9.63,1.25,1250.52,0.0412,0.0345,0.0036,0.002,0.0045,18.507661,73.986555
3/21/2024 11:00,Location_32,7.4,5.09,3.64,1176.95,0.0052,0.0283,0.0089,0.0163,0.0031,18.701681,74.054361
3/21/2024 12:00,Location_33,7.4,7.74,2.86,935.41,0.0114,0.0039,0.0007,0.0444,0.0034,18.49551,73.700123
3/21/2024 13:00,Location_34,7.51,5.34,9.89,572.08,0.0002,0.0081,0.0098,0.0013,0.0008,18.695044,73.975141
3/21/2024 14:00,Location_35,7.69,5.84,4.2,467.51,0.0152,0.0194,0.0062,0.0203,0.005,18.718968,74.006805
3/21/2024 15:00,Location_36,8.01,7.28,7.46,270.64,0.0054,0.0093,0.0018,0.0016,0.0047,18.498882,73.783971
3/21/2024 16:00,Location_37,6.67,6.5,7,813.66,0.0236,0.0396,0.0068,0.0185,0.0039,18.686348,73.89585
3/21/2024 17:00,Location_38,8.06,4.96,2.51,919.37,0.0339,0.0208,0.0076,0.0086,0.0028,18.724842,73.735714
3/21/2024 18:00,Location_39,7.25,5.03,2.77,603.07,0.0437,0.0047,0.0043,0.0126,0.0058,18.543432,73.9987
3/21/2024 19:00,Location_40,6.19,6.51,3.17,765.5,0.0375,0.0242,0.0086,0.0439,0.0053,18.467081,74.038982
3/21/2024 20:00,Location_41,6.15,8.54,4.41,608.92,0.0469,0.0045,0.0015,0.0218,0.0039,18.436786,73.743275
3/21/2024 21:00,Location_42,6.84,9.39,2.73,997.41,0.0027,0.0064,0.0028,0.0137,0.0022,18.630153,74.026584
3/21/2024 22:00,Location_43,7.96,4.5,0.69,1361.76,0.0006,0.012,0.0009,0.0295,0.0037,18.791239,74.008628
3/21/2024 23:00,Location_44,7.77,6.36,8.85,329.49,0.0331,0.043,0.0021,0.0071,0.0035,18.72918,73.838765
3/22/2024 0:00,Location_45,7.97,4.6,9.67,633.97,0.0145,0.0462,0.0024,0.013,0.0024,18.574336,73.976116
3/22/2024 1:00,Location_46,7.29,4.1,3.74,297.22,0.0127,0.0413,0.0092,0.0273,0.0018,18.614648,73.700019
3/22/2024 2:00,Location_47,7.1,7.97,3.72,974.92,0.0165,0.0167,0.0008,0.0119,0.0024,18.511811,74.072719
3/22/2024 3:00,Location_48,6.37,7.61,0.57,1120.42,0.0135,0.0136,0.0043,0.034,0.0034,18.465226,73.920153
3/22/2024 4:00,Location_49,6.82,4.98,6.96,1404.68,0.0256,0.0275,0.0053,0.0246,0.0026,18.592832,73.948136
3/22/2024 5:00,Location_50,7.09,5.4,8.34,490.42,0.022,0.0361,0.009,0.0386,0.0016,18.585401,73.965864
3/22/2024 6:00,Location_1,6.22,4.14,1.89,1430.3,0.0256,0.0497,0.01,0.0474,0.0046,18.608772,73.924548
3/22/2024 7:00,Location_2,6.55,9.01,2.02,188.57,0.0336,0.0066,0.0075,0.0058,0.0032,18.781122,74.042706
3/22/2024 8:00,Location_3,7.5,9.85,8.01,944.22,0.0194,0.0025,0.0097,0.0167,0.0004,18.641558,73.943881
3/22/2024 9:00,Location_4,7.84,4.81,6.35,179.99,0.0126,0.0347,0.0079,0.016,0.0022,18.642309,74.063104
3/22/2024 10:00,Location_5,8.5,5.39,0.93,1351.28,0.0083,0.0416,0.0096,0.0076,0.0053,18.45121,73.932933
3/22/2024 11:00,Location_6,8.33,9.21,6.41,841.73,0.0175,0.0423,0.0071,0.0405,0.0045,18.798596,73.768449
3/22/2024 12:00,Location_7,7.61,9.56,3.43,1037.09,0.0371,0.0339,0.0008,0.038,0.0019,18.709138,74.065425
3/22/2024 13:00,Location_8,7.05,6.52,4,1264.2,0.0378,0.0477,0.004,0.0242,0.0056,18.750881,73.972651
3/22/2024 14:00,Location_9,7.59,4.3,7.81,310.43,0.0333,0.0256,0.0065,0.0269,0.0005,18.56572,73.979696
3/22/2024 15:00,Location_10,7.96,4.24,8.2,154.03,0.0117,0.0457,0.0035,0.003,0.0058,18.600851,74.094193
3/22/2024 16:00,Location_11,6.3,7.44,4.3,1330.43,0.0294,0.0484,0.0027,0.0278,0.0015,18.608834,73.730079
3/22/2024 17:00,Location_12,7.02,6.36,9.5,540.91,0.0285,0.0424,0.0058,0.0396,0.0001,18.477638,73.871437
3/22/2024 18:00,Location_13,8.1,4.17,4.36,280.57,0.0242,0.0155,0.0093,0.0287,0.0026,18.675796,73.795638
3/22/2024 19:00,Location_14,6.96,7.5,7.83,755.85,0.0275,0.0098,0.0003,0.0133,0.0022,18.761191,73.952171
3/22/2024 20:00,Location_15,7.43,4.07,5.1,937.63,0.0246,0.0274,0.0077,0.0334,0.0032,18.465482,74.022725
3/22/2024 21:00,Location_16,7.47,8.72,9.03,143.36,0.0283,0.0227,0.0072,0.0181,0.0048,18.434527,74.086524
3/22/2024 22:00,Location_17,6.46,5.84,9.12,484.85,0.0358,0.0439,0.0096,0.0272,0.0051,18.695288,73.881838
3/22/2024 23:00,Location_18,6.91,4.24,1.33,145.92,0.0055,0.005,0.0093,0.0244,0.0024,18.509281,74.014487
3/23/2024 0:00,Location_19,6.84,7.53,9.4,688.47,0.0375,0.0129,0.0076,0.0191,0.0026,18.649545,74.066821
3/23/2024 1:00,Location_20,6.07,6.39,8.34,1353.14,0.0068,0.0376,0.0052,0.0359,0.0009,18.678303,73.97333
3/23/2024 2:00,Location_21,6.06,9.84,8.02,1475.71,0.0033,0.0047,0.002,0.0442,0.0003,18.528764,73.797093
3/23/2024 3:00,Location_22,8.08,7.27,2.41,991.87,0.0488,0.016,0.0055,0.0003,0.0038,18.726058,73.943142
3/23/2024 4:00,Location_23,6.68,5.65,8.15,326.29,0.0478,0.0194,0.0077,0.0467,0.0004,18.619996,74.087981
3/23/2024 5:00,Location_24,7.3,8.26,8.58,1368.19,0.003,0.0311,0.009,0.0256,0.0044,18.7476,74.095022
3/23/2024 6:00,Location_25,6.75,5.63,3.25,822.75,0.0222,0.0079,0.0079,0.035,0.0032,18.705317,73.956944
3/23/2024 7:00,Location_26,8.35,9.43,9.55,315.25,0.0093,0.043,0.002,0.0428,0.0012,18.74743,74.054795
3/23/2024 8:00,Location_27,6.65,6.25,0.97,1390.42,0.0243,0.0224,0.006,0.0234,0.0032,18.408065,73.78014
3/23/2024 9:00,Location_28,7.07,7.3,1.92,1160.46,0.0415,0.0459,0.0033,0.0417,0.0011,18.497403,73.798431
3/23/2024 10:00,Location_29,8.18,4.3,5.61,1124.39,0.0475,0.0234,0.0001,0.0089,0.0026,18.436003,74.081155
3/23/2024 11:00,Location_30,8.1,6.56,5.97,1092.85,0.0317,0.0138,0.002,0.008,0.0048,18.576833,73.754094
3/23/2024 12:00,Location_31,6.47,8.99,6.63,380.48,0.0177,0.0071,0.0011,0.0329,0.0028,18.755984,73.776443
3/23/2024 13:00,Location_32,8.01,8.83,0.66,395.41,0.0302,0.0002,0.0084,0.0435,0.0009,18.587016,73.868219
3/23/2024 14:00,Location_33,7.15,5.35,9.62,1063.61,0.0156,0.0266,0.0026,0.0446,0.0043,18.739885,73.935834
3/23/2024 15:00,Location_34,7.21,5.36,0.92,407.61,0.0455,0.0054,0.0028,0.0322,0.0011,18.530871,73.941527
3/23/2024 16:00,Location_35,6.33,8.9,1.86,714.14,0.0435,0.0196,0.0096,0.0263,0.0044,18.535828,73.81679
3/23/2024 17:00,Location_36,6.2,9.58,0.63,1194.8,0.0279,0.0295,0.0038,0.0166,0.0029,18.758225,74.068246
3/23/2024 18:00,Location_37,7.82,4.57,5.89,1197.53,0.0162,0.0138,0.0001,0.049,0.0027,18.570327,74.06604
3/23/2024 19:00,Location_38,7.24,6.7,9.36,734.57,0.0147,0.0088,0.0028,0.016,0.0051,18.715906,73.856827
3/23/2024 20:00,Location_39,7.09,6.02,6.83,1209.07,0.0017,0.0387,0.0012,0.0372,0.0043,18.494657,73.873717
3/23/2024 21:00,Location_40,7.82,9.22,8.32,1274.07,0.0408,0.0473,0.001,0.0266,0.0002,18.77952,73.980999
3/23/2024 22:00,Location_41,7.91,4.5,0.63,1016.69,0.0225,0.005,0.0008,0.0304,0.0018,18.629831,73.965198
3/23/2024 23:00,Location_42,6.4,5.27,5.65,419.8,0.0163,0.0078,0.0059,0.0197,0.0052,18.703729,73.852919
3/24/2024 0:00,Location_43,7.53,8.51,4.87,483.62,0.0236,0.048,0.0019,0.0482,0.0001,18.435806,73.865698
3/24/2024 1:00,Location_44,6.34,4.31,5.24,540.78,0.0409,0.0019,0.0036,0.0286,0.0033,18.597066,73.839216
3/24/2024 2:00,Location_45,7.88,6.96,1.19,263.53,0.0062,0.0489,0.0086,0.0469,0.0044,18.760415,73.794154
3/24/2024 3:00,Location_46,7.64,6.65,7,482.42,0.0429,0.0002,0.0042,0.0004,0.0037,18.750815,73.883255
3/24/2024 4:00,Location_47,8.39,6.01,5.28,393.33,0.0449,0.0437,0.0092,0.0286,0.0046,18.418726,73.974574
3/24/2024 5:00,Location_48,6.17,6.37,7.77,737.46,0.0473,0.0154,0.005,0.0359,0.0044,18.521479,73.996787
3/24/2024 6:00,Location_49,6.14,7.18,5.11,1371.81,0.0199,0.0469,0.004,0.0373,0.0042,18.577328,74.011549
3/24/2024 7:00,Location_50,6.71,4.97,1.92,246.27,0.0109,0.0158,0.0075,0.0452,0.0049,18.468906,73.849893
