site_id,country,latitude,longitude,As_ugL,Pb_ugL,Cd_ugL,Cr_ugL,Hg_ugL,HPI,HEI,MI,risk_category,water_safe
S0001,USA,38.4901,-95.4148,5.392,1.936,0.405,23.033,0.112,28.81,1.44,0.54,Low,Yes
S0002,USA,35.5916,-93.3723,2.091,2.825,1.078,23.356,0.275,31.86,1.59,0.47,Low,Yes
S0003,USA,41.3969,-95.6773,2.198,14.86,5.277,33.969,0.283,88.54,4.43,1.76,Moderate,Borderline
S0004,USA,35.1949,-89.4432,1.732,1.206,0.766,14.351,0.428,25.28,1.26,0.43,Low,Yes
S0005,USA,39.2154,-94.4859,1.531,1.271,1.0,29.862,0.269,29.6,1.48,0.6,Low,Yes
S0006,USA,37.9723,-96.1552,1.447,5.633,0.31,26.206,1.287,52.45,2.62,1.29,Low,Yes
S0007,USA,32.4755,-91.7011,1.381,2.951,1.448,19.166,0.528,36.54,1.83,0.53,Low,Yes
S0008,USA,41.4863,-93.9855,3.963,10.863,0.357,14.431,0.645,50.7,2.54,1.09,Low,Yes
S0009,USA,41.4337,-96.5548,12.318,1.967,1.755,31.144,0.212,56.97,2.85,1.23,Low,Yes
S0010,USA,41.1156,-94.4733,6.377,1.66,1.069,70.43,0.35,58.37,2.92,1.41,Low,Yes
S0011,USA,35.9719,-97.4068,6.657,4.113,0.955,33.873,0.398,49.42,2.47,0.68,Low,Yes
S0012,USA,37.1807,-87.6103,1.309,6.45,0.561,34.57,0.503,43.15,2.16,0.69,Low,Yes
S0013,USA,39.3731,-97.7282,3.207,4.801,0.463,14.623,0.124,27.43,1.37,0.48,Low,Yes
S0014,USA,32.348,-94.7943,4.871,5.146,1.986,15.232,0.655,52.47,2.62,0.66,Low,Yes
S0015,USA,39.4406,-98.6926,5.903,4.178,0.468,32.013,0.303,42.15,2.11,0.64,Low,Yes
S0016,USA,38.5658,-94.109,6.323,4.852,0.591,54.059,1.129,70.49,3.52,1.13,Moderate,Borderline
S0017,USA,42.5973,-93.5785,4.912,5.273,0.886,24.489,0.495,45.97,2.3,0.53,Low,Yes
S0018,USA,36.2638,-97.2612,2.591,6.838,1.906,28.844,0.446,52.02,2.6,0.68,Low,Yes
S0019,USA,38.877,-97.5715,15.164,2.063,2.017,87.133,0.357,89.89,4.49,1.74,Moderate,Borderline
S0020,USA,34.4596,-99.5445,6.107,2.017,1.985,22.102,0.469,47.7,2.39,0.66,Low,Yes
S0021,USA,37.1746,-98.4289,6.264,5.182,0.947,29.281,0.62,53.32,2.67,0.63,Low,Yes
S0022,USA,38.5451,-83.4418,5.79,5.212,1.902,16.267,1.372,68.63,3.43,1.37,Moderate,Borderline
S0023,USA,31.6345,-93.9281,10.299,5.936,0.529,28.1,0.474,56.72,2.84,1.03,Low,Yes
S0024,USA,37.1367,-96.9548,4.244,5.357,1.229,28.856,1.02,59.34,2.97,1.02,Low,Yes
S0025,USA,34.6845,-90.0161,2.04,2.501,1.586,13.398,0.543,35.87,1.79,0.54,Low,Yes
S0026,USA,33.0195,-89.4689,2.486,10.929,5.053,26.11,0.159,74.14,3.71,1.68,Moderate,Borderline
S0027,USA,33.1152,-95.3154,3.603,4.695,0.382,23.776,0.614,40.93,2.05,0.61,Low,Yes
S0028,USA,36.3926,-94.8173,4.515,4.453,1.458,21.369,0.332,42.84,2.14,0.49,Low,Yes
S0029,USA,35.5407,-94.3772,2.914,1.14,0.807,25.902,0.626,36.37,1.82,0.63,Low,Yes
S0030,USA,35.1109,-92.3697,2.065,5.841,1.043,28.292,0.658,47.24,2.36,0.66,Low,Yes
S0031,USA,41.6586,-96.3186,5.527,6.415,1.788,31.866,0.107,50.69,2.53,0.64,Low,Yes
S0032,USA,36.1869,-96.8393,6.7,4.441,1.107,14.86,0.551,46.63,2.33,0.67,Low,Yes
S0033,USA,34.9026,-95.0265,4.297,6.326,0.511,27.845,0.161,39.01,1.95,0.63,Low,Yes
S0034,USA,35.7001,-94.3885,5.931,1.488,2.076,16.119,0.668,48.49,2.42,0.69,Low,Yes
S0035,USA,35.0073,-90.9197,1.501,4.35,1.931,68.746,0.134,54.75,2.74,1.37,Low,Yes
S0036,USA,37.9682,-97.4817,5.476,6.773,0.814,11.708,0.107,36.75,1.84,0.68,Low,Yes
S0037,USA,37.6723,-94.9622,1.443,6.816,1.433,18.636,0.451,42.55,2.13,0.68,Low,Yes
S0038,USA,43.5694,-97.4249,2.664,3.782,5.339,34.586,0.422,70.76,3.54,1.78,Moderate,Borderline
S0039,USA,38.714,-92.0884,1.976,5.935,1.606,17.547,1.021,53.97,2.7,1.02,Low,Yes
S0040,USA,40.5383,-96.4075,6.924,4.565,2.046,30.15,0.349,55.66,2.78,0.69,Low,Yes
S0041,USA,37.0157,-94.8591,5.614,6.098,1.111,33.622,0.237,49.02,2.45,0.67,Low,Yes
S0042,USA,32.3977,-91.167,1.681,4.122,1.236,21.557,0.626,40.99,2.05,0.63,Low,Yes
S0043,USA,38.9361,-90.8941,5.224,12.805,1.362,18.124,0.309,58.57,2.93,1.28,Low,Yes
S0044,USA,35.5399,-90.9967,4.733,6.697,1.968,12.747,0.688,54.84,2.74,0.69,Low,Yes
S0045,USA,40.368,-99.3236,11.031,1.768,0.55,10.456,0.638,46.21,2.31,1.1,Low,Yes
S0046,USA,34.0428,-93.4879,11.351,2.672,0.46,18.823,0.319,45.02,2.25,1.14,Low,Yes
S0047,USA,36.6942,-94.8736,5.796,1.491,3.665,29.186,0.211,54.9,2.75,1.22,Low,Yes
S0048,USA,36.1748,-101.9058,4.71,3.775,0.366,26.4,0.407,38.11,1.91,0.53,Low,Yes
S0049,USA,36.6162,-97.8666,4.196,2.615,0.336,11.343,0.172,23.84,1.19,0.42,Low,Yes
S0050,USA,42.0614,-92.3551,5.735,1.522,1.356,17.95,0.27,36.13,1.81,0.57,Low,Yes
S0051,USA,39.7785,-89.2718,3.137,4.635,0.483,12.379,0.212,27.96,1.4,0.46,Low,Yes
S0052,USA,37.1456,-97.4929,3.462,1.672,2.045,29.512,0.203,39.77,1.99,0.68,Low,Yes
S0053,USA,37.298,-92.7458,4.43,5.617,0.883,20.228,0.169,37.45,1.87,0.56,Low,Yes
S0054,USA,38.9158,-99.9846,1.926,12.693,5.376,14.671,0.253,76.01,3.8,1.79,Moderate,Borderline
S0055,USA,38.5894,-90.6753,3.829,3.093,1.795,8.729,0.663,42.56,2.13,0.66,Low,Yes
S0056,USA,37.2598,-95.467,4.447,1.839,0.663,9.928,0.499,30.94,1.55,0.5,Low,Yes
S0057,USA,39.6134,-95.9781,3.355,3.635,1.133,27.428,0.239,37.28,1.86,0.55,Low,Yes
S0058,USA,39.4882,-101.6334,6.439,1.701,1.43,9.178,0.472,38.92,1.95,0.64,Low,Yes
S0059,USA,37.5456,-94.2553,1.91,2.491,0.36,27.874,0.305,28.45,1.42,0.56,Low,Yes
S0060,USA,36.1904,-97.9363,5.784,2.376,1.596,25.818,0.251,42.31,2.12,0.58,Low,Yes
S0061,USA,31.6638,-90.5119,3.772,1.92,1.211,5.543,0.659,34.85,1.74,0.66,Low,Yes
S0062,USA,38.443,-94.3283,5.243,4.458,1.063,33.031,0.371,47.12,2.36,0.66,Low,Yes
S0063,USA,37.1672,-91.7174,4.548,1.329,3.8,16.945,0.652,56.91,2.85,1.27,Low,Yes
S0064,USA,40.8104,-97.4554,3.713,3.715,0.617,17.568,0.317,32.34,1.62,0.37,Low,Yes
S0065,USA,33.9484,-93.45,6.766,3.488,2.094,79.998,0.226,70.99,3.55,1.6,Moderate,Borderline
S0066,USA,35.279,-96.6406,1.219,16.204,1.116,18.223,0.436,58.3,2.91,1.62,Low,Yes
S0067,USA,37.8695,-95.7645,6.677,2.624,3.375,26.479,0.116,54.01,2.7,1.12,Low,Yes
S0068,USA,39.165,-98.3872,1.118,5.799,1.475,7.983,0.533,37.52,1.88,0.58,Low,Yes
S0069,USA,35.9171,-91.522,5.009,2.759,0.323,57.257,0.45,49.59,2.48,1.15,Low,Yes
S0070,USA,33.2755,-97.4489,3.278,2.608,1.037,18.084,0.669,39.3,1.96,0.67,Low,Yes
S0071,USA,39.9155,-95.0929,5.799,1.135,1.275,12.737,0.601,39.48,1.97,0.6,Low,Yes
S0072,USA,33.1347,-94.6975,17.314,1.707,0.793,24.543,1.11,75.35,3.77,1.73,Moderate,Borderline
S0073,USA,41.8616,-90.2885,4.99,6.486,0.99,6.409,0.543,42.98,2.15,0.65,Low,Yes
S0074,USA,32.6969,-93.2569,3.336,3.134,0.835,19.282,0.662,39.46,1.97,0.66,Low,Yes
S0075,USA,38.8227,-99.5575,1.309,4.581,1.688,7.254,0.397,33.87,1.69,0.56,Low,Yes
S0076,USA,32.3261,-96.2011,5.915,5.168,1.362,7.747,0.182,37.98,1.9,0.59,Low,Yes
S0077,USA,33.042,-95.6787,4.251,5.393,1.486,30.476,0.394,49.27,2.46,0.61,Low,Yes
S0078,USA,39.4555,-94.5985,1.204,2.784,2.048,19.226,0.607,41.46,2.07,0.68,Low,Yes
S0079,USA,32.7845,-93.4969,15.57,3.039,0.418,21.185,0.291,54.3,2.71,1.56,Low,Yes
S0080,USA,37.8012,-92.3311,16.961,1.128,1.252,28.963,0.31,62.31,3.12,1.7,Moderate,Borderline
S0081,USA,35.4704,-102.4538,4.765,6.905,1.052,27.127,0.166,44.52,2.23,0.69,Low,Yes
S0082,USA,33.9817,-98.1527,10.143,6.926,0.992,11.548,0.572,56.81,2.84,1.01,Low,Yes
S0083,USA,39.953,-95.642,6.668,4.68,2.084,33.282,0.465,59.2,2.96,0.69,Low,Yes
S0084,USA,35.0868,-96.593,2.323,5.678,0.404,31.514,0.697,45.24,2.26,0.7,Low,Yes
S0085,USA,41.2615,-96.7122,5.176,5.895,0.703,22.788,0.155,39.04,1.95,0.59,Low,Yes
S0086,USA,35.1616,-96.1631,6.332,6.173,1.479,7.61,0.324,44.39,2.22,0.63,Low,Yes
S0087,USA,36.9006,-89.6163,1.486,16.81,1.191,22.772,0.309,59.82,2.99,1.68,Low,Yes
S0088,USA,32.0818,-93.6124,6.272,4.951,1.861,30.11,0.508,57.06,2.85,0.63,Low,Yes
S0089,USA,35.0524,-93.5583,6.285,1.175,0.532,27.305,0.591,41.21,2.06,0.63,Low,Yes
S0090,USA,36.3229,-94.9898,2.722,6.887,0.768,21.2,0.164,36.1,1.8,0.69,Low,Yes
S0091,USA,38.6141,-94.8561,3.051,6.592,1.987,7.035,1.466,64.67,3.23,1.47,Moderate,Borderline
S0092,USA,40.5851,-99.5696,1.274,6.841,1.649,50.885,0.294,53.46,2.67,1.02,Low,Yes
S0093,USA,39.1964,-91.7598,3.675,6.983,1.112,28.844,0.232,44.91,2.25,0.7,Low,Yes
S0094,USA,40.3656,-91.0684,2.64,1.906,1.999,24.156,0.265,37.38,1.87,0.67,Low,Yes
S0095,USA,39.6937,-95.6197,2.38,1.187,0.963,19.196,0.211,25.45,1.27,0.38,Low,Yes
S0096,USA,39.1231,-92.8324,6.069,4.757,0.359,23.5,0.389,41.23,2.06,0.61,Low,Yes
S0097,USA,38.1249,-97.2722,3.582,14.656,0.784,14.311,1.314,73.71,3.69,1.47,Moderate,Borderline
S0098,USA,44.4168,-96.4876,2.75,6.161,0.371,8.148,0.692,37.39,1.87,0.69,Low,Yes
S0099,USA,44.2061,-95.0678,5.215,1.059,1.232,53.143,0.338,48.78,2.44,1.06,Low,Yes
S0100,USA,42.3931,-93.0775,5.804,2.005,1.446,5.948,0.131,30.26,1.51,0.58,Low,Yes
S0101,USA,39.0947,-93.8195,5.285,3.037,0.444,21.428,0.371,35.6,1.78,0.53,Low,Yes
S0102,USA,42.2079,-94.4063,11.977,1.957,0.695,15.107,0.574,50.02,2.5,1.2,Low,Yes
S0103,USA,45.895,-95.2899,5.315,6.978,1.471,51.226,0.255,59.98,3.0,1.02,Low,Yes
S0104,USA,38.1977,-93.0584,5.456,3.076,5.081,22.36,0.535,70.58,3.53,1.69,Moderate,Borderline
S0105,USA,32.1011,-96.7183,4.554,2.264,1.437,8.947,0.645,39.69,1.98,0.65,Low,Yes
S0106,USA,37.9714,-95.8745,3.954,6.224,1.227,22.789,0.335,44.35,2.22,0.62,Low,Yes
S0107,USA,39.4219,-98.7373,2.951,1.785,1.117,7.205,0.412,28.04,1.4,0.41,Low,Yes
S0108,USA,36.2222,-91.2989,2.492,5.241,4.767,24.914,0.607,69.35,3.47,1.59,Moderate,Borderline
S0109,USA,40.0909,-94.2836,2.235,14.249,3.293,18.566,0.29,68.15,3.41,1.42,Moderate,Borderline
S0110,USA,39.749,-93.9605,3.728,3.933,3.739,26.14,0.504,60.78,3.04,1.25,Moderate,Borderline
S0111,USA,37.8297,-96.9521,3.663,2.063,1.809,25.497,0.471,43.13,2.16,0.6,Low,Yes
S0112,USA,35.6532,-94.7975,6.586,5.059,1.486,24.537,0.495,52.91,2.65,0.66,Low,Yes
S0113,USA,40.0154,-95.7571,5.694,5.431,1.027,25.028,0.557,50.25,2.51,0.57,Low,Yes
S0114,USA,40.8693,-95.7842,1.721,1.035,0.96,25.864,0.369,29.64,1.48,0.52,Low,Yes
S0115,USA,33.1206,-96.8029,1.439,5.009,1.134,30.9,1.273,58.28,2.91,1.27,Low,Yes
S0116,USA,32.8313,-99.9362,4.481,4.647,1.763,57.831,0.105,55.24,2.76,1.16,Low,Yes
S0117,USA,36.2419,-93.8237,17.475,3.11,1.175,13.546,0.582,66.06,3.3,1.75,Moderate,Borderline
S0118,USA,39.7549,-99.7115,5.297,3.481,0.626,10.443,0.525,36.41,1.82,0.53,Low,Yes
S0119,USA,32.221,-93.6786,6.778,5.836,0.378,33.542,0.592,53.0,2.65,0.68,Low,Yes
S0120,USA,34.894,-96.9887,4.666,6.039,0.936,28.416,0.594,50.9,2.54,0.6,Low,Yes
S0121,USA,34.9795,-94.163,4.743,4.52,1.626,11.502,0.114,36.25,1.81,0.54,Low,Yes
S0122,USA,39.8916,-88.3684,2.392,4.567,2.078,25.854,0.357,45.25,2.26,0.69,Low,Yes
S0123,USA,38.7069,-90.1148,10.685,6.365,0.882,70.762,0.141,71.1,3.56,1.42,Moderate,Borderline
S0124,USA,37.7014,-99.6677,6.28,4.198,0.899,34.824,0.435,49.58,2.48,0.7,Low,Yes
S0125,USA,34.885,-95.1673,4.374,2.052,0.662,7.9,0.554,31.51,1.58,0.55,Low,Yes
S0126,USA,40.2739,-93.1726,6.563,3.396,2.086,21.199,0.413,50.56,2.53,0.7,Low,Yes
S0127,USA,37.5761,-95.9273,1.766,5.692,0.365,12.893,0.153,25.57,1.28,0.57,Low,Yes
S0128,USA,31.4914,-93.476,3.382,4.604,1.955,34.765,0.225,47.41,2.37,0.7,Low,Yes
S0129,USA,37.2455,-95.2967,3.284,6.208,1.722,7.428,0.204,37.52,1.88,0.62,Low,Yes
S0130,USA,37.0845,-95.0274,4.846,1.795,1.961,23.188,0.205,39.73,1.99,0.65,Low,Yes
S0131,USA,33.8047,-95.9157,10.206,1.811,1.289,17.975,0.404,47.9,2.39,1.02,Low,Yes
S0132,USA,37.8499,-97.3798,2.296,4.901,0.41,89.795,0.135,55.75,2.79,1.8,Low,Yes
S0133,USA,35.1598,-95.9074,14.075,6.98,1.407,23.717,0.356,68.1,3.4,1.41,Moderate,Borderline
S0134,USA,36.6145,-92.0319,2.168,3.485,1.621,5.331,1.208,48.41,2.42,1.21,Low,Yes
S0135,USA,35.3613,-93.8246,4.212,1.073,2.057,33.787,0.166,41.12,2.06,0.69,Low,Yes
S0136,USA,40.5897,-95.4756,1.588,1.9,1.627,16.277,0.376,31.85,1.59,0.54,Low,Yes
S0137,USA,34.9928,-91.8803,5.129,2.528,0.369,18.844,0.496,35.23,1.76,0.51,Low,Yes
S0138,USA,40.9052,-90.3155,1.4,1.901,1.222,6.25,1.057,38.39,1.92,1.06,Low,Yes
S0139,USA,34.5925,-91.1036,2.779,5.648,0.633,7.952,0.559,35.43,1.77,0.56,Low,Yes
S0140,USA,38.8214,-91.0665,3.292,1.728,1.694,88.74,0.579,68.41,3.42,1.77,Moderate,Borderline
S0141,USA,37.171,-94.1942,4.495,5.871,0.531,32.843,0.323,43.87,2.19,0.66,Low,Yes
S0142,USA,43.1686,-98.3096,6.658,1.729,1.896,13.577,0.617,47.18,2.36,0.67,Low,Yes
S0143,USA,36.4986,-94.1523,5.53,6.052,1.698,10.323,0.691,52.43,2.62,0.69,Low,Yes
S0144,USA,38.1991,-96.9541,5.907,4.035,1.619,22.71,0.279,45.34,2.27,0.59,Low,Yes
S0145,USA,39.26,-93.8565,4.818,1.96,0.317,26.794,0.16,29.59,1.48,0.54,Low,Yes
S0146,USA,35.2584,-93.2343,4.331,4.696,0.94,80.44,0.121,58.92,2.95,1.61,Low,Yes
S0147,USA,32.6504,-98.3189,1.893,6.26,0.963,26.662,0.456,42.51,2.13,0.63,Low,Yes
S0148,USA,42.0433,-97.2527,1.019,3.133,0.467,19.429,0.139,21.97,1.1,0.39,Low,Yes
S0149,USA,42.5839,-89.3402,4.621,5.83,1.785,63.37,0.571,69.57,3.48,1.27,Moderate,Borderline
S0150,USA,37.2652,-90.5674,3.641,2.969,0.459,22.947,0.699,39.44,1.97,0.7,Low,Yes
S0151,USA,33.9274,-89.4377,4.817,1.71,1.812,22.156,0.211,38.22,1.91,0.6,Low,Yes
S0152,USA,37.4227,-100.3053,2.792,2.556,1.871,10.583,0.375,34.9,1.75,0.62,Low,Yes
S0153,USA,36.9175,-89.6832,3.621,5.593,1.398,27.541,1.046,59.68,2.98,1.05,Low,Yes
S0154,USA,34.0709,-97.6774,2.482,2.497,1.667,69.503,1.725,83.37,4.17,1.73,Moderate,Borderline
S0155,USA,37.3049,-98.3931,3.467,15.31,2.034,66.752,0.256,82.93,4.15,1.53,Moderate,Borderline
S0156,USA,33.6688,-93.2988,4.392,6.832,0.929,9.537,0.251,37.48,1.87,0.68,Low,Yes
S0157,USA,40.0525,-87.0105,1.689,15.663,1.278,18.749,0.199,54.7,2.74,1.57,Low,Yes
S0158,USA,38.3097,-92.2882,3.774,4.906,0.412,29.192,0.131,34.4,1.72,0.58,Low,Yes
S0159,USA,35.0621,-97.3976,1.988,5.541,0.669,31.387,0.243,36.93,1.85,0.63,Low,Yes
S0160,USA,39.6493,-95.2335,4.232,1.633,1.78,28.268,0.222,39.34,1.97,0.59,Low,Yes
S0161,USA,39.7577,-97.0044,4.466,5.787,1.947,9.739,0.576,48.9,2.45,0.65,Low,Yes
S0162,USA,35.9957,-96.2109,2.105,4.926,1.093,7.504,0.582,35.99,1.8,0.58,Low,Yes
S0163,USA,36.7611,-93.6429,6.905,4.808,1.887,72.39,0.416,73.28,3.66,1.45,Moderate,Borderline
S0164,USA,34.5839,-93.2107,6.149,4.245,0.866,29.649,0.315,44.72,2.24,0.61,Low,Yes
S0165,USA,35.5049,-92.0219,2.043,5.956,0.732,15.438,0.549,38.03,1.9,0.6,Low,Yes
S0166,USA,32.4447,-91.2684,6.049,6.875,0.527,14.753,0.142,38.1,1.91,0.69,Low,Yes
S0167,USA,35.7938,-93.4272,6.022,4.857,1.223,62.158,0.492,64.61,3.23,1.24,Moderate,Borderline
S0168,USA,38.0519,-93.5324,5.731,2.562,1.507,8.33,0.376,37.48,1.87,0.57,Low,Yes
S0169,USA,30.482,-92.4577,6.861,15.919,1.953,30.75,0.646,83.8,4.19,1.59,Moderate,Borderline
S0170,USA,39.666,-96.5803,2.689,1.675,1.273,68.751,0.281,50.34,2.52,1.38,Low,Yes
S0171,USA,33.839,-98.2034,17.223,6.114,1.368,59.58,1.466,108.95,5.45,1.72,Critical,No
S0172,USA,34.7986,-94.8918,5.988,1.69,1.937,29.879,0.443,49.08,2.45,0.65,Low,Yes
S0173,USA,31.5699,-97.0638,3.608,4.612,1.098,23.939,0.522,43.78,2.19,0.52,Low,Yes
S0174,USA,34.1035,-94.9095,3.307,4.913,1.381,20.188,0.143,36.58,1.83,0.49,Low,Yes
S0175,USA,35.6812,-101.6233,1.274,2.661,0.896,10.883,0.268,23.56,1.18,0.3,Low,Yes
S0176,USA,36.3852,-94.9794,1.046,1.22,0.91,22.161,0.276,24.98,1.25,0.44,Low,Yes
S0177,USA,34.6625,-95.583,4.702,3.071,1.874,26.068,0.179,42.05,2.1,0.62,Low,Yes
S0178,USA,32.8669,-100.574,3.466,5.284,0.857,33.652,0.101,38.69,1.93,0.67,Low,Yes
S0179,USA,37.4346,-96.8443,5.12,3.303,0.964,17.568,0.143,33.16,1.66,0.51,Low,Yes
S0180,USA,38.5358,-95.5049,5.011,3.172,0.318,32.399,0.624,43.93,2.2,0.65,Low,Yes
S0181,USA,37.1751,-97.2344,13.376,2.77,3.295,21.759,0.538,73.72,3.69,1.34,Moderate,Borderline
S0182,USA,38.4129,-92.4632,3.58,2.652,1.72,28.951,0.615,47.81,2.39,0.61,Low,Yes
S0183,USA,31.5421,-97.0796,4.493,4.606,1.539,10.006,0.186,36.18,1.81,0.51,Low,Yes
S0184,USA,34.1068,-96.2905,1.153,4.821,0.429,14.337,0.463,29.8,1.49,0.48,Low,Yes
S0185,USA,42.6742,-96.3863,1.843,1.165,2.035,65.519,1.605,77.89,3.89,1.6,Moderate,Borderline
S0186,USA,31.5887,-96.065,6.4,6.736,1.899,29.801,0.273,56.31,2.82,0.67,Low,Yes
S0187,USA,32.381,-99.4588,3.042,1.925,1.275,30.009,0.281,36.06,1.8,0.6,Low,Yes
S0188,USA,33.2156,-97.5951,6.799,3.084,0.551,23.787,0.341,39.77,1.99,0.68,Low,Yes
S0189,USA,37.8756,-92.3016,4.416,2.208,0.371,21.291,0.678,37.8,1.89,0.68,Low,Yes
S0190,USA,37.7977,-89.6926,6.22,5.743,1.73,31.313,0.189,51.76,2.59,0.63,Low,Yes
S0191,USA,36.9596,-93.8284,6.181,3.252,0.666,16.596,0.395,37.84,1.89,0.62,Low,Yes
S0192,USA,40.5819,-96.0107,5.587,6.736,0.497,18.174,1.707,69.37,3.47,1.71,Moderate,Borderline
S0193,USA,38.7807,-103.8212,4.76,1.115,1.538,25.776,0.28,37.91,1.9,0.52,Low,Yes
S0194,USA,35.1198,-92.4128,2.264,1.053,1.518,79.515,0.6,60.56,3.03,1.59,Moderate,Borderline
S0195,USA,38.2641,-96.7815,5.614,5.597,1.404,66.302,1.279,83.88,4.19,1.33,Moderate,Borderline
S0196,USA,37.3204,-95.4043,17.641,4.135,0.438,28.835,1.322,84.45,4.22,1.76,Moderate,Borderline
S0197,USA,34.0059,-97.2903,2.686,6.575,1.931,19.293,0.484,48.79,2.44,0.66,Low,Yes
S0198,USA,32.0412,-91.3907,4.887,6.332,1.109,77.305,0.245,65.65,3.28,1.55,Moderate,Borderline
S0199,USA,38.4291,-93.4836,4.315,1.857,0.789,13.528,1.599,55.0,2.75,1.6,Low,Yes
S0200,USA,35.1214,-94.9539,2.657,1.376,0.307,27.227,0.161,24.22,1.21,0.54,Low,Yes
S0201,USA,39.1861,-96.4646,2.88,6.351,1.938,33.922,0.512,55.19,2.76,0.68,Low,Yes
S0202,USA,41.7063,-98.9843,11.336,5.278,2.039,33.523,0.279,65.81,3.29,1.13,Moderate,Borderline
S0203,USA,38.8473,-91.3883,1.289,6.741,1.079,11.266,1.614,60.04,3.0,1.61,Moderate,Borderline
S0204,USA,40.7054,-95.9603,6.102,4.944,1.884,25.334,0.277,50.33,2.52,0.63,Low,Yes
S0205,USA,40.8238,-92.5698,2.894,3.371,0.659,13.622,0.135,25.07,1.25,0.34,Low,Yes
S0206,USA,31.7685,-94.6429,13.033,10.995,1.045,17.129,1.371,89.29,4.46,1.37,Moderate,Borderline
S0207,USA,37.0674,-93.3586,5.065,5.644,1.238,80.806,0.584,73.67,3.68,1.62,Moderate,Borderline
S0208,USA,39.9426,-97.2267,4.108,12.398,1.464,85.942,0.57,88.55,4.43,1.72,Moderate,Borderline
S0209,USA,30.1795,-97.8089,11.826,2.48,1.645,6.735,0.666,55.59,2.78,1.18,Low,Yes
S0210,USA,37.0627,-94.3079,12.925,2.352,0.553,28.44,0.188,49.38,2.47,1.29,Low,Yes
S0211,USA,33.1056,-90.2657,5.045,3.071,0.823,31.704,0.137,37.14,1.86,0.63,Low,Yes
S0212,USA,33.7328,-95.4675,6.748,2.451,3.659,29.209,0.428,63.03,3.15,1.22,Moderate,Borderline
S0213,USA,32.7281,-95.8,1.3,6.887,1.837,33.819,0.671,55.57,2.78,0.69,Low,Yes
S0214,USA,32.2056,-93.6135,3.622,1.438,2.066,28.778,0.666,48.72,2.44,0.69,Low,Yes
S0215,USA,38.2777,-94.9426,5.544,3.861,0.745,24.998,0.439,42.56,2.13,0.55,Low,Yes
S0216,USA,36.0608,-95.0021,1.054,6.557,1.442,14.65,0.537,41.44,2.07,0.66,Low,Yes
S0217,USA,35.6898,-95.1984,3.885,1.711,1.016,80.44,0.323,56.6,2.83,1.61,Low,Yes
S0218,USA,37.7425,-94.5488,6.706,3.143,0.752,15.757,0.244,35.89,1.79,0.67,Low,Yes
S0219,USA,32.4212,-94.9023,11.402,6.201,2.011,18.098,0.41,64.05,3.2,1.14,Moderate,Borderline
S0220,USA,34.3036,-98.9909,6.365,6.355,1.705,19.926,0.455,53.88,2.69,0.64,Low,Yes
S0221,USA,39.6607,-96.2623,10.552,6.645,1.037,30.075,0.516,63.66,3.18,1.06,Moderate,Borderline
S0222,USA,34.1435,-93.732,6.255,2.695,0.368,66.663,1.778,82.58,4.13,1.78,Moderate,Borderline
S0223,USA,34.8055,-98.0696,2.824,1.009,2.04,24.891,0.609,43.4,2.17,0.68,Low,Yes
S0224,USA,33.8131,-98.5949,5.276,2.09,1.923,34.546,0.336,48.09,2.4,0.69,Low,Yes
S0225,USA,35.2047,-94.3143,4.267,2.004,1.351,6.273,0.461,33.28,1.66,0.46,Low,Yes
S0226,USA,39.9112,-92.5899,1.615,4.053,1.979,25.916,0.377,42.44,2.12,0.66,Low,Yes
S0227,USA,40.2624,-92.2275,6.17,5.842,0.922,34.356,0.521,54.33,2.72,0.69,Low,Yes
S0228,USA,38.9008,-94.7361,3.978,1.978,1.622,5.756,0.107,27.17,1.36,0.54,Low,Yes
S0229,USA,36.8191,-93.6356,2.41,5.903,4.212,26.554,0.208,59.49,2.97,1.4,Low,Yes
S0230,USA,30.54,-91.7085,1.79,1.944,0.822,25.181,0.25,28.02,1.4,0.5,Low,Yes
S0231,USA,40.6358,-94.2162,15.392,1.311,0.818,15.589,0.3,51.09,2.55,1.54,Low,Yes
S0232,USA,34.9444,-95.4547,5.703,3.597,3.897,33.333,0.503,67.97,3.4,1.3,Moderate,Borderline
S0233,USA,35.9207,-98.9781,5.506,2.667,1.078,7.025,0.208,30.5,1.53,0.55,Low,Yes
S0234,USA,36.3088,-97.7727,5.427,3.536,1.016,11.16,0.261,34.38,1.72,0.54,Low,Yes
S0235,USA,37.6218,-94.792,10.605,6.709,0.466,23.709,1.772,82.66,4.13,1.77,Moderate,Borderline
S0236,USA,39.4342,-98.4448,5.24,2.877,1.376,33.402,0.193,42.63,2.13,0.67,Low,Yes
S0237,USA,38.6544,-93.9782,2.216,5.207,4.399,12.593,0.675,62.71,3.14,1.47,Moderate,Borderline
S0238,USA,35.8439,-93.7386,5.035,13.469,0.467,32.436,0.255,58.2,2.91,1.35,Low,Yes
S0239,USA,42.2488,-90.8556,4.826,5.284,0.659,59.935,0.229,53.17,2.66,1.2,Low,Yes
S0240,USA,42.115,-95.9024,4.64,1.487,1.809,29.69,0.427,44.73,2.24,0.6,Low,Yes
S0241,USA,41.2511,-92.956,5.428,1.411,1.957,21.15,0.321,41.6,2.08,0.65,Low,Yes
S0242,USA,40.3209,-93.0764,3.726,2.49,1.07,24.48,0.138,32.12,1.61,0.49,Low,Yes
S0243,USA,35.5628,-100.3205,1.131,13.929,1.969,27.933,0.493,64.28,3.21,1.39,Moderate,Borderline
S0244,USA,36.1631,-95.8393,1.423,4.985,1.765,8.313,0.286,33.63,1.68,0.59,Low,Yes
S0245,USA,45.8473,-91.266,3.141,5.971,0.854,33.584,0.313,43.61,2.18,0.67,Low,Yes
S0246,USA,36.3106,-97.5542,4.32,2.163,1.518,30.763,0.364,42.67,2.13,0.62,Low,Yes
S0247,USA,38.4209,-97.7791,2.076,2.378,4.725,26.972,0.197,55.14,2.76,1.57,Low,Yes
S0248,USA,36.1569,-93.7251,3.126,2.334,1.394,6.732,0.241,27.73,1.39,0.46,Low,Yes
S0249,USA,37.3377,-93.6649,4.341,3.574,1.554,10.151,0.347,37.19,1.86,0.52,Low,Yes
S0250,USA,38.6466,-88.3424,1.692,1.703,0.557,11.188,0.637,27.72,1.39,0.64,Low,Yes
S0252,USA,40.7335,-94.6039,5.928,3.911,1.725,10.503,0.63,47.98,2.4,0.63,Low,Yes
S0253,USA,36.4462,-97.0946,5.821,17.019,1.001,75.933,0.144,85.61,4.28,1.7,Moderate,Borderline
S0254,USA,36.1157,-90.9615,6.983,2.927,0.931,7.061,0.379,36.43,1.82,0.7,Low,Yes
S0255,USA,40.8682,-92.096,1.05,4.97,0.31,28.184,0.14,28.18,1.41,0.56,Low,Yes
S0256,USA,41.1898,-93.7561,5.51,4.108,1.508,27.268,0.217,44.54,2.23,0.55,Low,Yes
S0257,USA,38.068,-94.346,5.552,4.925,1.342,9.694,0.53,44.38,2.22,0.56,Low,Yes
S0258,USA,35.1091,-98.0242,2.449,3.549,1.213,7.309,0.33,29.61,1.48,0.4,Low,Yes
S0259,USA,40.325,-93.2097,2.632,2.584,1.445,13.085,0.517,35.64,1.78,0.52,Low,Yes
S0260,USA,32.4222,-93.1464,4.972,5.668,0.638,25.968,1.208,60.08,3.0,1.21,Moderate,Borderline
S0261,USA,38.049,-99.6944,1.234,2.938,1.899,32.029,0.595,45.72,2.29,0.64,Low,Yes
S0262,USA,38.4078,-99.6067,1.404,6.993,1.647,30.741,1.329,66.65,3.33,1.33,Moderate,Borderline
S0263,USA,40.6444,-96.7927,4.397,4.926,0.326,23.712,0.123,32.76,1.64,0.49,Low,Yes
S0264,USA,40.2142,-88.9399,4.748,4.522,2.083,18.269,0.334,46.41,2.32,0.69,Low,Yes
S0265,USA,39.1109,-94.5225,6.575,4.166,2.092,24.485,0.529,55.8,2.79,0.7,Low,Yes
S0266,USA,36.8016,-96.9593,5.049,3.239,0.601,25.727,0.489,40.65,2.03,0.51,Low,Yes
S0267,USA,38.2123,-98.0659,4.596,5.231,1.502,81.164,0.466,71.45,3.57,1.62,Moderate,Borderline
S0268,USA,38.2446,-93.6101,6.766,3.931,0.577,13.31,0.45,39.56,1.98,0.68,Low,Yes
S0269,USA,35.6026,-95.4525,1.19,1.507,1.886,24.771,0.618,40.24,2.01,0.63,Low,Yes
S0270,USA,38.8886,-97.4129,2.719,17.179,1.421,18.95,0.137,59.59,2.98,1.72,Low,Yes
S0271,USA,38.0292,-94.0746,6.628,11.686,0.713,13.057,0.2,50.6,2.53,1.17,Low,Yes
S0272,USA,36.8147,-93.5617,2.67,2.958,0.719,12.694,1.168,44.49,2.22,1.17,Low,Yes
S0273,USA,35.8618,-94.0038,3.056,1.93,1.172,21.902,0.182,30.19,1.51,0.44,Low,Yes
S0274,USA,33.503,-94.9459,4.744,3.927,1.127,66.744,0.375,59.05,2.95,1.33,Low,Yes
S0275,USA,42.4977,-92.5575,5.662,2.883,1.812,31.686,0.217,46.18,2.31,0.63,Low,Yes
S0276,USA,36.8428,-89.8877,3.899,3.168,1.032,18.62,0.176,31.98,1.6,0.39,Low,Yes
S0277,USA,42.7124,-90.1221,3.938,2.379,0.97,9.237,0.211,27.02,1.35,0.39,Low,Yes
S0278,USA,35.1764,-96.6174,5.954,6.563,1.328,16.236,0.32,46.78,2.34,0.66,Low,Yes
S0279,USA,40.5392,-94.4177,5.776,5.037,0.693,12.49,0.1,33.24,1.66,0.58,Low,Yes
S0280,USA,38.6045,-91.3131,5.502,3.75,0.469,61.658,0.225,50.79,2.54,1.23,Low,Yes
S0281,USA,36.7913,-92.33,3.798,1.927,1.074,34.987,0.339,39.38,1.97,0.7,Low,Yes
S0282,USA,35.2019,-98.33,4.063,6.464,3.084,21.535,0.604,62.31,3.12,1.03,Moderate,Borderline
S0283,USA,36.8635,-96.2727,15.797,1.67,0.806,16.393,0.335,53.56,2.68,1.58,Low,Yes
S0284,USA,37.975,-96.3387,2.422,4.395,3.046,29.806,0.565,57.16,2.86,1.02,Low,Yes
S0285,USA,36.4159,-95.1926,6.769,6.599,1.401,14.526,0.668,55.25,2.76,0.68,Low,Yes
S0286,USA,34.3323,-92.1341,2.69,1.062,1.571,34.703,1.354,58.94,2.95,1.35,Low,Yes
S0287,USA,34.5395,-98.7541,6.007,2.114,3.222,9.884,0.19,45.48,2.27,1.07,Low,Yes
S0288,USA,37.2556,-103.9734,2.48,4.971,1.657,32.131,1.006,58.92,2.95,1.01,Low,Yes
S0289,USA,38.9063,-98.3523,3.467,6.308,1.937,25.732,0.214,47.04,2.35,0.65,Low,Yes
S0290,USA,34.4917,-100.6544,5.986,5.41,0.818,13.998,0.36,41.04,2.05,0.6,Low,Yes
S0291,USA,37.3685,-98.026,6.414,5.398,1.977,21.998,0.639,58.38,2.92,0.66,Low,Yes
S0292,USA,38.4001,-93.4809,1.627,3.784,2.065,7.017,1.527,57.94,2.9,1.53,Low,Yes
S0293,USA,34.1442,-94.7676,2.035,2.778,1.774,12.79,0.359,33.75,1.69,0.59,Low,Yes
S0294,USA,35.7592,-89.3369,2.359,2.517,0.947,29.621,0.31,34.11,1.71,0.59,Low,Yes
S0295,USA,35.2492,-91.8849,2.254,3.8,1.814,16.43,0.594,42.65,2.13,0.6,Low,Yes
S0296,USA,31.3908,-96.1656,6.595,6.602,4.141,17.232,0.494,70.77,3.54,1.38,Moderate,Borderline
S0297,USA,42.1704,-93.5027,1.411,1.698,1.989,7.304,0.43,31.0,1.55,0.66,Low,Yes
S0298,USA,38.2099,-93.7171,4.671,2.532,0.939,25.275,0.142,33.62,1.68,0.51,Low,Yes
S0299,USA,35.8689,-96.0488,13.353,2.009,1.303,20.073,0.675,60.94,3.05,1.34,Moderate,Borderline
S0300,USA,37.6758,-92.9218,4.779,5.514,1.519,26.945,0.188,45.25,2.26,0.55,Low,Yes
S0302,UK,53.7166,-0.7412,5.37,5.027,2.004,28.499,1.483,75.21,3.76,1.48,Moderate,Borderline
S0304,UK,58.4883,-3.428,6.388,3.359,0.33,23.073,1.668,64.28,3.21,1.67,Moderate,Borderline
S0305,UK,55.4736,-3.0741,6.559,14.592,4.4,5.339,1.471,103.19,5.16,1.47,Critical,No
S0306,UK,55.0332,-2.2231,4.265,5.257,1.928,67.045,0.599,70.7,3.53,1.34,Moderate,Borderline
S0307,UK,51.8771,-4.1365,5.904,1.572,0.907,7.506,1.394,51.88,2.59,1.39,Low,Yes
S0308,UK,48.2035,-4.0264,3.367,1.968,1.75,9.617,0.261,31.4,1.57,0.58,Low,Yes
S0313,UK,55.759,-3.1884,1.617,6.875,1.824,25.295,0.462,48.5,2.43,0.69,Low,Yes
S0314,UK,48.8387,3.483,2.656,2.358,0.72,27.412,0.136,28.51,1.43,0.55,Low,Yes
S0317,UK,48.9942,1.1762,6.504,1.86,0.828,25.935,0.575,44.12,2.21,0.65,Low,Yes
S0318,UK,55.1029,-1.5557,12.176,2.307,1.441,5.487,0.294,46.65,2.33,1.22,Low,Yes
S0319,UK,48.09,0.1262,1.807,5.989,1.47,17.061,0.568,43.58,2.18,0.6,Low,Yes
S0322,UK,52.3142,1.0439,2.834,5.035,0.867,23.972,0.447,40.05,2.0,0.5,Low,Yes
S0330,UK,51.4788,0.0293,1.351,4.571,1.339,29.09,0.148,35.37,1.77,0.58,Low,Yes
S0334,UK,51.9752,-3.2092,3.639,14.796,1.924,11.49,0.129,56.87,2.84,1.48,Low,Yes
S0337,UK,52.8369,-3.2408,2.214,1.307,1.221,16.484,0.187,25.52,1.28,0.41,Low,Yes
S0339,UK,52.536,0.4629,1.463,1.762,1.233,15.744,0.511,31.19,1.56,0.51,Low,Yes
S0341,UK,54.3312,-0.4777,5.372,3.359,0.475,28.925,0.428,40.76,2.04,0.58,Low,Yes
S0343,UK,52.2077,1.2337,5.385,4.47,1.747,6.789,0.184,37.75,1.89,0.58,Low,Yes
S0344,UK,47.3699,1.3122,4.118,1.811,1.013,9.762,0.628,35.08,1.75,0.63,Low,Yes
S0348,UK,51.3263,-2.1855,4.754,3.444,1.914,5.677,0.446,40.35,2.02,0.64,Low,Yes
S0350,UK,49.3321,3.5882,4.693,1.527,1.233,13.499,1.52,56.46,2.82,1.52,Low,Yes
S0352,UK,55.9485,-3.0918,1.295,6.384,0.697,30.773,0.505,42.41,2.12,0.64,Low,Yes
S0354,UK,53.7141,-0.7492,1.784,5.376,0.672,14.366,0.487,34.29,1.71,0.54,Low,Yes
S0357,UK,52.3051,-0.7304,5.142,5.095,1.201,20.317,0.287,42.35,2.12,0.51,Low,Yes
S0358,UK,53.6133,-0.978,4.974,5.872,0.863,8.951,0.545,41.93,2.1,0.59,Low,Yes
S0359,UK,55.6601,-3.1022,15.74,3.853,0.99,30.093,0.214,62.1,3.11,1.57,Moderate,Borderline
S0361,UK,52.2848,-1.0022,3.447,1.283,1.522,13.117,0.665,38.15,1.91,0.67,Low,Yes
S0364,UK,51.0138,3.4818,3.748,5.513,0.878,34.872,0.652,51.36,2.57,0.7,Low,Yes
S0367,UK,52.2782,1.2797,3.665,4.053,4.867,18.822,0.39,63.21,3.16,1.62,Moderate,Borderline
S0368,UK,51.561,0.4698,4.23,6.145,1.571,5.209,0.241,38.13,1.91,0.61,Low,Yes
S0369,UK,57.0055,-3.4927,1.004,2.447,0.423,21.666,0.35,25.39,1.27,0.43,Low,Yes
S0370,UK,47.7732,-2.2582,1.641,1.361,0.837,9.929,0.173,19.02,0.95,0.28,Low,Yes
S0372,UK,53.507,-1.3637,2.705,3.262,1.28,25.737,0.286,36.48,1.82,0.51,Low,Yes
S0374,UK,52.8515,-2.3712,2.075,6.687,1.674,34.438,0.565,53.76,2.69,0.69,Low,Yes
S0376,UK,51.0896,-3.1927,4.579,3.293,0.654,13.997,0.461,34.92,1.75,0.46,Low,Yes
S0377,UK,57.2726,-3.3888,2.225,5.806,0.498,15.288,0.115,27.8,1.39,0.58,Low,Yes
S0378,UK,52.9035,-2.4539,4.659,3.321,0.565,7.693,0.104,24.88,1.24,0.47,Low,Yes
S0381,UK,54.9051,-1.4734,3.543,6.769,1.18,32.286,0.557,52.55,2.63,0.68,Low,Yes
S0386,UK,52.9517,-4.3177,5.894,3.362,1.838,31.089,0.566,54.52,2.73,0.62,Low,Yes
S0392,UK,54.0878,-2.8108,5.444,1.512,1.232,12.098,1.085,48.66,2.43,1.08,Low,Yes
S0393,UK,52.5352,-0.1,2.17,14.614,3.127,30.025,0.127,68.96,3.45,1.46,Moderate,Borderline
S0394,UK,52.5575,0.0885,13.593,4.466,0.898,8.199,0.16,48.58,2.43,1.36,Low,Yes
S0399,UK,53.7211,-2.7376,3.811,6.908,0.535,28.072,1.028,56.79,2.84,1.03,Low,Yes
S0401,UK,50.7041,2.2615,6.629,2.993,1.678,11.144,1.31,61.09,3.05,1.31,Moderate,Borderline
S0405,UK,53.1546,-1.7045,3.21,3.524,1.938,22.462,0.619,47.75,2.39,0.65,Low,Yes
S0407,UK,52.0505,-1.7475,6.831,2.745,1.844,10.78,0.279,41.34,2.07,0.68,Low,Yes
S0411,UK,48.7749,-3.1138,6.753,4.479,0.802,73.142,0.15,60.07,3.0,1.46,Moderate,Borderline
S0413,UK,53.0386,-1.9257,2.546,5.157,2.092,21.147,0.343,44.67,2.23,0.7,Low,Yes
S0416,UK,45.2866,-0.2258,6.802,6.181,1.325,22.493,0.323,50.26,2.51,0.68,Low,Yes
S0419,UK,53.7956,-0.9081,3.668,6.9,1.526,23.22,1.477,70.14,3.51,1.48,Moderate,Borderline
S0420,UK,51.5271,0.0498,16.751,3.762,0.541,7.18,0.309,53.68,2.68,1.68,Low,Yes
S0421,UK,50.8347,-1.6212,2.738,2.281,1.567,16.0,0.686,40.6,2.03,0.69,Low,Yes
S0422,UK,52.1099,0.1959,1.408,2.601,1.7,30.346,0.512,41.73,2.09,0.61,Low,Yes
S0423,UK,54.4635,-3.0097,1.059,2.976,1.679,29.349,0.368,38.36,1.92,0.59,Low,Yes
S0424,UK,56.0441,-5.4611,4.658,1.938,1.323,19.233,0.448,38.67,1.93,0.47,Low,Yes
S0426,UK,52.1911,-1.0463,5.655,5.607,1.459,22.321,0.375,48.68,2.43,0.57,Low,Yes
S0427,UK,54.29,-2.9718,1.489,2.756,0.54,28.85,0.163,26.89,1.34,0.58,Low,Yes
S0429,UK,52.7813,-3.8505,3.31,4.662,1.579,27.078,0.483,46.96,2.35,0.54,Low,Yes
S0430,UK,54.9626,-2.4937,1.148,5.352,2.054,6.958,0.488,39.24,1.96,0.68,Low,Yes
S0431,UK,55.0569,-4.6153,6.895,12.898,1.788,67.076,0.381,85.96,4.3,1.34,Moderate,Borderline
S0432,UK,49.8312,1.1227,17.781,3.16,0.94,24.867,0.261,63.32,3.17,1.78,Moderate,Borderline
S0433,UK,55.0511,-4.533,1.239,6.218,1.108,7.309,0.593,37.08,1.85,0.62,Low,Yes
S0434,UK,57.5203,-2.8176,6.263,4.303,0.483,29.615,0.129,38.78,1.94,0.63,Low,Yes
S0435,UK,48.1897,-4.2841,4.279,5.54,0.636,73.512,1.039,74.06,3.7,1.47,Moderate,Borderline
S0439,UK,55.5615,-4.4538,2.055,3.966,0.681,27.769,0.647,40.63,2.03,0.65,Low,Yes
S0442,UK,54.4526,-0.8591,2.81,2.822,0.559,17.688,0.185,25.77,1.29,0.35,Low,Yes
S0444,UK,56.9179,-2.3316,4.417,6.95,1.545,34.399,0.512,57.03,2.85,0.7,Low,Yes
S0445,UK,53.4543,-1.5854,5.684,3.297,1.074,14.311,0.662,44.09,2.2,0.66,Low,Yes
S0446,UK,54.3966,-2.3442,5.425,1.404,1.942,26.632,1.3,63.26,3.16,1.3,Moderate,Borderline
S0447,UK,50.9832,-0.9195,5.938,4.914,1.373,5.507,0.262,38.3,1.92,0.59,Low,Yes
S0448,UK,56.5574,-5.6876,6.793,4.017,0.544,33.931,0.28,44.42,2.22,0.68,Low,Yes
S0449,UK,56.4268,-3.7534,3.27,3.053,1.433,9.996,0.593,38.06,1.9,0.59,Low,Yes
S0451,UK,54.4286,-1.9699,3.847,3.592,1.372,17.328,0.478,40.52,2.03,0.48,Low,Yes
S0452,UK,51.8002,-4.0094,5.416,4.036,2.028,30.914,0.557,55.93,2.8,0.68,Low,Yes
S0453,UK,50.4864,4.8218,13.381,5.308,1.618,29.394,0.226,64.44,3.22,1.34,Moderate,Borderline
S0456,UK,53.2542,-0.1202,6.714,4.789,0.533,7.974,0.368,37.11,1.86,0.67,Low,Yes
S0457,UK,52.3033,-3.4139,3.438,5.263,1.231,34.537,0.271,44.84,2.24,0.69,Low,Yes
S0459,UK,58.4131,-4.0985,5.108,2.434,1.04,5.59,0.679,37.83,1.89,0.68,Low,Yes
S0461,UK,55.7321,-2.386,3.439,3.903,1.934,33.095,0.575,52.32,2.62,0.66,Low,Yes
S0466,UK,55.754,-3.1107,1.773,1.607,0.941,12.011,0.241,22.66,1.13,0.31,Low,Yes
S0470,UK,53.8444,-2.409,4.265,3.139,2.038,12.747,0.375,40.99,2.05,0.68,Low,Yes
S0472,UK,57.9612,-4.6233,2.915,1.76,1.187,10.879,0.686,35.33,1.77,0.69,Low,Yes
S0480,UK,51.9201,-1.237,6.687,3.023,0.392,8.7,0.31,31.71,1.59,0.67,Low,Yes
S0481,UK,52.704,-0.8664,3.199,1.908,1.573,16.002,0.477,36.64,1.83,0.52,Low,Yes
S0484,UK,53.8468,-2.7407,4.299,4.981,0.688,30.546,0.685,49.07,2.45,0.69,Low,Yes
S0485,UK,55.1675,-1.9979,1.584,4.829,4.319,22.726,0.253,55.77,2.79,1.44,Low,Yes
S0486,UK,52.843,-0.6965,5.961,5.573,0.674,31.032,0.68,53.57,2.68,0.68,Low,Yes
S0489,UK,54.8603,-2.4416,5.341,14.945,1.217,15.783,0.216,59.32,2.97,1.49,Low,Yes
S0492,UK,47.6858,4.1265,6.67,1.389,0.732,18.664,0.314,34.74,1.74,0.67,Low,Yes
S0494,UK,52.5923,-1.9104,2.48,4.771,1.637,21.949,0.348,41.15,2.06,0.55,Low,Yes
S0495,UK,53.9559,-7.4045,2.977,6.142,1.888,85.544,0.297,70.98,3.55,1.71,Moderate,Borderline
S0497,UK,53.9383,-1.1324,1.349,3.616,2.006,13.049,0.533,39.18,1.96,0.67,Low,Yes
S0499,UK,55.4757,-1.8766,14.414,6.047,1.075,32.2,0.469,70.35,3.52,1.44,Moderate,Borderline
S0503,UK,52.0491,-0.1689,1.48,1.06,1.754,32.454,1.626,62.27,3.11,1.63,Moderate,Borderline
S0505,UK,57.1016,-3.2224,4.328,10.603,0.751,31.648,0.464,56.81,2.84,1.06,Low,Yes
S0506,UK,53.8823,-7.2644,1.517,4.017,1.096,20.655,0.105,28.74,1.44,0.41,Low,Yes
S0508,UK,47.8187,1.2729,3.521,17.05,0.44,32.601,0.322,63.56,3.18,1.71,Moderate,Borderline
S0509,UK,52.8932,-1.3586,5.015,11.528,1.723,14.05,0.613,62.45,3.12,1.15,Moderate,Borderline
S0510,UK,52.2423,-3.0463,2.512,4.49,1.374,29.213,0.17,38.25,1.91,0.58,Low,Yes
S0512,UK,52.2769,-0.9955,3.438,4.245,0.609,25.786,0.52,40.14,2.01,0.52,Low,Yes
S0513,UK,55.1957,-4.6083,4.148,3.028,1.357,18.494,0.576,42.32,2.12,0.58,Low,Yes
S0514,UK,53.099,-0.4692,3.464,6.378,1.846,30.95,0.207,48.51,2.43,0.64,Low,Yes
S0516,UK,52.0248,-0.6126,1.782,5.846,0.414,30.762,0.252,35.36,1.77,0.62,Low,Yes
S0518,UK,56.0316,-5.2387,5.819,5.445,0.94,13.841,0.547,45.27,2.26,0.58,Low,Yes
S0519,UK,52.8449,-7.604,5.908,4.271,1.926,11.962,0.594,49.86,2.49,0.64,Low,Yes
S0520,UK,51.5355,-2.5095,3.627,2.747,0.436,17.83,0.154,25.87,1.29,0.36,Low,Yes
S0521,Germany,50.4595,14.1144,2.342,3.068,1.314,5.115,0.663,34.89,1.74,0.66,Low,Yes
S0522,Germany,51.5255,7.1042,6.171,6.967,0.433,17.237,0.435,44.76,2.24,0.7,Low,Yes
S0523,Germany,54.6764,9.4498,4.434,2.721,0.588,13.556,0.643,36.51,1.83,0.64,Low,Yes
S0524,Germany,52.3052,9.0836,2.97,6.22,0.597,13.618,0.372,35.25,1.76,0.62,Low,Yes
S0525,Germany,50.5243,8.5391,3.891,2.896,1.875,29.153,0.43,46.34,2.32,0.62,Low,Yes
S0526,Germany,48.5127,5.1857,2.901,2.713,0.863,54.422,0.232,43.39,2.17,1.09,Low,Yes
S0527,Germany,55.0897,9.0891,5.437,3.002,3.031,28.866,0.179,52.21,2.61,1.01,Low,Yes
S0528,Germany,50.5289,15.5602,4.122,6.795,1.76,11.406,0.343,44.99,2.25,0.68,Low,Yes
S0529,Germany,51.0744,7.3471,6.511,1.939,1.414,34.041,0.2,43.94,2.2,0.68,Low,Yes
S0530,Germany,49.9347,6.1011,3.693,1.43,1.977,63.08,0.477,58.2,2.91,1.26,Low,Yes
S0531,Germany,51.7189,12.1992,1.431,14.259,0.846,10.39,0.675,54.68,2.73,1.43,Low,Yes
S0532,Germany,51.6242,7.8306,3.041,3.608,0.644,12.968,0.224,27.26,1.36,0.36,Low,Yes
S0533,Germany,53.0511,9.8403,6.59,3.149,1.218,32.023,0.33,47.01,2.35,0.66,Low,Yes
S0534,Germany,46.63,8.7352,15.147,11.848,1.743,19.492,0.687,87.15,4.36,1.51,Moderate,Borderline
S0535,Germany,48.9072,7.1378,2.037,6.465,1.042,6.454,0.44,35.33,1.77,0.65,Low,Yes
S0536,Germany,50.6953,8.5532,4.895,4.829,0.468,8.863,0.385,33.81,1.69,0.49,Low,Yes
S0537,Germany,50.9633,14.762,2.86,6.203,0.385,27.899,0.237,36.59,1.83,0.62,Low,Yes
S0538,Germany,43.1425,6.1284,1.043,3.159,1.519,33.679,0.34,38.8,1.94,0.67,Low,Yes
S0539,Germany,46.8783,12.9018,1.759,3.173,1.147,66.534,0.428,52.68,2.63,1.33,Low,Yes
S0540,Germany,53.1094,11.5996,11.553,4.22,1.803,14.096,0.382,56.84,2.84,1.16,Low,Yes
S0541,Germany,48.6396,7.6465,1.5,4.478,1.941,57.471,0.599,59.86,2.99,1.15,Low,Yes
S0542,Germany,47.2813,5.4914,11.93,2.249,1.751,10.746,0.619,56.71,2.84,1.19,Low,Yes
S0543,Germany,50.3411,8.066,5.486,5.901,1.727,89.373,0.33,76.64,3.83,1.79,Moderate,Borderline
S0544,Germany,47.3027,12.8574,4.515,3.674,0.777,21.131,0.57,41.41,2.07,0.57,Low,Yes
S0545,Germany,48.0817,11.2199,6.596,11.641,1.177,20.818,0.39,60.45,3.02,1.16,Moderate,Borderline
S0546,Germany,51.6297,9.2088,2.482,6.465,1.236,28.355,1.398,65.44,3.27,1.4,Moderate,Borderline
S0547,Germany,49.9678,8.8764,3.19,14.03,0.629,24.122,0.543,59.14,2.96,1.4,Low,Yes
S0548,Germany,49.8544,14.5174,3.905,1.11,1.413,7.574,0.654,35.56,1.78,0.65,Low,Yes
S0549,Germany,49.9805,7.3465,4.555,1.262,3.483,33.771,1.023,68.82,3.44,1.16,Moderate,Borderline
S0550,Germany,52.4585,9.0241,3.495,6.51,0.644,32.243,0.139,39.98,2.0,0.65,Low,Yes
S0551,Germany,53.571,10.4537,1.735,6.277,3.668,14.735,0.27,51.77,2.59,1.22,Low,Yes
S0552,Germany,48.1801,11.43,3.919,6.201,1.504,33.373,0.565,54.92,2.75,0.67,Low,Yes
S0553,Germany,51.4542,10.8954,5.523,3.658,1.686,33.871,0.262,48.39,2.42,0.68,Low,Yes
S0554,Germany,42.5009,14.0776,2.887,5.379,1.433,84.39,0.375,67.34,3.37,1.69,Moderate,Borderline
S0555,Germany,50.6804,5.1413,6.321,5.498,1.157,28.113,0.401,50.62,2.53,0.63,Low,Yes
S0557,Germany,52.3533,8.5998,4.251,5.597,2.005,9.066,0.168,40.05,2.0,0.67,Low,Yes
S0558,Germany,49.2702,7.7861,3.44,5.768,0.607,20.273,0.467,39.91,2.0,0.58,Low,Yes
S0559,Germany,51.8562,10.42,6.474,2.468,0.844,34.162,0.166,40.5,2.02,0.68,Low,Yes
S0560,Germany,50.5132,9.924,14.351,3.031,1.404,24.857,0.592,65.91,3.3,1.44,Moderate,Borderline
S0561,Germany,51.261,6.8916,15.348,6.177,1.762,32.43,0.642,80.61,4.03,1.53,Moderate,Borderline
S0562,Germany,49.1177,10.2192,1.263,3.667,0.643,5.012,0.148,19.11,0.96,0.37,Low,Yes
S0563,Germany,50.0397,2.7848,3.13,6.783,0.342,31.25,0.157,37.75,1.89,0.68,Low,Yes
S0565,Germany,47.2657,9.9205,6.87,3.925,1.451,17.909,1.731,73.05,3.65,1.73,Moderate,Borderline
S0566,Germany,49.444,12.5596,17.735,4.16,5.374,6.179,0.366,89.41,4.47,1.79,Moderate,Borderline
S0567,Germany,51.6152,5.1299,3.894,1.408,0.686,10.674,0.229,24.03,1.2,0.39,Low,Yes
S0568,Germany,51.0876,12.0939,3.114,1.299,1.478,33.321,0.516,42.33,2.12,0.67,Low,Yes
S0569,Germany,45.7583,10.2839,3.73,5.24,4.191,21.334,0.556,65.53,3.28,1.4,Moderate,Borderline
S0570,Germany,52.1365,12.0861,3.723,6.098,0.972,22.374,0.641,47.89,2.39,0.64,Low,Yes
S0571,Germany,48.657,10.7796,4.625,1.472,1.025,7.677,0.205,26.2,1.31,0.46,Low,Yes
S0573,Germany,51.9409,11.9981,15.525,4.434,0.955,25.088,0.205,60.42,3.02,1.55,Moderate,Borderline
S0574,Germany,46.5195,3.6282,2.525,3.912,0.849,7.577,0.218,25.92,1.3,0.39,Low,Yes
S0575,Germany,46.8552,4.6054,3.815,1.604,1.495,13.587,0.216,30.56,1.53,0.5,Low,Yes
S0576,Germany,49.0286,7.9068,2.678,11.074,1.461,26.238,0.254,52.82,2.64,1.11,Low,Yes
S0577,Germany,51.2891,6.9531,3.623,4.624,2.098,17.141,0.254,42.42,2.12,0.7,Low,Yes
S0578,Germany,53.1395,9.3138,3.21,3.301,1.471,15.024,0.123,31.3,1.56,0.49,Low,Yes
S0579,Germany,43.5065,10.939,3.983,1.077,1.104,9.147,0.398,29.1,1.45,0.4,Low,Yes
S0580,Germany,48.6454,15.3181,6.769,5.845,1.015,22.084,1.68,74.43,3.72,1.68,Moderate,Borderline
S0581,Germany,52.9377,6.7029,4.257,1.751,1.302,17.45,0.464,36.96,1.85,0.46,Low,Yes
S0583,Germany,57.264,12.1231,2.557,1.716,1.2,26.039,0.311,33.18,1.66,0.52,Low,Yes
S0584,Germany,47.29,8.7199,1.367,6.935,0.384,12.578,0.522,34.64,1.73,0.69,Low,Yes
S0586,Germany,51.0075,15.4272,6.365,1.331,0.368,21.269,1.135,49.05,2.45,1.14,Low,Yes
S0587,Germany,55.9599,11.8693,6.5,5.031,0.302,21.037,0.35,40.49,2.02,0.65,Low,Yes
S0588,Germany,48.6087,10.1228,2.152,5.349,0.512,89.897,0.269,59.75,2.99,1.8,Low,Yes
S0589,Germany,51.9209,6.289,6.424,5.022,1.425,11.336,0.207,41.07,2.05,0.64,Low,Yes
S0590,Germany,46.6939,8.2619,3.69,5.467,1.088,21.976,0.514,44.64,2.23,0.55,Low,Yes
S0591,Germany,53.3722,10.9168,3.643,5.504,1.386,34.508,0.126,43.86,2.19,0.69,Low,Yes
S0592,Germany,49.3413,10.461,1.143,2.996,0.773,25.674,0.22,28.1,1.41,0.51,Low,Yes
S0593,Germany,48.8565,10.46,16.499,5.514,1.589,19.31,0.123,64.8,3.24,1.65,Moderate,Borderline
S0594,Germany,51.0059,14.5986,3.145,4.857,1.868,28.093,0.63,52.29,2.61,0.63,Low,Yes
S0595,Germany,58.926,11.7943,5.496,17.5,1.254,19.473,0.561,73.36,3.67,1.75,Moderate,Borderline
S0596,Germany,47.6242,6.7194,17.049,2.54,1.985,17.433,0.306,65.5,3.28,1.7,Moderate,Borderline
S0597,Germany,46.9903,14.01,14.433,5.572,3.88,12.112,0.143,73.58,3.68,1.44,Moderate,Borderline
S0598,Germany,51.7928,9.879,4.324,1.032,1.925,7.884,0.66,39.9,1.99,0.66,Low,Yes
S0599,Germany,47.57,10.2624,1.005,1.525,1.946,74.15,0.198,51.65,2.58,1.48,Low,Yes
S0600,Germany,49.9657,4.3841,4.597,5.45,1.492,25.644,0.355,47.4,2.37,0.55,Low,Yes
S0601,Germany,48.4614,12.6497,6.29,2.179,0.458,26.4,0.475,40.05,2.0,0.63,Low,Yes
S0602,Germany,48.5301,9.2412,5.314,5.253,0.884,5.772,0.582,40.98,2.05,0.58,Low,Yes
S0603,Germany,42.503,13.4788,1.185,1.078,1.181,73.257,0.429,50.28,2.51,1.47,Low,Yes
S0605,Germany,53.1738,11.3455,11.785,1.339,1.077,20.478,0.664,54.9,2.74,1.18,Low,Yes
S0607,Germany,46.9706,8.8132,6.259,3.734,1.545,31.073,1.372,70.16,3.51,1.37,Moderate,Borderline
S0608,Germany,52.2504,13.5014,5.993,12.426,1.556,13.873,0.353,59.82,2.99,1.24,Low,Yes
S0609,Germany,49.4687,8.8686,11.585,1.055,0.869,10.812,1.671,68.82,3.44,1.67,Moderate,Borderline
S0610,Germany,51.2647,12.9217,4.262,3.322,4.097,21.489,0.163,54.34,2.72,1.37,Low,Yes
S0611,Germany,49.5703,6.0862,2.9,1.903,1.743,19.718,0.524,39.59,1.98,0.58,Low,Yes
S0612,Germany,52.5623,9.0166,4.462,2.615,0.379,8.911,0.337,26.99,1.35,0.45,Low,Yes
S0613,Germany,50.3347,12.9081,10.019,2.469,0.518,17.329,0.527,45.9,2.3,1.0,Low,Yes
S0614,Germany,52.9769,8.661,6.181,2.013,1.685,15.116,0.173,37.13,1.86,0.62,Low,Yes
S0616,Germany,51.4531,8.079,1.343,4.179,1.797,6.158,0.289,31.27,1.56,0.6,Low,Yes
S0617,Germany,58.1758,7.6979,1.186,1.197,1.911,24.111,0.644,40.03,2.0,0.64,Low,Yes
S0618,Germany,53.4317,12.7021,5.255,2.266,0.696,28.46,0.372,38.51,1.93,0.57,Low,Yes
S0619,Germany,52.3544,12.9632,2.371,2.889,0.792,18.66,0.163,26.52,1.33,0.37,Low,Yes
S0620,Germany,49.1509,10.8567,6.535,3.182,0.763,6.191,0.369,34.38,1.72,0.65,Low,Yes
S0621,Germany,53.0719,6.7383,5.633,4.706,1.909,30.254,0.346,52.43,2.62,0.64,Low,Yes
S0622,Germany,54.5879,8.967,2.366,5.837,1.456,8.278,0.159,32.6,1.63,0.58,Low,Yes
S0623,Germany,49.7941,12.7892,6.838,15.641,1.112,84.808,0.183,89.95,4.5,1.7,Moderate,Borderline
S0624,Germany,53.9201,11.8717,3.386,2.407,1.293,12.714,0.202,29.33,1.47,0.43,Low,Yes
S0625,Germany,50.96,8.9719,3.0,4.424,1.047,25.576,0.25,37.06,1.85,0.51,Low,Yes
S0627,Germany,50.485,13.2955,4.515,4.194,0.449,18.223,0.59,39.5,1.98,0.59,Low,Yes
S0628,Germany,49.4545,9.6204,5.807,2.191,1.636,19.989,0.684,48.58,2.43,0.68,Low,Yes
S0629,Germany,46.2296,8.006,5.387,2.03,0.822,8.538,1.102,45.77,2.29,1.1,Low,Yes
S0630,Germany,53.2129,7.8824,4.651,3.242,0.414,33.915,0.273,37.57,1.88,0.68,Low,Yes
S0631,Germany,53.8981,14.072,3.244,1.133,1.958,12.568,0.594,38.71,1.94,0.65,Low,Yes
S0632,Germany,52.7172,7.4183,3.31,5.7,0.528,19.428,1.548,60.27,3.01,1.55,Moderate,Borderline
S0633,Germany,46.964,9.1565,5.896,3.918,1.449,12.08,0.124,36.6,1.83,0.59,Low,Yes
S0634,Germany,48.7019,8.6162,2.446,4.121,1.872,15.05,0.327,38.17,1.91,0.62,Low,Yes
S0635,Germany,47.4541,12.9879,11.53,3.444,0.979,12.653,0.135,44.24,2.21,1.15,Low,Yes
S0636,Germany,50.02,8.9708,14.462,3.277,1.313,13.853,0.623,62.23,3.11,1.45,Moderate,Borderline
S0638,Germany,53.874,11.9906,4.775,5.261,0.344,14.989,0.23,32.96,1.65,0.53,Low,Yes
S0639,Germany,54.1961,9.2259,2.511,4.682,0.454,82.675,0.108,52.64,2.63,1.65,Low,Yes
S0642,Germany,55.6213,13.766,1.17,5.73,1.576,6.21,0.207,30.93,1.55,0.57,Low,Yes
S0644,Germany,52.1922,7.7576,2.236,1.39,0.527,30.927,0.547,34.08,1.7,0.62,Low,Yes
S0645,Germany,50.0913,14.0383,5.715,6.646,1.133,29.647,0.208,48.29,2.41,0.66,Low,Yes
S0647,Germany,50.1901,5.3696,4.103,3.684,1.413,9.69,0.338,35.63,1.78,0.47,Low,Yes
S0648,Germany,45.4792,13.9845,2.025,4.453,1.227,24.887,0.255,36.19,1.81,0.5,Low,Yes
S0649,Germany,48.5708,10.5634,4.636,6.755,1.719,22.692,0.615,55.62,2.78,0.68,Low,Yes
S0650,Germany,53.3024,9.9949,4.5,3.727,0.307,20.292,0.369,34.0,1.7,0.45,Low,Yes
S0651,Germany,49.0364,3.8515,16.203,4.424,0.57,12.609,0.107,52.24,2.61,1.62,Low,Yes
S0652,Germany,48.8816,8.9454,6.915,1.782,5.07,33.845,1.513,94.99,4.75,1.69,Moderate,Borderline
S0653,Germany,46.2611,8.2261,2.241,3.497,1.54,30.76,0.571,45.47,2.27,0.62,Low,Yes
S0654,Germany,52.0401,7.9447,3.649,1.85,0.988,14.899,0.641,36.36,1.82,0.64,Low,Yes
S0655,Germany,49.7817,5.2339,4.121,1.092,0.807,10.133,0.523,30.32,1.52,0.52,Low,Yes
S0657,Germany,50.0542,10.8042,3.812,2.115,2.09,10.104,0.355,36.93,1.85,0.7,Low,Yes
S0658,Germany,52.4194,7.8913,1.002,6.496,0.634,26.378,0.292,35.61,1.78,0.65,Low,Yes
S0659,Germany,54.5733,9.5594,3.714,1.941,4.066,28.441,0.481,59.41,2.97,1.36,Low,Yes
S0660,Germany,51.1217,8.9719,5.724,2.943,1.898,31.343,0.505,52.62,2.63,0.63,Low,Yes
S0661,Germany,47.808,14.9833,4.082,3.242,0.472,7.731,0.348,27.85,1.39,0.41,Low,Yes
S0662,Germany,49.5901,10.5848,4.562,5.969,1.915,31.456,0.425,54.91,2.75,0.64,Low,Yes
S0663,Germany,50.6423,12.7592,2.646,3.327,0.783,7.096,0.204,24.08,1.2,0.33,Low,Yes
S0664,Germany,50.7243,9.4745,5.611,2.329,1.147,27.884,0.502,44.72,2.24,0.56,Low,Yes
S0665,Germany,50.9931,9.9651,6.443,4.257,0.926,24.661,0.528,48.0,2.4,0.64,Low,Yes
S0666,Germany,50.4995,6.4329,3.448,2.499,1.879,32.33,0.164,40.63,2.03,0.65,Low,Yes
S0667,Germany,51.0319,5.992,14.836,2.662,0.81,25.227,0.121,52.91,2.65,1.48,Low,Yes
S0669,Germany,48.4081,9.6204,5.312,2.182,0.71,16.144,0.422,34.62,1.73,0.53,Low,Yes
S0670,Germany,45.1064,5.5566,1.214,4.325,1.573,12.567,0.668,39.95,2.0,0.67,Low,Yes
S0671,Germany,46.5134,9.9631,1.36,1.862,1.261,5.277,0.206,21.08,1.05,0.42,Low,Yes
S0673,Germany,48.6212,17.383,4.44,5.97,0.727,20.133,1.579,65.3,3.26,1.58,Moderate,Borderline
S0674,Germany,49.1455,12.6955,4.985,6.335,1.246,31.5,0.288,49.31,2.47,0.63,Low,Yes
S0675,Germany,49.4203,6.033,6.194,3.423,0.941,10.283,0.251,34.64,1.73,0.62,Low,Yes
S0676,Germany,51.561,9.8672,10.719,4.545,1.054,6.618,0.403,48.26,2.41,1.07,Low,Yes
S0677,Germany,51.6921,7.4831,2.179,2.041,1.838,14.827,1.537,57.36,2.87,1.54,Low,Yes
S0678,Germany,53.8404,10.165,1.986,5.752,1.017,12.642,0.434,35.99,1.8,0.58,Low,Yes
S0679,Germany,48.9404,13.4901,1.858,2.853,1.32,19.875,0.153,29.23,1.46,0.44,Low,Yes
S0680,Germany,52.2971,7.8485,3.624,1.822,0.528,27.908,0.388,33.34,1.67,0.56,Low,Yes
S0681,Germany,53.6369,11.4418,3.489,1.243,0.666,30.372,0.493,35.91,1.8,0.61,Low,Yes
S0683,Germany,48.5226,6.2452,3.464,4.069,0.375,22.527,0.129,29.16,1.46,0.45,Low,Yes
S0684,Germany,49.7107,11.7667,15.86,6.599,5.208,77.593,0.389,118.46,5.92,1.74,Critical,No
S0685,Germany,56.736,13.4922,4.034,6.166,0.323,17.54,0.489,39.35,1.97,0.62,Low,Yes
S0686,Germany,50.1693,7.9848,3.241,4.511,0.362,29.313,0.535,40.34,2.02,0.59,Low,Yes
S0687,Germany,49.1075,9.1064,2.635,6.883,0.317,14.662,0.145,29.91,1.5,0.69,Low,Yes
S0688,Germany,53.1442,9.2988,5.683,4.64,1.448,21.612,0.539,49.72,2.49,0.57,Low,Yes
S0689,Germany,50.0728,11.2145,1.503,4.084,1.099,74.609,0.597,60.28,3.01,1.49,Moderate,Borderline
S0691,Germany,50.2708,12.5916,2.88,3.34,1.973,30.918,0.658,51.12,2.56,0.66,Low,Yes
S0692,Germany,46.1108,11.6689,14.519,3.035,1.461,23.276,0.259,59.34,2.97,1.45,Low,Yes
S0693,Germany,50.1889,9.9178,4.341,4.551,3.279,22.894,0.148,51.76,2.59,1.09,Low,Yes
S0694,Germany,45.214,11.8354,5.323,2.997,1.468,77.86,0.326,64.09,3.2,1.56,Moderate,Borderline
S0695,Germany,52.0288,13.7304,2.513,3.042,0.833,9.961,0.165,23.95,1.2,0.3,Low,Yes
S0696,Germany,51.1592,12.5959,5.349,4.78,0.842,19.944,0.272,39.29,1.96,0.53,Low,Yes
S0697,Germany,50.3399,9.6178,1.623,1.233,0.791,19.55,0.411,27.03,1.35,0.41,Low,Yes
S0698,Germany,48.0621,10.4901,6.982,3.089,0.955,18.628,0.164,37.24,1.86,0.7,Low,Yes
S0699,Germany,48.4785,12.0617,1.872,6.856,3.953,22.14,0.41,60.87,3.04,1.32,Moderate,Borderline
S0700,Germany,49.3134,10.1731,2.89,6.704,0.711,11.035,0.612,40.58,2.03,0.67,Low,Yes
S0701,Canada,56.3037,-113.4359,3.786,11.054,1.896,17.686,0.322,55.83,2.79,1.11,Low,Yes
S0702,Canada,58.0597,-103.7768,5.336,3.028,0.895,14.881,0.339,35.43,1.77,0.53,Low,Yes
S0703,Canada,57.6442,-110.0185,13.903,5.213,1.87,7.587,0.327,60.27,3.01,1.39,Moderate,Borderline
S0704,Canada,54.0848,-102.8167,5.297,2.748,1.76,26.522,0.417,46.77,2.34,0.59,Low,Yes
S0705,Canada,50.0563,-107.3302,3.854,6.916,1.852,19.035,0.637,54.24,2.71,0.69,Low,Yes
S0706,Canada,55.7294,-104.5161,4.606,6.704,1.643,13.057,0.431,47.42,2.37,0.67,Low,Yes
S0707,Canada,55.359,-112.0625,4.704,2.19,1.221,17.331,0.344,35.74,1.79,0.47,Low,Yes
S0708,Canada,62.0804,-99.8202,3.983,3.976,0.527,23.149,0.341,35.51,1.78,0.46,Low,Yes
S0709,Canada,59.7859,-104.06,3.211,5.923,0.61,13.569,1.061,48.98,2.45,1.06,Low,Yes
S0710,Canada,53.4385,-107.9296,2.391,13.435,1.034,25.284,0.533,59.32,2.97,1.34,Low,Yes
S0711,Canada,57.3102,-104.7964,1.56,6.76,1.327,18.288,0.386,40.52,2.03,0.68,Low,Yes
S0712,Canada,56.0064,-108.4377,5.122,4.498,3.966,5.704,0.422,56.4,2.82,1.32,Low,Yes
S0713,Canada,56.549,-108.5028,4.193,6.397,1.025,16.518,0.386,42.34,2.12,0.64,Low,Yes
S0714,Canada,55.7522,-103.6901,5.407,1.113,1.193,15.042,0.519,37.39,1.87,0.54,Low,Yes
S0715,Canada,58.5903,-106.0467,3.935,2.196,0.376,12.456,0.562,30.99,1.55,0.56,Low,Yes
S0716,Canada,54.0169,-107.5448,5.649,3.723,1.537,61.858,0.268,59.09,2.95,1.24,Low,Yes
S0717,Canada,52.9766,-109.3506,4.131,3.287,0.905,53.192,0.351,49.17,2.46,1.06,Low,Yes
S0718,Canada,54.6336,-105.2651,6.078,4.666,1.027,20.361,0.423,44.94,2.25,0.61,Low,Yes
S0719,Canada,56.7254,-105.0958,6.661,2.591,1.824,27.441,0.251,46.66,2.33,0.67,Low,Yes
S0720,Canada,54.6461,-109.0537,2.589,5.25,1.299,29.151,0.489,45.78,2.29,0.58,Low,Yes
S0721,Canada,56.9184,-106.6932,4.697,2.094,1.659,15.131,0.517,41.03,2.05,0.55,Low,Yes
S0722,Canada,61.1839,-107.408,3.319,4.796,0.859,25.22,0.606,44.16,2.21,0.61,Low,Yes
S0723,Canada,57.7173,-104.8089,4.907,1.674,1.878,7.347,0.601,40.64,2.03,0.63,Low,Yes
S0724,Canada,57.3175,-103.5005,4.12,3.515,0.813,20.94,0.575,40.57,2.03,0.57,Low,Yes
S0725,Canada,54.1096,-104.2779,1.3,1.453,1.552,31.289,0.107,30.51,1.53,0.63,Low,Yes
S0726,Canada,50.375,-102.46,4.209,6.475,1.132,33.473,0.241,47.12,2.36,0.67,Low,Yes
S0727,Canada,55.9402,-106.7436,15.495,2.764,0.842,17.215,0.421,57.44,2.87,1.55,Low,Yes
S0728,Canada,52.3138,-105.9096,5.026,1.662,0.428,12.932,0.41,29.6,1.48,0.5,Low,Yes
S0729,Canada,62.6256,-102.0818,3.41,5.663,1.82,29.86,0.213,46.48,2.32,0.61,Low,Yes
S0730,Canada,52.9336,-109.1701,2.778,15.722,0.608,12.125,1.776,81.42,4.07,1.78,Moderate,Borderline
S0731,Canada,53.0994,-102.4553,2.912,4.757,0.64,12.688,0.623,37.14,1.86,0.62,Low,Yes
S0732,Canada,59.8666,-109.3318,1.118,3.922,2.018,32.278,0.316,42.76,2.14,0.67,Low,Yes
S0733,Canada,58.1146,-104.9543,2.242,5.891,1.884,8.179,0.275,37.6,1.88,0.63,Low,Yes
S0734,Canada,56.0675,-112.8327,1.26,2.075,1.136,17.831,0.229,25.96,1.3,0.38,Low,Yes
S0735,Canada,57.1942,-101.0418,6.574,3.782,1.396,9.809,1.559,65.12,3.26,1.56,Moderate,Borderline
S0736,Canada,52.4683,-104.5944,3.817,4.177,0.88,33.173,0.145,38.02,1.9,0.66,Low,Yes
S0737,Canada,59.0478,-107.2101,3.51,4.805,0.361,10.602,0.309,29.46,1.47,0.48,Low,Yes
S0738,Canada,53.7918,-106.9328,13.762,6.727,2.003,24.125,0.596,75.9,3.8,1.38,Moderate,Borderline
S0739,Canada,61.7865,-105.8604,4.521,1.434,1.261,15.208,0.635,39.1,1.95,0.64,Low,Yes
S0740,Canada,54.9215,-102.4207,10.411,3.281,1.592,6.526,0.265,45.91,2.3,1.04,Low,Yes
S0741,Canada,54.9248,-109.675,3.134,4.061,1.63,12.888,0.399,38.39,1.92,0.54,Low,Yes
S0742,Canada,54.3142,-110.2867,1.115,15.23,1.693,19.805,0.542,62.74,3.14,1.52,Moderate,Borderline
S0743,Canada,57.1127,-106.6999,1.626,6.161,1.99,10.714,0.143,35.99,1.8,0.66,Low,Yes
S0744,Canada,53.9782,-101.6985,2.982,13.084,0.585,8.172,0.272,44.74,2.24,1.31,Low,Yes
S0745,Canada,54.8738,-106.1465,3.902,2.93,0.977,28.472,0.454,40.65,2.03,0.57,Low,Yes
S0746,Canada,53.5932,-107.5139,2.496,4.117,2.001,24.25,0.436,44.99,2.25,0.67,Low,Yes
S0747,Canada,59.2188,-108.5602,1.285,5.237,1.12,16.639,0.339,33.95,1.7,0.52,Low,Yes
S0748,Canada,49.7949,-105.7318,12.504,5.919,1.111,13.941,0.601,61.85,3.09,1.25,Moderate,Borderline
S0749,Canada,49.8414,-109.5425,6.079,4.312,1.638,29.271,0.229,47.99,2.4,0.61,Low,Yes
S0750,Canada,54.2815,-102.6494,13.607,3.115,0.638,12.733,0.388,50.55,2.53,1.36,Low,Yes
S0751,Canada,53.8961,-108.6274,2.018,5.621,1.585,9.148,0.593,41.36,2.07,0.59,Low,Yes
S0752,Canada,55.2983,-106.5883,1.83,3.818,1.643,62.471,1.026,67.76,3.39,1.25,Moderate,Borderline
S0753,Canada,57.3347,-103.4478,2.592,5.755,0.365,15.355,0.395,33.17,1.66,0.58,Low,Yes
S0754,Canada,53.8197,-108.6329,2.456,2.184,1.965,34.126,0.631,48.65,2.43,0.68,Low,Yes
S0755,Canada,59.8974,-103.9974,6.916,5.596,0.616,28.815,0.423,49.12,2.46,0.69,Low,Yes
S0756,Canada,60.9116,-110.2941,3.191,5.174,1.276,7.676,1.202,52.35,2.62,1.2,Low,Yes
S0757,Canada,54.966,-105.9629,2.587,4.439,1.462,32.911,0.22,41.36,2.07,0.66,Low,Yes
S0758,Canada,57.9251,-100.348,5.738,4.751,1.26,29.848,0.566,52.64,2.63,0.6,Low,Yes
S0759,Canada,58.3909,-101.1003,3.762,3.118,1.652,10.952,0.575,40.65,2.03,0.57,Low,Yes
S0760,Canada,60.6171,-105.3764,4.968,6.372,2.092,5.448,0.247,43.75,2.19,0.7,Low,Yes
S0761,Canada,57.0276,-105.1098,6.95,5.261,1.032,16.03,0.402,45.75,2.29,0.7,Low,Yes
S0762,Canada,59.2191,-105.3442,14.484,2.992,1.828,32.998,1.342,87.18,4.36,1.45,Moderate,Borderline
S0763,Canada,54.3523,-108.5062,4.101,2.259,3.893,26.62,0.354,56.4,2.82,1.3,Low,Yes
S0764,Canada,57.7312,-106.5341,1.329,6.348,0.631,26.511,0.587,41.91,2.1,0.63,Low,Yes
S0765,Canada,54.5174,-105.1485,5.307,10.185,0.971,21.752,0.335,52.86,2.64,1.02,Low,Yes
S0766,Canada,53.0003,-99.4192,6.631,13.471,0.8,23.148,0.419,63.18,3.16,1.35,Moderate,Borderline
S0767,Canada,54.048,-106.9799,3.837,6.247,3.029,24.84,0.252,55.34,2.77,1.01,Low,Yes
S0768,Canada,56.262,-111.2735,3.641,5.036,0.752,15.484,0.554,39.64,1.98,0.55,Low,Yes
S0769,Canada,57.4356,-110.3347,4.424,4.3,1.318,8.289,1.781,65.17,3.26,1.78,Moderate,Borderline
S0770,Canada,52.0398,-106.7163,3.912,6.704,0.937,14.36,0.622,45.66,2.28,0.67,Low,Yes
S0771,Canada,52.4174,-109.0379,1.201,3.702,1.148,8.738,0.639,33.73,1.69,0.64,Low,Yes
S0772,Canada,51.9796,-107.457,3.242,2.057,1.158,5.963,0.558,31.86,1.59,0.56,Low,Yes
S0773,Canada,57.0052,-104.3056,6.567,10.056,0.732,12.806,0.117,45.59,2.28,1.01,Low,Yes
S0774,Canada,56.9022,-103.6972,17.879,6.267,1.487,31.809,0.438,79.69,3.98,1.79,Moderate,Borderline
S0775,Canada,56.9412,-110.4538,5.585,16.057,2.073,18.806,0.346,71.55,3.58,1.61,Moderate,Borderline
S0776,Canada,47.902,-109.536,5.651,2.9,0.368,11.899,0.492,34.15,1.71,0.57,Low,Yes
S0777,Canada,56.0704,-101.0366,6.364,5.844,0.847,13.224,1.783,71.01,3.55,1.78,Moderate,Borderline
S0778,Canada,60.0561,-99.7018,4.935,1.192,1.589,27.719,0.233,38.59,1.93,0.55,Low,Yes
S0779,Canada,59.0907,-107.1401,5.967,4.535,0.734,34.163,0.689,53.34,2.67,0.69,Low,Yes
S0780,Canada,53.0364,-103.8309,2.567,2.918,4.691,19.763,0.203,54.21,2.71,1.56,Low,Yes
S0781,Canada,53.6044,-105.3353,11.995,6.344,0.431,19.791,0.46,56.67,2.83,1.2,Low,Yes
S0782,Canada,53.8777,-99.3704,10.954,4.895,4.126,32.739,0.475,81.8,4.09,1.38,Moderate,Borderline
S0783,Canada,56.3052,-101.506,6.148,6.332,4.909,17.512,0.239,69.47,3.47,1.64,Moderate,Borderline
S0784,Canada,56.5939,-102.2954,4.697,3.35,0.526,15.337,0.375,33.24,1.66,0.47,Low,Yes
S0785,Canada,56.1253,-109.432,2.455,1.389,1.069,26.828,0.382,33.19,1.66,0.54,Low,Yes
S0786,Canada,60.4534,-109.9443,3.969,6.248,0.545,85.546,0.236,63.01,3.15,1.71,Moderate,Borderline
S0787,Canada,58.8595,-103.6328,2.209,4.128,0.85,9.789,0.573,33.72,1.69,0.57,Low,Yes
S0788,Canada,56.2371,-106.8645,6.856,1.712,1.931,23.675,0.425,47.98,2.4,0.69,Low,Yes
S0789,Canada,59.4932,-103.223,6.79,1.111,1.572,10.812,0.408,38.77,1.94,0.68,Low,Yes
S0790,Canada,55.7519,-102.5914,5.797,5.639,1.797,21.383,0.385,51.11,2.56,0.6,Low,Yes
S0791,Canada,57.3211,-107.5629,15.592,13.223,4.411,20.042,0.15,98.05,4.9,1.56,Moderate,Borderline
S0792,Canada,59.4482,-102.3268,6.654,1.252,1.016,18.54,0.359,37.18,1.86,0.67,Low,Yes
S0793,Canada,62.9698,-107.1132,5.981,3.583,0.975,29.868,0.165,40.88,2.04,0.6,Low,Yes
S0794,Canada,56.7193,-108.4241,1.862,1.043,1.519,34.348,1.677,63.22,3.16,1.68,Moderate,Borderline
S0795,Canada,58.637,-108.8395,6.448,6.45,2.058,78.371,0.419,79.24,3.96,1.57,Moderate,Borderline
S0796,Canada,58.1845,-108.938,2.145,2.519,0.352,12.269,0.24,21.38,1.07,0.25,Low,Yes
S0797,Canada,57.1653,-103.9533,4.48,5.164,1.715,17.511,0.615,50.03,2.5,0.61,Low,Yes
S0798,Canada,52.6736,-105.3899,5.229,3.608,1.969,19.628,0.514,48.93,2.45,0.66,Low,Yes
S0799,Canada,55.2315,-102.1739,1.434,3.262,1.441,31.633,1.304,57.73,2.89,1.3,Low,Yes
S0800,Canada,54.5877,-102.6364,4.609,3.19,1.206,34.925,0.207,41.75,2.09,0.7,Low,Yes
S0801,Canada,57.6722,-104.1034,5.731,2.525,1.908,8.914,0.621,45.22,2.26,0.64,Low,Yes
S0802,Canada,56.3231,-103.0053,4.878,1.307,1.21,20.079,0.203,32.53,1.63,0.49,Low,Yes
S0803,Canada,54.8047,-107.3399,6.838,2.616,1.398,28.812,0.242,44.59,2.23,0.68,Low,Yes
S0804,Canada,54.4801,-105.2804,3.51,2.124,1.382,28.428,0.294,37.73,1.89,0.57,Low,Yes
S0805,Canada,54.7021,-99.4428,6.447,2.723,1.121,25.812,0.612,48.38,2.42,0.64,Low,Yes
S0806,Canada,58.7422,-108.9611,3.366,3.856,1.612,30.049,0.589,48.99,2.45,0.6,Low,Yes
S0807,Canada,53.8847,-110.0488,1.121,4.03,2.053,9.851,0.354,35.01,1.75,0.68,Low,Yes
S0808,Canada,56.3448,-101.718,4.433,5.836,1.585,69.49,0.313,65.16,3.26,1.39,Moderate,Borderline
S0809,Canada,59.1072,-103.7554,16.79,1.06,1.43,59.419,0.183,72.66,3.63,1.68,Moderate,Borderline
S0810,Canada,56.3252,-109.7876,4.541,10.211,1.63,28.889,0.372,59.37,2.97,1.02,Low,Yes
S0811,Canada,52.9878,-103.1668,1.73,2.962,1.465,23.608,0.544,39.47,1.97,0.54,Low,Yes
S0812,Canada,61.9222,-104.8682,6.241,3.477,5.141,5.923,0.555,67.18,3.36,1.71,Moderate,Borderline
S0813,Canada,56.3854,-107.7739,3.567,1.542,1.162,23.375,0.56,38.51,1.93,0.56,Low,Yes
S0814,Canada,57.6535,-106.3304,6.193,1.956,1.023,22.502,0.406,40.24,2.01,0.62,Low,Yes
S0815,Canada,54.7134,-103.5768,6.828,6.75,4.692,30.509,0.657,83.78,4.19,1.56,Moderate,Borderline
S0816,Canada,59.0941,-104.8354,2.781,6.436,2.058,8.821,0.346,42.6,2.13,0.69,Low,Yes
S0817,Canada,63.7507,-109.9907,4.179,1.45,1.745,28.303,0.345,41.11,2.06,0.58,Low,Yes
S0818,Canada,57.2863,-103.6886,4.286,1.546,0.649,24.839,0.342,32.77,1.64,0.5,Low,Yes
S0819,Canada,58.6326,-104.945,5.49,4.219,0.552,16.686,0.657,42.91,2.15,0.66,Low,Yes
S0820,Canada,55.4471,-106.6175,3.146,4.689,2.032,30.145,0.225,45.77,2.29,0.68,Low,Yes
S0821,Canada,60.8904,-104.889,2.319,3.184,1.099,27.524,0.443,38.2,1.91,0.55,Low,Yes
S0822,Canada,58.0291,-106.1131,17.132,6.086,1.523,29.808,0.441,77.33,3.87,1.71,Moderate,Borderline
S0823,Canada,55.6684,-103.8772,4.233,4.389,0.386,18.332,1.196,51.07,2.55,1.2,Low,Yes
S0824,Canada,54.2654,-105.1146,6.453,2.228,0.325,31.251,0.213,36.29,1.81,0.65,Low,Yes
S0825,Canada,57.8404,-106.0975,2.484,3.637,4.917,12.299,0.141,52.76,2.64,1.64,Low,Yes
S0826,Canada,56.6433,-106.516,5.857,3.867,0.967,18.292,0.689,46.99,2.35,0.69,Low,Yes
S0827,Canada,61.3094,-102.2546,4.228,1.697,0.817,27.862,0.123,30.9,1.55,0.56,Low,Yes
S0828,Canada,58.3359,-109.3668,2.387,6.327,1.01,18.672,0.48,41.23,2.06,0.63,Low,Yes
S0829,Canada,57.3085,-104.2029,4.663,2.26,1.176,10.855,0.566,37.35,1.87,0.57,Low,Yes
S0830,Canada,48.1983,-101.7102,4.478,6.206,0.328,23.186,0.491,42.65,2.13,0.62,Low,Yes
S0831,Canada,52.7408,-104.4951,5.503,13.263,1.569,28.859,0.453,68.6,3.43,1.33,Moderate,Borderline
S0832,Canada,63.5163,-107.3549,3.835,3.602,3.722,27.468,0.221,55.09,2.75,1.24,Low,Yes
S0833,Canada,58.5565,-105.9853,5.241,1.51,0.316,15.333,0.303,27.8,1.39,0.52,Low,Yes
S0834,Canada,55.5287,-106.5329,3.045,3.092,0.475,87.694,0.692,64.36,3.22,1.75,Moderate,Borderline
S0835,Canada,53.3541,-110.3281,5.658,4.866,0.512,26.169,0.634,47.61,2.38,0.63,Low,Yes
S0836,Canada,55.0376,-110.0861,17.637,1.771,5.219,30.555,0.237,90.57,4.53,1.76,Moderate,Borderline
S0837,Canada,52.013,-108.227,4.04,4.45,1.472,30.638,0.621,51.47,2.57,0.62,Low,Yes
S0838,Canada,58.784,-105.3745,14.008,3.25,1.728,21.704,0.181,58.34,2.92,1.4,Low,Yes
S0839,Canada,57.6442,-105.6119,3.037,4.039,4.808,20.753,0.14,57.31,2.87,1.6,Low,Yes
S0840,Canada,51.1425,-104.1108,6.461,3.698,0.48,16.236,0.332,36.65,1.83,0.65,Low,Yes
S0841,Canada,61.8076,-105.5924,1.333,16.844,0.465,15.824,1.173,69.24,3.46,1.68,Moderate,Borderline
S0842,Canada,54.8475,-108.2864,4.086,5.739,1.396,19.214,0.605,48.74,2.44,0.6,Low,Yes
S0843,Canada,56.6562,-106.5004,10.851,3.971,0.795,22.847,0.115,46.38,2.32,1.09,Low,Yes
S0844,Canada,57.6382,-107.3971,3.522,6.238,0.969,28.254,0.215,41.58,2.08,0.62,Low,Yes
S0845,Canada,56.1476,-106.5789,4.97,2.92,5.23,11.676,0.203,59.38,2.97,1.74,Low,Yes
S0846,Canada,60.8511,-108.3113,4.342,2.89,1.174,31.744,0.19,38.79,1.94,0.63,Low,Yes
S0847,Canada,52.7339,-104.3156,3.344,2.48,1.632,33.126,0.375,43.28,2.16,0.66,Low,Yes
S0848,Canada,58.3893,-101.008,6.272,2.799,5.088,25.352,0.469,71.58,3.58,1.7,Moderate,Borderline
S0849,Canada,59.2739,-106.1744,3.157,5.192,1.315,9.137,1.759,64.3,3.21,1.76,Moderate,Borderline
S0850,Canada,58.6147,-105.0185,5.056,4.076,2.028,31.249,0.502,54.32,2.72,0.68,Low,Yes
S0851,Canada,57.5911,-106.3587,17.255,3.907,1.32,19.075,0.109,60.93,3.05,1.73,Moderate,Borderline
S0852,Canada,58.5449,-104.0552,6.671,2.528,1.696,25.869,0.527,50.59,2.53,0.67,Low,Yes
S0853,Canada,51.7789,-111.1182,11.067,4.928,2.079,22.981,0.2,59.04,2.95,1.11,Low,Yes
S0854,Canada,55.0715,-105.424,6.167,1.2,0.388,20.279,0.261,30.65,1.53,0.62,Low,Yes
S0855,Canada,54.6463,-106.3924,2.801,3.449,0.536,34.884,0.329,36.61,1.83,0.7,Low,Yes
S0856,Canada,53.746,-101.4397,6.43,3.702,2.015,6.2,0.382,43.82,2.19,0.67,Low,Yes
S0857,Canada,58.6432,-104.3782,5.388,2.635,1.68,27.024,0.574,49.54,2.48,0.57,Low,Yes
S0858,Canada,58.9142,-109.8858,4.85,1.182,1.325,32.847,0.552,45.08,2.25,0.66,Low,Yes
S0859,Canada,53.6359,-104.0292,3.226,1.109,1.804,18.438,0.565,39.37,1.97,0.6,Low,Yes
S0860,Canada,59.5506,-109.494,4.379,2.86,1.539,28.01,0.23,40.54,2.03,0.56,Low,Yes
S0861,Canada,49.6559,-107.2717,6.174,1.134,0.962,29.961,0.666,46.33,2.32,0.67,Low,Yes
S0862,Canada,59.7686,-102.4369,2.513,6.009,0.892,6.85,0.391,33.55,1.68,0.6,Low,Yes
S0863,Canada,57.4617,-103.6981,6.662,6.642,1.38,78.952,0.643,80.25,4.01,1.58,Moderate,Borderline
S0864,Canada,61.2909,-103.4107,6.941,5.003,1.452,9.604,0.473,46.87,2.34,0.69,Low,Yes
S0865,Canada,58.1986,-107.54,2.963,6.647,1.001,27.66,0.649,49.94,2.5,0.66,Low,Yes
S0866,Canada,52.9647,-106.9842,5.262,1.264,0.748,25.038,1.321,54.47,2.72,1.32,Low,Yes
S0867,Canada,56.6236,-105.6022,3.481,5.216,0.781,28.879,0.166,37.47,1.87,0.58,Low,Yes
S0868,Canada,56.1337,-110.0983,4.175,3.775,0.716,10.13,0.212,28.97,1.45,0.42,Low,Yes
S0869,Canada,49.5307,-107.1138,3.167,4.323,1.915,14.855,0.115,35.99,1.8,0.64,Low,Yes
S0870,Canada,55.0932,-104.4074,2.638,4.674,1.608,25.226,0.66,48.63,2.43,0.66,Low,Yes
S0871,Canada,53.0701,-105.5192,1.833,2.69,1.77,12.875,1.704,60.08,3.0,1.7,Moderate,Borderline
S0872,Canada,53.7867,-111.8512,5.243,2.908,3.027,18.742,0.499,53.96,2.7,1.01,Low,Yes
S0873,Canada,51.9461,-106.9004,4.291,17.634,0.556,7.038,0.405,58.47,2.92,1.76,Low,Yes
S0874,Canada,57.4821,-101.9412,3.73,6.683,1.342,6.401,0.288,38.09,1.9,0.67,Low,Yes
S0875,Canada,53.748,-104.4569,4.395,2.069,1.026,10.097,0.623,36.27,1.81,0.62,Low,Yes
S0876,Canada,55.1809,-106.9013,6.176,1.026,1.376,9.002,0.653,40.24,2.01,0.65,Low,Yes
S0877,Canada,60.2839,-104.5712,3.573,3.231,1.612,34.441,0.653,51.19,2.56,0.69,Low,Yes
S0878,Canada,58.2092,-107.9124,3.598,3.701,1.141,10.981,0.553,37.66,1.88,0.55,Low,Yes
S0879,Canada,52.6325,-103.0819,16.54,6.939,0.32,24.576,0.573,70.38,3.52,1.65,Moderate,Borderline
S0880,Canada,58.2962,-102.7798,2.937,1.884,1.886,30.187,0.215,38.59,1.93,0.63,Low,Yes
S0883,Japan,35.9119,139.1859,5.905,3.975,1.902,13.888,0.234,42.68,2.13,0.63,Low,Yes
S0890,Japan,34.6762,138.8719,6.03,5.14,0.451,8.783,0.611,41.08,2.05,0.61,Low,Yes
S0892,Japan,38.4998,139.7945,5.075,4.389,1.779,30.458,0.252,48.01,2.4,0.61,Low,Yes
S0897,Japan,35.4865,137.8017,6.507,4.311,3.277,7.141,0.391,54.16,2.71,1.09,Low,Yes
S0900,Japan,36.7418,140.6597,6.702,3.231,1.845,23.889,0.569,53.1,2.66,0.67,Low,Yes
S0902,Japan,34.5254,136.1189,4.015,6.686,0.406,14.865,0.268,35.41,1.77,0.67,Low,Yes
S0907,Japan,34.6118,137.0789,4.2,5.421,1.019,29.306,0.646,50.68,2.53,0.65,Low,Yes
S0916,Japan,36.1369,137.4905,4.778,3.388,1.424,33.103,0.356,46.19,2.31,0.66,Low,Yes
S0920,Japan,37.0135,139.0738,2.386,6.877,3.05,18.976,0.514,56.73,2.84,1.02,Low,Yes
S0924,Japan,35.1545,136.0894,3.323,1.949,1.106,19.036,1.426,54.05,2.7,1.43,Low,Yes
S0925,Japan,35.2789,135.3837,4.536,2.051,2.004,9.668,0.123,32.86,1.64,0.67,Low,Yes
S0932,Japan,35.3841,138.7441,16.114,4.485,0.393,7.23,0.476,56.23,2.81,1.61,Low,Yes
S0936,Japan,35.4489,139.011,6.934,3.781,0.791,8.407,0.309,36.25,1.81,0.69,Low,Yes
S0939,Japan,33.9224,134.4239,4.684,5.519,0.952,89.519,0.499,72.54,3.63,1.79,Moderate,Borderline
S0940,Japan,36.3094,136.6457,3.909,2.668,1.29,7.18,0.522,35.07,1.75,0.52,Low,Yes
S0945,Japan,39.3703,140.031,5.657,5.785,0.866,21.005,0.689,50.84,2.54,0.69,Low,Yes
S0955,Japan,36.5947,138.9758,1.384,4.164,0.863,20.023,0.374,32.34,1.62,0.42,Low,Yes
S0958,Japan,35.1949,139.0699,6.832,1.607,1.332,16.0,0.361,39.38,1.97,0.68,Low,Yes
S0960,Japan,35.9328,139.8372,2.99,2.467,1.406,11.959,0.104,27.15,1.36,0.47,Low,Yes
S0964,Japan,37.7752,139.7081,2.243,17.937,1.48,27.965,1.149,84.39,4.22,1.79,Moderate,Borderline
S0967,Japan,34.4604,136.4461,12.507,1.897,1.491,12.657,0.147,46.75,2.34,1.25,Low,Yes
S0970,Japan,35.8232,138.1411,1.731,14.333,0.998,29.058,0.554,61.48,3.07,1.43,Moderate,Borderline
S0971,Japan,33.8834,135.4619,2.251,6.688,1.887,16.63,1.556,68.23,3.41,1.56,Moderate,Borderline
S0975,Japan,38.5358,139.8113,3.471,3.424,1.675,15.362,0.199,35.08,1.75,0.56,Low,Yes
S0991,Japan,35.4991,134.5093,2.671,6.304,1.23,17.323,0.417,41.42,2.07,0.63,Low,Yes
S1002,Japan,35.315,139.8476,6.449,1.037,0.344,54.411,0.33,45.63,2.28,1.09,Low,Yes
S1004,Japan,41.9063,140.8192,5.437,6.754,1.825,17.428,0.449,52.5,2.62,0.68,Low,Yes
S1005,Japan,36.3644,138.9421,10.32,2.205,0.759,15.802,1.539,67.21,3.36,1.54,Moderate,Borderline
S1007,Japan,36.0441,139.1585,6.566,6.993,0.376,82.834,0.265,68.06,3.4,1.66,Moderate,Borderline
S1014,Japan,33.6106,133.5808,1.55,5.36,1.399,27.859,1.281,59.91,3.0,1.28,Low,Yes
S1015,Japan,35.4846,137.5601,6.489,4.226,1.278,65.827,0.213,60.54,3.03,1.32,Moderate,Borderline
S1018,Japan,36.0088,138.5337,3.071,1.029,1.3,20.137,0.477,34.46,1.72,0.48,Low,Yes
S1019,Japan,36.0403,137.9602,5.051,2.139,0.358,14.404,0.604,34.61,1.73,0.6,Low,Yes
S1020,Japan,36.9466,137.8564,5.703,3.633,1.041,8.283,0.128,31.49,1.57,0.57,Low,Yes
S1029,Japan,37.8958,139.2973,2.86,3.139,0.38,25.382,0.362,31.92,1.6,0.51,Low,Yes
S1030,Japan,35.0744,133.9598,4.01,2.565,4.739,6.067,0.624,59.65,2.98,1.58,Low,Yes
S1031,Japan,33.932,133.7686,3.137,2.91,0.596,29.372,0.612,40.06,2.0,0.61,Low,Yes
S1032,Japan,36.1127,137.5439,3.747,6.396,1.442,7.514,0.54,43.7,2.19,0.64,Low,Yes
S1049,Japan,34.6948,133.566,6.522,3.741,1.299,6.566,0.212,36.05,1.8,0.65,Low,Yes
S1052,Japan,39.7642,141.7546,6.088,3.698,1.539,19.27,0.434,46.22,2.31,0.61,Low,Yes
S1053,Japan,40.4856,140.3095,4.857,5.091,4.344,22.72,0.317,64.28,3.21,1.45,Moderate,Borderline
S1057,Japan,38.9989,140.6296,3.996,1.66,0.744,28.897,0.191,31.65,1.58,0.58,Low,Yes
S1058,Japan,35.4381,137.3164,2.269,5.722,0.452,27.443,0.232,34.61,1.73,0.57,Low,Yes
S1061,India,19.559,75.691,5.313,9.897,2.081,64.221,0.521,80.4,4.02,1.28,Moderate,Borderline
S1062,India,21.0527,77.9311,8.78,3.67,4.42,62.436,0.888,97.1,4.86,1.47,Moderate,Borderline
S1063,India,22.5331,75.616,12.105,5.289,2.946,63.853,1.222,104.41,5.22,1.28,Critical,No
S1064,India,22.8048,78.6428,14.252,7.866,2.948,62.44,1.137,111.61,5.58,1.43,Critical,No
S1065,India,17.9838,75.343,6.148,5.67,3.453,20.086,1.19,78.49,3.92,1.19,Moderate,Borderline
S1066,India,18.7833,80.4968,6.034,10.546,3.644,67.589,1.323,110.95,5.55,1.35,Critical,No
S1067,India,22.2486,79.42,13.904,12.702,4.121,15.698,1.459,116.14,5.81,1.46,Critical,No
S1068,India,26.2805,77.62,4.526,7.751,1.877,32.5,0.448,59.03,2.95,0.78,Low,Yes
S1069,India,19.2205,76.3994,10.068,6.051,1.832,44.3,1.083,83.83,4.19,1.08,Moderate,Borderline
S1070,India,21.8009,77.7676,5.966,14.685,2.33,50.939,0.59,89.01,4.45,1.47,Moderate,Borderline
S1071,India,19.5991,77.9462,3.417,8.625,2.335,23.213,1.125,71.44,3.57,1.12,Moderate,Borderline
S1072,India,23.1873,78.3194,12.978,8.563,3.555,22.688,0.915,94.16,4.71,1.3,Moderate,Borderline
S1073,India,19.6862,76.4913,8.115,4.572,3.416,42.374,0.937,83.84,4.19,1.14,Moderate,Borderline
S1074,India,22.7448,78.1281,4.155,6.429,4.03,19.336,1.351,82.79,4.14,1.35,Moderate,Borderline
S1075,India,14.5228,79.9795,6.716,6.565,2.001,68.088,1.169,90.52,4.53,1.36,Moderate,Borderline
S1076,India,25.1953,79.8153,6.085,10.417,2.556,61.946,0.671,88.24,4.41,1.24,Moderate,Borderline
S1077,India,24.5314,78.9483,7.826,3.799,2.758,35.758,1.107,78.08,3.9,1.11,Moderate,Borderline
S1078,India,21.9387,79.9205,8.594,10.855,1.273,30.21,1.403,87.53,4.38,1.4,Moderate,Borderline
S1079,India,23.9057,74.9213,12.173,13.078,1.952,70.862,0.964,111.14,5.56,1.42,Critical,No
S1080,India,24.4071,82.8904,4.473,14.557,1.342,30.293,1.276,84.64,4.23,1.46,Moderate,Borderline
S1081,India,25.2678,79.1461,9.189,7.524,4.219,17.175,1.327,94.96,4.75,1.41,Moderate,Borderline
S1082,India,23.69,76.6955,4.67,9.963,4.097,43.412,1.196,97.86,4.89,1.37,Moderate,Borderline
S1083,India,23.8745,80.4148,14.104,8.362,1.523,17.869,0.596,74.15,3.71,1.41,Moderate,Borderline
S1084,India,22.5478,74.6268,5.219,3.467,1.03,64.894,1.01,70.4,3.52,1.3,Moderate,Borderline
S1085,India,24.3734,77.1456,3.842,14.764,3.119,26.008,1.115,90.71,4.54,1.48,Moderate,Borderline
S1086,India,20.7895,82.5122,13.34,4.809,1.904,20.61,0.553,68.3,3.41,1.33,Moderate,Borderline
S1087,India,22.62,77.6121,3.937,8.129,2.817,68.922,1.497,100.42,5.02,1.5,Critical,No
S1088,India,20.629,78.6762,7.823,10.759,2.163,31.403,0.993,84.01,4.2,1.08,Moderate,Borderline
S1089,India,24.2894,80.7674,14.567,14.169,3.644,46.225,0.545,111.16,5.56,1.46,Critical,No
S1090,India,26.6543,78.7934,13.748,12.477,1.603,50.981,0.699,97.51,4.88,1.37,Moderate,Borderline
S1091,India,19.3656,75.0452,14.519,7.549,0.935,32.031,0.443,72.04,3.6,1.45,Moderate,Borderline
S1092,India,18.2195,79.1349,7.335,13.344,2.428,69.941,0.898,103.48,5.17,1.4,Critical,No
S1093,India,26.3662,76.2359,3.878,4.074,3.247,44.216,1.248,80.2,4.01,1.25,Moderate,Borderline
S1094,India,21.401,80.2336,10.157,9.008,4.434,64.865,1.394,121.72,6.09,1.48,Critical,No
S1095,India,24.4794,75.7651,6.186,5.505,4.299,16.158,1.458,87.67,4.38,1.46,Moderate,Borderline
S1096,India,22.9262,76.9831,6.311,7.208,1.68,50.131,0.718,72.65,3.63,1.0,Moderate,Borderline
S1097,India,25.8131,77.0188,13.658,5.938,2.968,61.102,0.647,96.36,4.82,1.37,Moderate,Borderline
S1098,India,23.9757,70.5016,4.618,3.312,1.45,52.611,0.388,54.33,2.72,1.05,Low,Yes
S1099,India,20.3412,74.8256,3.934,5.3,4.181,16.158,1.084,74.48,3.72,1.39,Moderate,Borderline
S1100,India,26.6722,74.8719,10.064,5.682,3.95,44.516,1.287,101.37,5.07,1.32,Critical,No
S1101,India,22.6625,77.8715,12.246,14.591,2.752,43.421,1.207,113.53,5.68,1.46,Critical,No
S1102,India,25.134,76.1592,5.528,9.547,1.547,35.844,1.418,83.16,4.16,1.42,Moderate,Borderline
S1103,India,23.1126,75.026,10.115,4.449,2.074,48.779,0.525,72.97,3.65,1.01,Moderate,Borderline
S1104,India,20.1931,76.3539,8.459,11.973,1.914,16.193,0.949,79.08,3.95,1.2,Moderate,Borderline
S1105,India,21.6505,79.4676,8.042,14.627,3.401,58.15,0.975,110.77,5.54,1.46,Critical,No
S1106,India,22.945,79.8723,11.821,6.485,1.993,61.979,0.656,87.81,4.39,1.24,Moderate,Borderline
S1107,India,17.2711,79.1843,12.804,4.326,3.886,51.164,0.524,91.11,4.56,1.3,Moderate,Borderline
S1108,India,16.6848,79.0272,6.882,7.218,1.128,74.158,0.338,72.14,3.61,1.48,Moderate,Borderline
S1109,India,18.5037,82.412,10.752,7.275,3.326,58.754,1.129,104.31,5.22,1.18,Critical,No
S1110,India,22.9644,75.6271,6.36,3.346,2.393,41.013,0.861,68.99,3.45,0.86,Moderate,Borderline
S1111,India,18.8844,81.3384,6.783,3.727,3.373,49.07,0.719,77.51,3.88,1.12,Moderate,Borderline
S1112,India,23.005,83.5197,8.631,9.136,3.191,54.6,0.647,91.59,4.58,1.09,Moderate,Borderline
S1113,India,21.676,77.6611,10.673,13.474,2.374,25.171,1.208,98.35,4.92,1.35,Moderate,Borderline
S1114,India,25.0683,78.9087,3.185,4.287,1.233,57.756,0.383,53.93,2.7,1.16,Low,Yes
S1115,India,11.8733,76.651,6.728,13.445,1.514,36.148,1.229,89.48,4.47,1.34,Moderate,Borderline
S1116,India,20.8967,80.2985,10.036,3.928,1.828,20.653,0.678,61.94,3.1,1.0,Moderate,Borderline
S1117,India,20.9617,80.5489,9.743,8.201,2.552,73.174,0.655,95.27,4.76,1.46,Moderate,Borderline
S1118,India,18.5027,83.5705,3.734,8.872,3.828,20.925,0.384,66.78,3.34,1.28,Moderate,Borderline
S1119,India,23.3502,76.2313,11.688,9.78,2.586,68.3,1.22,111.9,5.59,1.37,Critical,No
S1120,India,23.4917,79.4854,10.713,8.496,4.013,70.56,0.329,99.98,5.0,1.41,Moderate,Borderline
S1121,India,23.9256,76.8507,7.666,4.429,1.19,24.39,0.6,53.88,2.69,0.77,Low,Yes
S1122,India,27.7056,77.6749,14.837,8.298,2.765,46.309,0.947,102.17,5.11,1.48,Critical,No
S1123,India,21.217,78.0283,3.021,4.172,1.266,57.294,0.546,56.66,2.83,1.15,Low,Yes
S1124,India,22.2275,72.6927,5.105,12.675,4.098,66.077,0.82,105.71,5.29,1.37,Critical,No
S1125,India,20.939,78.682,3.483,12.039,2.431,74.733,0.417,85.48,4.27,1.49,Moderate,Borderline
S1126,India,21.8036,81.4886,12.926,12.806,4.198,32.871,1.44,121.4,6.07,1.44,Critical,No
S1127,India,25.7121,77.2268,8.681,12.951,3.527,27.566,1.439,106.58,5.33,1.44,Critical,No
S1128,India,22.0044,72.1866,8.068,5.062,2.189,26.576,0.545,62.38,3.12,0.81,Moderate,Borderline
S1129,India,21.856,73.898,12.575,9.828,4.116,53.193,1.127,116.06,5.8,1.37,Critical,No
S1130,India,20.2255,83.8849,11.272,3.836,3.995,61.669,0.594,93.4,4.67,1.33,Moderate,Borderline
S1131,India,24.1248,80.327,12.764,3.054,2.704,57.29,0.486,82.3,4.11,1.28,Moderate,Borderline
S1132,India,20.0186,78.7136,5.176,8.71,3.253,23.752,0.522,69.4,3.47,1.08,Moderate,Borderline
S1133,India,20.0653,75.8117,5.719,7.742,3.254,41.282,1.231,89.75,4.49,1.23,Moderate,Borderline
S1134,India,20.0387,79.1515,3.586,13.535,1.187,23.9,0.327,58.26,2.91,1.35,Low,Yes
S1135,India,25.5316,83.5024,14.843,13.643,2.379,37.295,0.656,100.87,5.04,1.48,Critical,No
S1136,India,19.6354,74.8262,14.539,9.942,4.455,37.348,0.849,110.58,5.53,1.49,Critical,No
S1137,India,19.0214,76.3523,4.718,14.341,4.453,17.695,0.48,84.48,4.22,1.48,Moderate,Borderline
S1138,India,18.1447,77.06,7.367,4.549,2.543,31.302,0.722,67.75,3.39,0.85,Moderate,Borderline
S1139,India,21.5395,75.4007,14.799,6.946,4.055,65.592,1.442,125.6,6.28,1.48,Critical,No
S1140,India,23.8567,81.375,13.279,3.908,2.566,74.355,1.224,105.7,5.29,1.49,Critical,No
S1141,India,23.1416,80.0721,12.126,9.278,4.227,64.502,1.313,123.05,6.15,1.41,Critical,No
S1142,India,18.3779,81.2067,3.428,14.228,3.01,32.889,0.479,78.11,3.91,1.42,Moderate,Borderline
S1143,India,23.0481,79.0263,12.774,10.741,2.218,33.244,0.31,81.31,4.07,1.28,Moderate,Borderline
S1144,India,22.2164,84.9442,9.32,14.121,1.014,61.404,0.362,85.44,4.27,1.41,Moderate,Borderline
S1145,India,21.765,76.4536,3.757,12.47,2.806,16.742,0.349,64.84,3.24,1.25,Moderate,Borderline
S1146,India,25.68,79.3545,8.254,9.655,3.779,51.63,0.57,93.06,4.65,1.26,Moderate,Borderline
S1147,India,26.6628,82.1093,11.809,10.45,4.389,26.837,1.441,113.33,5.67,1.46,Critical,No
S1148,India,27.9811,79.3336,4.194,7.567,3.67,57.415,0.348,77.91,3.9,1.22,Moderate,Borderline
S1149,India,19.4157,78.2925,14.95,13.768,0.976,66.519,1.403,118.61,5.93,1.49,Critical,No
S1150,India,25.9902,75.3378,8.305,10.863,2.125,34.354,0.809,82.42,4.12,1.09,Moderate,Borderline
S1151,India,22.7136,77.2362,7.184,7.802,4.119,44.797,0.953,94.41,4.72,1.37,Moderate,Borderline
S1152,India,21.6895,74.1677,14.656,7.468,2.238,26.702,0.437,78.59,3.93,1.47,Moderate,Borderline
S1153,India,24.5529,80.2719,14.628,12.281,1.776,17.407,1.483,102.28,5.11,1.48,Critical,No
S1154,India,18.1537,74.7362,13.871,10.021,1.674,68.346,1.492,116.12,5.81,1.49,Critical,No
S1155,India,23.5755,70.8344,13.978,14.681,1.844,27.771,0.397,88.66,4.43,1.47,Moderate,Borderline
S1156,India,21.1671,78.1058,7.943,3.881,2.359,17.396,1.302,72.37,3.62,1.3,Moderate,Borderline
S1157,India,20.083,74.7592,13.441,11.955,1.689,19.314,1.159,92.96,4.65,1.34,Moderate,Borderline
S1158,India,26.1267,76.3049,8.344,7.152,2.524,59.914,1.383,99.44,4.97,1.38,Moderate,Borderline
S1159,India,22.1032,76.0733,3.394,8.621,4.087,36.695,1.419,94.33,4.72,1.42,Moderate,Borderline
S1160,India,23.7976,78.5408,12.086,4.241,1.732,38.65,0.504,69.74,3.49,1.21,Moderate,Borderline
S1161,India,12.0367,76.2293,14.475,8.205,3.728,71.515,1.352,125.86,6.29,1.45,Critical,No
S1162,India,21.9399,73.5911,7.173,7.798,2.199,64.582,0.843,87.29,4.36,1.29,Moderate,Borderline
S1163,India,23.1136,78.0547,3.72,8.855,3.687,24.07,1.034,80.04,4.0,1.23,Moderate,Borderline
S1164,India,23.5819,76.8783,6.925,6.949,3.053,26.014,0.642,71.35,3.57,1.02,Moderate,Borderline
S1165,India,16.5618,74.9024,9.299,10.196,2.94,54.25,0.669,93.67,4.68,1.08,Moderate,Borderline
S1166,India,23.0473,76.4999,13.209,6.084,2.366,44.914,0.94,91.12,4.56,1.32,Moderate,Borderline
S1167,India,21.0228,78.34,11.658,3.744,2.586,64.66,0.841,90.73,4.54,1.29,Moderate,Borderline
S1168,India,22.7849,79.1261,7.938,5.206,4.289,46.941,1.323,100.12,5.01,1.43,Critical,No
S1169,India,18.1638,74.3223,14.826,9.262,1.407,28.18,0.878,86.39,4.32,1.48,Moderate,Borderline
S1170,India,21.8569,76.2522,8.027,12.352,2.178,73.953,0.517,95.2,4.76,1.48,Moderate,Borderline
S1171,India,19.5586,78.5414,11.806,14.937,3.849,48.342,0.882,116.12,5.81,1.49,Critical,No
S1172,India,20.9397,77.3642,6.261,12.215,3.971,61.734,1.057,109.26,5.46,1.32,Critical,No
S1173,India,27.5886,78.374,7.69,13.096,3.338,56.868,0.943,105.43,5.27,1.31,Critical,No
S1174,India,21.0398,79.4917,7.574,12.332,2.674,68.353,0.716,99.3,4.96,1.37,Moderate,Borderline
S1175,India,24.5319,77.1489,8.572,9.193,2.098,31.6,1.087,83.9,4.19,1.09,Moderate,Borderline
S1176,India,20.0981,79.7171,11.328,10.232,1.564,31.392,0.791,81.92,4.1,1.13,Moderate,Borderline
S1177,India,24.914,82.1853,9.387,12.221,3.629,52.072,1.244,113.12,5.66,1.24,Critical,No
S1178,India,24.3642,76.9722,10.379,12.868,2.867,28.106,0.951,95.87,4.79,1.29,Moderate,Borderline
S1179,India,26.3558,75.1574,8.71,13.033,3.341,56.073,0.561,99.41,4.97,1.3,Moderate,Borderline
S1180,India,20.078,81.2716,9.428,4.645,2.839,23.753,0.964,75.85,3.79,0.96,Moderate,Borderline
S1181,India,18.4451,82.8148,8.983,13.508,1.291,62.504,0.505,88.69,4.43,1.35,Moderate,Borderline
S1182,India,20.4674,82.2815,13.47,9.296,0.98,58.003,0.432,83.91,4.2,1.35,Moderate,Borderline
S1183,India,20.3879,79.4056,7.145,12.135,4.335,37.286,1.295,108.27,5.41,1.45,Critical,No
S1184,India,23.5669,76.4228,10.89,5.313,1.989,22.906,0.76,70.03,3.5,1.09,Moderate,Borderline
S1185,India,23.6935,74.5147,14.934,3.144,2.847,49.42,1.397,102.84,5.14,1.49,Critical,No
S1186,India,31.2619,79.2728,8.66,6.227,1.102,39.519,0.363,60.19,3.01,0.87,Moderate,Borderline
S1187,India,16.4322,79.4589,9.403,4.612,4.257,68.671,0.528,94.44,4.72,1.42,Moderate,Borderline
S1188,India,25.4325,73.2651,4.148,7.255,1.804,69.931,1.323,89.27,4.46,1.4,Moderate,Borderline
S1189,India,23.9898,85.8074,14.169,14.189,4.39,22.523,0.493,104.85,5.24,1.46,Critical,No
S1190,India,23.3785,83.88,3.222,3.744,4.097,67.132,0.729,82.68,4.13,1.37,Moderate,Borderline
S1191,India,22.6524,80.7236,12.671,8.129,1.308,41.024,0.849,83.71,4.19,1.27,Moderate,Borderline
S1192,India,19.1529,78.3677,14.897,5.93,1.615,46.608,0.945,89.96,4.5,1.49,Moderate,Borderline
S1193,India,26.4818,77.008,9.2,10.316,3.505,16.502,0.985,88.7,4.43,1.17,Moderate,Borderline
S1194,India,24.1558,77.5204,7.238,8.505,4.434,26.959,0.378,79.39,3.97,1.48,Moderate,Borderline
S1195,India,26.5286,69.0997,13.03,11.863,1.855,16.014,0.876,86.08,4.3,1.3,Moderate,Borderline
S1197,India,15.6279,75.93,10.555,11.086,1.658,65.216,0.648,93.38,4.67,1.3,Moderate,Borderline
S1198,India,20.8808,74.2537,11.767,14.585,3.813,71.421,0.469,116.07,5.8,1.46,Critical,No
S1199,India,22.3043,75.7389,6.484,12.937,3.319,73.244,0.606,102.39,5.12,1.46,Critical,No
S1201,India,22.0501,76.9046,7.023,3.016,2.009,31.718,0.772,61.6,3.08,0.77,Moderate,Borderline
S1202,India,22.0692,74.6822,11.309,10.562,3.794,42.12,0.923,104.34,5.22,1.26,Critical,No
S1203,India,21.0866,81.9214,11.419,8.215,2.404,60.612,0.51,89.74,4.49,1.21,Moderate,Borderline
S1204,India,18.5355,75.9726,7.309,5.764,2.986,62.89,1.244,96.09,4.8,1.26,Moderate,Borderline
S1206,India,22.0381,81.4118,11.201,10.055,3.932,32.074,0.991,101.37,5.07,1.31,Critical,No
S1207,India,23.1132,75.7951,11.784,3.514,3.333,39.881,0.449,77.75,3.89,1.18,Moderate,Borderline
S1208,India,18.0694,76.9704,7.987,7.612,3.558,61.453,1.028,100.06,5.0,1.23,Critical,No
S1209,India,20.4995,79.5961,9.951,8.6,2.411,68.383,0.825,97.03,4.85,1.37,Moderate,Borderline
S1210,India,22.7031,79.6031,8.615,4.114,3.747,19.529,0.382,65.89,3.29,1.25,Moderate,Borderline
S1211,India,18.3234,78.4044,3.093,8.077,1.394,24.631,0.392,49.33,2.47,0.81,Low,Yes
S1212,India,23.9837,75.2851,12.707,8.43,2.724,16.959,0.383,74.88,3.74,1.27,Moderate,Borderline
S1213,India,22.8994,73.0331,11.875,10.26,2.312,22.099,1.237,93.26,4.66,1.24,Moderate,Borderline
S1214,India,26.0483,75.6639,9.156,11.864,4.166,70.262,0.942,116.76,5.84,1.41,Critical,No
S1215,India,16.7869,78.256,14.23,8.495,1.359,40.962,0.452,79.93,4.0,1.42,Moderate,Borderline
S1216,India,30.6841,78.3588,7.053,3.86,4.297,61.401,1.307,101.17,5.06,1.43,Critical,No
S1217,India,25.9088,76.0049,8.824,5.413,1.348,35.703,0.465,61.04,3.05,0.88,Moderate,Borderline
S1219,India,26.8116,80.0381,13.669,13.029,3.09,38.304,0.904,107.4,5.37,1.37,Critical,No
S1220,India,23.3473,78.959,4.245,7.618,3.694,40.899,0.699,78.69,3.93,1.23,Moderate,Borderline
S1221,India,27.1879,73.5268,14.998,8.916,1.651,24.771,0.351,75.76,3.79,1.5,Moderate,Borderline
S1222,India,27.0126,84.6146,5.463,11.344,3.568,30.546,0.713,83.88,4.19,1.19,Moderate,Borderline
S1223,India,21.1474,82.7034,12.52,12.228,3.304,66.287,1.427,126.58,6.33,1.43,Critical,No
S1224,India,17.5547,79.3543,7.784,12.1,3.243,25.668,0.361,78.88,3.94,1.21,Moderate,Borderline
S1225,India,18.6453,80.4658,8.996,11.961,2.926,19.998,0.523,79.88,3.99,1.2,Moderate,Borderline
S1226,India,19.856,75.5147,9.785,9.048,1.631,19.053,0.506,66.28,3.31,0.98,Moderate,Borderline
S1227,India,21.9331,79.0307,13.408,13.185,2.741,57.401,0.531,105.04,5.25,1.34,Critical,No
S1228,India,18.6476,80.7747,12.985,4.005,3.683,20.996,1.357,94.07,4.7,1.36,Moderate,Borderline
S1229,India,25.0989,74.0701,8.85,7.396,3.224,71.851,0.35,89.73,4.49,1.44,Moderate,Borderline
S1230,India,22.5744,80.2055,12.688,7.606,2.599,67.131,0.798,100.73,5.04,1.34,Critical,No
S1231,India,20.8239,78.085,4.903,10.7,3.481,49.956,0.472,83.84,4.19,1.16,Moderate,Borderline
S1232,India,15.9211,75.7097,8.948,13.444,3.693,20.039,1.368,104.78,5.24,1.37,Critical,No
S1233,India,27.0269,77.418,4.68,11.049,1.751,41.303,0.32,66.05,3.3,1.1,Moderate,Borderline
S1234,India,20.9135,77.293,11.303,3.348,3.124,23.442,1.434,88.19,4.41,1.43,Moderate,Borderline
S1235,India,21.0055,78.2411,14.181,9.276,1.056,35.55,0.392,76.01,3.8,1.42,Moderate,Borderline
S1236,India,26.8483,74.9455,8.639,7.605,1.329,29.696,0.42,61.63,3.08,0.86,Moderate,Borderline
S1237,India,21.0063,78.8377,10.144,7.113,1.714,53.368,0.848,84.25,4.21,1.07,Moderate,Borderline
S1238,India,26.6573,72.9914,8.895,6.642,2.913,55.17,0.332,79.2,3.96,1.1,Moderate,Borderline
S1239,India,19.931,77.8404,5.237,9.726,4.018,67.968,0.384,91.58,4.58,1.36,Moderate,Borderline
S1240,India,27.1953,72.9369,4.765,12.185,3.579,69.2,0.31,91.64,4.58,1.38,Moderate,Borderline
S1241,India,23.7232,76.5079,11.047,13.733,1.106,50.818,0.983,96.92,4.85,1.37,Moderate,Borderline
S1242,India,22.0474,76.373,10.314,5.296,1.884,53.421,0.862,82.39,4.12,1.07,Moderate,Borderline
S1243,India,20.8022,80.7206,6.2,14.818,4.18,16.74,1.225,101.1,5.05,1.48,Critical,No
S1244,India,19.1703,75.2236,12.832,11.528,4.434,57.691,0.802,117.4,5.87,1.48,Critical,No
S1245,India,24.9538,80.372,14.26,4.364,3.437,66.048,1.445,115.48,5.77,1.45,Critical,No
S1246,India,22.0604,73.5589,11.167,5.97,3.062,30.455,0.7,80.87,4.04,1.12,Moderate,Borderline
S1247,India,25.8222,70.3424,8.392,8.918,1.975,24.538,0.357,64.74,3.24,0.89,Moderate,Borderline
S1248,India,23.0619,74.0604,12.433,5.031,1.291,59.957,0.666,80.84,4.04,1.24,Moderate,Borderline
S1249,India,22.0535,78.1127,6.921,6.475,2.785,19.749,0.441,62.08,3.1,0.93,Moderate,Borderline
S1250,India,23.565,76.1535,9.166,3.127,3.325,40.421,0.913,81.18,4.06,1.11,Moderate,Borderline
S1251,India,22.7879,73.65,14.75,3.881,1.922,29.58,0.598,73.87,3.69,1.48,Moderate,Borderline
S1252,India,25.4756,76.6748,13.954,5.427,2.855,53.214,0.926,97.6,4.88,1.4,Moderate,Borderline
S1253,India,18.0119,77.1465,8.859,7.815,3.764,60.816,0.461,91.99,4.6,1.25,Moderate,Borderline
S1254,India,25.4285,78.3402,3.698,9.318,2.842,66.642,0.417,79.98,4.0,1.33,Moderate,Borderline
S1255,India,20.4324,73.6467,13.39,14.267,4.474,72.552,0.307,120.3,6.02,1.49,Critical,No
S1256,India,25.0882,76.5853,13.712,5.242,3.131,70.042,0.856,103.92,5.2,1.4,Critical,No
S1257,India,21.6979,75.1611,7.51,9.932,2.479,16.041,1.493,87.69,4.38,1.49,Moderate,Borderline
S1259,India,20.0604,80.5403,3.398,9.204,1.608,60.471,1.069,81.49,4.07,1.21,Moderate,Borderline
S1260,India,23.4932,76.412,10.701,11.027,3.896,49.429,0.859,106.38,5.32,1.3,Critical,No
S1261,India,17.7892,80.8478,5.191,10.399,1.742,19.795,0.301,56.73,2.84,1.04,Low,Yes
S1262,India,17.1703,81.795,12.028,7.502,2.65,39.425,1.081,94.12,4.71,1.2,Moderate,Borderline
S1263,India,22.9807,77.6958,14.234,13.176,4.213,41.948,0.944,118.57,5.93,1.42,Critical,No
S1264,India,24.5976,81.2061,13.688,11.596,4.492,35.91,1.3,120.88,6.04,1.5,Critical,No
S1265,India,25.2262,81.3315,6.91,12.427,4.141,28.113,1.051,98.55,4.93,1.38,Moderate,Borderline
S1266,India,17.3397,77.6369,7.582,10.846,1.174,51.216,1.417,93.51,4.68,1.42,Moderate,Borderline
S1267,India,23.0402,76.9889,3.26,5.798,3.626,50.167,1.239,87.14,4.36,1.24,Moderate,Borderline
S1268,India,21.275,79.0426,9.641,10.731,1.507,73.574,0.886,97.94,4.9,1.47,Moderate,Borderline
S1269,India,27.0293,80.1781,9.302,13.017,1.019,31.103,0.864,81.15,4.06,1.3,Moderate,Borderline
S1270,India,22.6436,76.6766,7.724,6.272,0.912,58.19,1.301,83.37,4.17,1.3,Moderate,Borderline
S1271,India,25.7078,71.9398,5.732,10.466,0.944,44.319,1.073,77.88,3.89,1.07,Moderate,Borderline
S1272,India,21.3873,80.1593,12.182,10.172,4.237,38.903,0.683,102.18,5.11,1.41,Critical,No
S1273,India,21.5504,81.3369,3.048,7.82,1.572,52.464,1.115,75.5,3.78,1.11,Moderate,Borderline
S1274,India,20.2602,77.9528,10.874,13.104,3.493,64.797,0.541,107.98,5.4,1.31,Critical,No
S1275,India,21.0133,80.158,3.161,13.121,4.291,54.333,0.578,94.46,4.72,1.43,Moderate,Borderline
S1276,India,21.3347,73.0563,13.774,4.795,3.874,32.478,1.27,101.36,5.07,1.38,Critical,No
S1277,India,21.5932,80.358,7.381,12.627,2.806,56.067,1.047,102.09,5.1,1.26,Critical,No
S1278,India,22.6233,77.3725,5.349,14.187,1.802,59.033,0.642,87.54,4.38,1.42,Moderate,Borderline
S1279,India,18.5316,74.6737,11.975,9.682,4.079,33.442,1.13,106.48,5.32,1.36,Critical,No
S1280,India,20.1235,79.362,7.807,8.794,2.18,34.327,1.124,83.95,4.2,1.12,Moderate,Borderline
S1281,India,24.1006,75.1495,14.221,9.782,3.101,19.136,1.337,103.07,5.15,1.42,Critical,No
S1282,India,24.4055,73.5142,14.749,10.146,3.509,41.719,0.372,97.31,4.87,1.47,Moderate,Borderline
S1283,India,21.7723,78.241,9.171,10.166,2.547,35.446,0.861,87.05,4.35,1.02,Moderate,Borderline
S1285,India,21.6863,73.8171,13.397,3.262,3.346,47.878,0.503,84.84,4.24,1.34,Moderate,Borderline
S1286,India,20.5966,81.3981,6.526,12.938,3.199,68.896,1.056,108.93,5.45,1.38,Critical,No
S1287,India,24.123,79.5196,3.657,12.313,3.109,19.17,0.91,78.53,3.93,1.23,Moderate,Borderline
S1288,India,22.6025,76.9338,9.558,14.443,1.559,51.362,0.554,90.02,4.5,1.44,Moderate,Borderline
S1289,India,26.4437,80.2765,11.668,12.781,3.973,19.636,0.712,97.48,4.87,1.32,Moderate,Borderline
S1290,India,21.9551,83.9481,5.288,9.633,2.367,38.402,1.272,86.42,4.32,1.27,Moderate,Borderline
S1291,India,20.8877,77.783,3.697,13.275,4.358,56.305,0.737,100.26,5.01,1.45,Critical,No
S1292,India,22.5383,79.4503,13.132,12.19,2.265,43.722,0.523,93.69,4.68,1.31,Moderate,Borderline
S1293,India,24.9008,75.8308,13.728,11.694,2.575,20.191,0.368,83.45,4.17,1.37,Moderate,Borderline
S1295,India,18.7401,78.3084,12.571,11.518,2.799,45.873,0.405,93.29,4.66,1.26,Moderate,Borderline
S1296,India,24.0098,78.7617,4.119,6.162,4.148,32.061,1.085,82.74,4.14,1.38,Moderate,Borderline
S1297,India,29.105,80.5681,7.989,6.6,1.075,59.657,1.195,84.11,4.21,1.2,Moderate,Borderline
S1298,India,25.4699,82.1243,5.925,3.268,3.811,44.468,0.668,74.94,3.75,1.27,Moderate,Borderline
S1299,India,25.3361,76.3455,14.025,13.761,4.212,69.464,0.933,130.1,6.5,1.4,Critical,No
S1300,India,23.954,76.1604,5.565,6.206,1.74,45.899,0.686,67.22,3.36,0.92,Moderate,Borderline
S1301,India,21.5173,74.4348,13.487,9.847,4.062,26.752,0.5,94.45,4.72,1.35,Moderate,Borderline
S1303,India,22.7375,73.7471,4.329,6.466,1.648,38.794,0.433,56.75,2.84,0.78,Low,Yes
S1304,India,22.2143,77.3602,10.323,11.5,3.277,21.858,0.649,87.22,4.36,1.15,Moderate,Borderline
S1305,India,19.6642,79.9322,7.096,14.599,3.039,63.069,0.618,101.24,5.06,1.46,Critical,No
S1306,India,23.9179,76.0414,11.23,11.172,2.889,48.815,1.183,107.25,5.36,1.18,Critical,No
S1307,India,19.4843,74.07,13.46,6.706,2.867,57.158,1.5,112.31,5.62,1.5,Critical,No
S1309,India,24.8491,78.8234,13.605,4.302,2.442,42.883,1.473,98.71,4.94,1.47,Moderate,Borderline
S1310,India,19.3511,83.0834,3.313,9.785,1.246,65.067,1.203,84.59,4.23,1.3,Moderate,Borderline
S1311,India,14.9322,74.0571,13.768,6.462,1.796,71.352,1.271,106.39,5.32,1.43,Critical,No
S1312,India,20.5536,79.5215,4.72,3.312,1.753,61.451,0.588,64.09,3.2,1.23,Moderate,Borderline
S1313,India,19.2385,80.5501,7.744,14.798,1.781,37.582,0.661,85.21,4.26,1.48,Moderate,Borderline
S1314,India,21.9228,75.0181,7.544,11.339,3.843,47.655,0.339,89.23,4.46,1.28,Moderate,Borderline
S1315,India,20.3315,78.4463,10.396,11.22,1.612,64.161,1.393,107.5,5.38,1.39,Critical,No
S1316,India,20.2507,80.8103,10.04,13.978,2.054,64.202,0.311,93.63,4.68,1.4,Moderate,Borderline
S1317,India,24.2213,80.0097,14.16,4.415,1.735,69.223,0.513,86.67,4.33,1.42,Moderate,Borderline
S1318,India,22.9871,83.9047,3.998,6.423,2.773,66.141,1.149,88.77,4.44,1.32,Moderate,Borderline
S1319,India,21.7681,85.1234,6.584,4.431,2.373,16.711,0.553,55.59,2.78,0.79,Low,Yes
S1321,India,26.0064,75.6739,7.821,3.851,3.663,19.275,1.407,83.61,4.18,1.41,Moderate,Borderline
S1322,India,21.91,76.0443,11.676,7.719,1.682,60.545,1.241,99.04,4.95,1.24,Moderate,Borderline
S1323,India,21.3994,80.0502,9.075,7.358,1.825,60.062,0.708,83.22,4.16,1.2,Moderate,Borderline
S1324,India,16.2574,73.7166,11.552,14.014,3.3,43.295,1.235,115.15,5.76,1.4,Critical,No
S1325,India,20.3817,78.5192,4.148,3.455,2.545,64.551,0.676,71.51,3.58,1.29,Moderate,Borderline
S1326,India,24.3182,77.3442,13.043,10.981,1.86,22.022,0.319,75.64,3.78,1.3,Moderate,Borderline
S1327,India,21.0381,76.1774,9.621,3.768,1.39,25.865,1.058,67.55,3.38,1.06,Moderate,Borderline
S1328,India,24.825,84.4434,6.006,7.453,1.248,28.588,1.377,74.21,3.71,1.38,Moderate,Borderline
S1329,India,22.6914,80.0189,3.398,14.961,1.256,55.959,0.603,79.53,3.98,1.5,Moderate,Borderline
S1330,India,26.8539,74.4072,8.238,6.007,2.104,35.493,1.451,85.73,4.29,1.45,Moderate,Borderline
S1331,India,21.4132,82.2271,5.398,12.732,1.466,27.628,0.739,71.86,3.59,1.27,Moderate,Borderline
S1332,India,21.9494,74.8243,6.317,9.825,2.526,41.098,0.434,74.24,3.71,0.98,Moderate,Borderline
S1333,India,22.7746,77.134,13.631,5.816,1.308,18.205,1.03,75.5,3.77,1.36,Moderate,Borderline
S1334,India,19.4605,82.2998,11.156,11.556,4.267,18.892,0.531,92.05,4.6,1.42,Moderate,Borderline
S1335,India,23.0533,82.1287,4.004,6.28,1.972,48.645,0.61,65.37,3.27,0.97,Moderate,Borderline
S1336,India,22.491,77.0913,6.589,8.428,1.36,63.153,0.979,83.94,4.2,1.26,Moderate,Borderline
S1337,India,21.9683,80.8085,14.297,13.702,2.975,71.034,0.688,118.0,5.9,1.43,Critical,No
S1338,India,20.6694,77.6067,10.07,11.663,3.685,23.989,0.833,94.29,4.71,1.23,Moderate,Borderline
S1339,India,23.5322,74.9462,4.895,13.85,1.73,32.484,1.321,88.44,4.42,1.39,Moderate,Borderline
S1340,India,20.7265,77.8889,8.935,4.015,4.447,50.287,0.608,87.82,4.39,1.48,Moderate,Borderline
S1341,India,19.6588,78.3526,12.599,14.104,4.048,35.505,0.691,108.41,5.42,1.41,Critical,No
S1342,India,22.2778,77.1469,9.419,8.512,4.167,25.073,0.312,79.91,4.0,1.39,Moderate,Borderline
S1343,India,22.0096,76.4254,6.769,5.166,3.6,27.267,1.125,81.28,4.06,1.2,Moderate,Borderline
S1344,India,22.5133,71.4584,14.206,3.448,2.701,66.265,1.006,99.94,5.0,1.42,Moderate,Borderline
S1345,India,19.8905,73.3998,11.163,13.69,1.048,19.292,0.69,78.21,3.91,1.37,Moderate,Borderline
S1346,India,19.6893,75.3733,5.655,5.35,1.37,71.037,0.473,69.02,3.45,1.42,Moderate,Borderline
S1347,India,20.0476,75.7255,14.196,12.069,3.743,21.285,1.304,112.08,5.6,1.42,Critical,No
S1348,India,17.3995,76.2192,9.909,12.866,3.703,68.4,1.414,125.88,6.29,1.41,Critical,No
S1349,India,20.6958,73.5144,3.176,13.552,1.456,66.688,0.695,83.74,4.19,1.36,Moderate,Borderline
S1350,India,20.8157,77.6611,6.923,13.66,0.992,39.38,0.338,70.29,3.51,1.37,Moderate,Borderline
S1351,India,18.6917,76.6955,6.027,13.531,2.47,31.428,1.007,88.29,4.41,1.35,Moderate,Borderline
S1352,India,20.7126,76.085,9.555,5.85,3.345,44.489,1.226,95.43,4.77,1.23,Moderate,Borderline
S1353,India,18.2608,74.574,4.814,12.724,3.636,44.066,0.945,95.84,4.79,1.27,Moderate,Borderline
S1354,India,22.2587,75.9472,12.496,9.886,1.855,55.053,0.734,93.83,4.69,1.25,Moderate,Borderline
S1356,India,27.7174,78.328,13.267,8.605,3.906,25.657,0.491,89.87,4.49,1.33,Moderate,Borderline
S1357,India,24.5751,79.0955,13.709,10.725,2.792,34.884,1.476,110.95,5.55,1.48,Critical,No
S1358,India,25.4099,75.4821,9.384,10.302,2.317,72.889,0.986,103.69,5.18,1.46,Critical,No
S1359,India,27.0278,79.6823,11.941,13.86,0.916,15.02,0.867,81.06,4.05,1.39,Moderate,Borderline
S1360,India,21.5518,73.443,3.734,9.265,2.268,17.68,0.702,62.23,3.11,0.93,Moderate,Borderline
S1361,India,22.6593,73.6993,14.848,12.504,4.476,73.098,0.887,131.52,6.58,1.49,Critical,No
S1362,India,20.0214,78.9974,8.294,12.708,2.719,57.162,1.195,106.9,5.34,1.27,Critical,No
S1363,India,23.6392,76.9244,8.518,5.522,4.015,40.069,1.2,94.87,4.74,1.34,Moderate,Borderline
S1365,India,26.0782,73.9014,14.066,4.82,2.941,60.866,1.209,105.91,5.3,1.41,Critical,No
S1366,India,28.8733,79.4124,12.09,13.092,3.643,36.24,1.496,119.07,5.95,1.5,Critical,No
S1367,India,20.7998,77.8347,7.351,4.533,1.337,31.892,0.364,52.72,2.64,0.74,Low,Yes
S1368,India,20.5408,78.6457,5.439,4.115,1.127,31.065,0.986,58.77,2.94,0.99,Low,Yes
S1369,India,21.6599,78.3947,6.179,3.917,3.702,19.189,0.968,71.91,3.6,1.23,Moderate,Borderline
S1370,India,19.5442,75.5866,14.889,12.081,3.913,49.319,1.345,126.65,6.33,1.49,Critical,No
S1371,India,23.436,78.4683,6.376,10.144,3.384,38.576,1.356,98.15,4.91,1.36,Moderate,Borderline
S1372,India,21.9842,79.217,7.688,8.663,3.97,53.728,0.354,87.74,4.39,1.32,Moderate,Borderline
S1373,India,20.9406,78.0925,12.342,6.94,2.599,62.921,0.356,88.18,4.41,1.26,Moderate,Borderline
S1374,India,21.0003,74.6547,5.759,7.055,4.493,64.525,1.361,108.61,5.43,1.5,Critical,No
S1375,India,21.448,79.5166,6.565,5.809,3.888,55.773,0.583,84.64,4.23,1.3,Moderate,Borderline
S1376,India,22.3869,70.909,9.338,13.665,2.27,69.511,0.83,105.54,5.28,1.39,Critical,No
S1377,India,22.4782,78.2738,13.891,3.683,1.641,43.614,0.818,79.89,3.99,1.39,Moderate,Borderline
S1378,India,23.5064,78.4773,4.349,8.422,1.593,68.646,1.457,92.76,4.64,1.46,Moderate,Borderline
S1379,India,19.1156,77.8449,12.424,11.366,2.177,68.244,1.471,118.81,5.94,1.47,Critical,No
S1380,India,27.9448,83.2326,6.57,10.014,2.483,33.131,0.381,70.59,3.53,1.0,Moderate,Borderline
S1381,India,19.6909,76.1101,9.505,10.22,3.091,38.291,0.805,91.47,4.57,1.03,Moderate,Borderline
S1382,India,21.7308,81.7863,14.853,8.275,3.238,18.022,1.084,96.73,4.84,1.49,Moderate,Borderline
S1384,India,19.8766,76.7019,11.205,6.747,4.174,55.261,1.075,107.34,5.37,1.39,Critical,No
S1385,India,20.2398,78.2302,14.183,10.535,4.479,47.241,1.152,121.23,6.06,1.49,Critical,No
S1386,India,22.4739,76.4036,12.176,12.342,3.672,28.577,1.47,114.35,5.72,1.47,Critical,No
S1387,India,21.5386,78.9565,11.271,7.057,4.384,21.09,0.897,92.26,4.61,1.46,Moderate,Borderline
S1388,India,16.5203,75.7338,10.746,4.573,3.48,73.836,1.265,108.67,5.43,1.48,Critical,No
S1389,India,20.8936,80.8378,6.899,9.205,1.065,71.721,0.473,77.46,3.87,1.43,Moderate,Borderline
S1390,India,20.9947,78.9319,3.458,11.634,1.909,57.87,0.966,85.38,4.27,1.16,Moderate,Borderline
S1391,India,27.0479,76.9733,9.012,10.252,1.99,27.022,0.951,81.62,4.08,1.03,Moderate,Borderline
S1392,India,15.7961,74.6249,11.071,11.286,1.065,35.325,0.794,81.82,4.09,1.13,Moderate,Borderline
S1393,India,21.3689,77.0368,3.62,14.955,3.552,20.247,0.324,75.41,3.77,1.5,Moderate,Borderline
S1394,India,20.5775,83.1298,12.442,14.082,3.057,26.227,1.239,108.7,5.43,1.41,Critical,No
S1395,India,22.2891,79.6426,11.184,7.05,2.273,59.079,1.413,103.51,5.18,1.41,Critical,No
S1396,India,25.6972,79.6453,5.06,5.544,2.815,25.593,1.062,71.45,3.57,1.06,Moderate,Borderline
S1397,India,24.8176,75.9864,12.697,8.565,1.551,53.806,1.491,104.21,5.21,1.49,Critical,No
S1398,India,20.8321,78.3084,3.208,6.844,1.605,63.783,1.314,82.6,4.13,1.31,Moderate,Borderline
S1399,India,19.4707,74.4984,5.835,13.901,2.71,54.368,0.799,95.27,4.76,1.39,Moderate,Borderline
S1400,India,17.948,82.6508,7.076,10.614,3.028,32.612,0.479,78.19,3.91,1.06,Moderate,Borderline
S1402,India,13.6017,78.2741,11.748,5.909,3.04,68.031,1.393,110.65,5.53,1.39,Critical,No
S1403,India,21.4284,78.8741,5.371,3.078,3.445,71.248,0.524,78.84,3.94,1.42,Moderate,Borderline
S1404,India,25.9697,80.2057,14.131,10.762,4.393,35.68,0.72,107.74,5.39,1.46,Critical,No
S1406,India,15.3481,79.0589,3.192,9.749,1.346,19.802,1.207,66.92,3.35,1.21,Moderate,Borderline
S1407,India,23.1068,78.035,3.696,10.002,2.158,65.609,0.733,82.69,4.13,1.31,Moderate,Borderline
S1408,India,23.9306,76.7068,7.496,3.202,2.305,54.271,0.605,70.57,3.53,1.09,Moderate,Borderline
S1409,India,20.0441,77.6999,10.057,12.076,2.388,40.214,0.406,84.39,4.22,1.21,Moderate,Borderline
S1410,India,20.6242,76.8125,8.78,9.351,4.316,19.394,1.02,93.19,4.66,1.44,Moderate,Borderline
S1411,Pakistan,35.2242,78.5278,22.844,8.693,0.977,66.293,1.093,117.96,5.9,2.28,Critical,No
S1413,Pakistan,32.8295,69.9734,13.48,20.039,5.276,122.196,2.039,191.87,9.59,2.44,Critical,No
S1414,Pakistan,26.4424,72.4963,12.167,16.864,3.774,77.734,1.294,140.2,7.01,1.69,Critical,No
S1415,Pakistan,28.143,72.3663,13.111,19.825,5.882,73.563,1.067,155.85,7.79,1.98,Critical,No
S1416,Pakistan,30.7915,70.7232,23.413,22.394,2.51,46.358,1.947,165.83,8.29,2.34,Critical,No
S1417,Pakistan,32.3581,66.5525,8.735,10.884,1.322,54.389,1.204,93.89,4.69,1.2,Moderate,Borderline
S1418,Pakistan,24.8893,71.6029,14.426,3.642,4.564,71.656,0.867,112.57,5.63,1.52,Critical,No
S1419,Pakistan,34.6287,66.3071,24.427,24.777,2.557,73.586,0.965,164.19,8.21,2.48,Critical,No
S1420,Pakistan,27.5532,68.9504,13.034,13.135,5.521,60.317,1.807,149.41,7.47,1.84,Critical,No
S1421,Pakistan,28.9761,69.2389,22.956,18.629,6.85,80.866,2.023,201.64,10.08,2.3,Critical,No
S1422,Pakistan,31.5303,68.2822,22.209,17.426,4.639,49.221,2.075,171.39,8.57,2.22,Critical,No
S1423,Pakistan,27.311,68.5432,14.959,18.773,5.528,42.234,2.09,163.01,8.15,2.09,Critical,No
S1424,Pakistan,30.7157,76.5009,4.455,9.554,4.353,121.913,1.371,133.22,6.66,2.44,Critical,No
S1425,Pakistan,34.022,70.4302,5.816,20.696,7.005,84.532,2.494,183.42,9.17,2.49,Critical,No
S1426,Pakistan,27.022,68.3536,23.23,9.796,6.128,44.093,1.988,164.3,8.22,2.32,Critical,No
S1427,Pakistan,33.0598,71.6041,14.364,10.77,2.621,72.292,1.91,134.86,6.74,1.91,Critical,No
S1428,Pakistan,28.6459,70.4606,11.065,18.903,4.455,98.138,1.166,152.21,7.61,1.96,Critical,No
S1429,Pakistan,30.3325,65.7206,13.885,4.863,4.113,33.761,1.788,114.18,5.71,1.79,Critical,No
S1430,Pakistan,32.6163,69.5013,16.216,16.36,5.29,52.371,0.398,129.33,6.47,1.76,Critical,No
S1431,Pakistan,33.9027,70.1764,9.294,21.985,3.879,81.93,2.46,170.39,8.52,2.46,Critical,No
S1432,Pakistan,27.1636,68.8836,2.104,14.724,6.844,15.388,0.842,102.28,5.11,2.28,Critical,No
S1433,Pakistan,26.2871,71.9667,10.681,23.314,4.178,66.415,2.073,163.87,8.19,2.33,Critical,No
S1434,Pakistan,35.6631,66.3218,3.975,23.818,2.828,62.854,1.305,125.68,6.28,2.38,Critical,No
S1435,Pakistan,28.2473,79.1221,20.198,21.295,6.391,98.073,0.626,177.34,8.87,2.13,Critical,No
S1436,Pakistan,34.7371,71.5194,9.296,24.551,4.854,67.91,2.357,174.36,8.72,2.46,Critical,No
S1437,Pakistan,29.5589,70.7931,11.952,15.502,4.308,104.815,0.224,130.03,6.5,2.1,Critical,No
S1438,Pakistan,30.5009,74.382,3.277,18.852,7.077,86.365,1.714,160.26,8.01,2.36,Critical,No
S1439,Pakistan,30.2126,70.297,23.454,16.914,2.967,55.553,1.84,159.54,7.98,2.35,Critical,No
S1440,Pakistan,35.9382,69.1302,18.775,23.289,1.983,55.055,2.166,162.69,8.13,2.33,Critical,No
S1441,Pakistan,25.1856,70.5082,20.915,22.552,5.709,86.684,1.902,197.71,9.89,2.26,Critical,No
S1442,Pakistan,24.8093,67.6697,14.603,9.251,4.921,70.84,2.293,154.71,7.74,2.29,Critical,No
S1443,Pakistan,28.4097,70.2907,24.477,13.711,3.131,43.874,1.719,149.18,7.46,2.45,Critical,No
S1444,Pakistan,31.4385,71.619,23.004,15.464,1.623,98.371,1.434,155.78,7.79,2.3,Critical,No
S1445,Pakistan,30.1087,67.8253,21.897,16.966,3.016,46.728,0.853,133.58,6.68,2.19,Critical,No
S1446,Pakistan,36.5925,73.6059,8.493,22.255,3.069,31.384,2.341,141.33,7.07,2.34,Critical,No
S1447,Pakistan,31.6426,72.1768,18.768,21.709,4.071,27.471,2.423,167.54,8.38,2.42,Critical,No
S1448,Pakistan,28.6865,64.7559,13.306,15.334,5.63,65.253,1.934,159.59,7.98,1.93,Critical,No
S1449,Pakistan,30.2097,73.5244,4.163,11.864,4.971,103.221,1.717,140.82,7.04,2.06,Critical,No
S1450,Pakistan,30.1662,71.3051,12.317,18.393,2.439,99.85,0.917,135.96,6.8,2.0,Critical,No
S1451,Pakistan,27.6576,68.5352,15.634,19.598,1.946,43.226,1.93,139.33,6.97,1.96,Critical,No
S1453,Pakistan,29.4627,69.7138,21.523,13.354,2.605,78.529,1.24,143.33,7.17,2.15,Critical,No
S1454,Pakistan,35.2794,70.3486,8.607,16.146,3.013,18.725,0.522,87.52,4.38,1.61,Moderate,Borderline
S1455,Pakistan,26.2658,69.6814,11.435,23.499,6.307,96.255,1.965,189.72,9.49,2.35,Critical,No
S1456,Pakistan,32.3509,67.4645,16.048,21.633,7.18,95.181,0.528,171.86,8.59,2.39,Critical,No
S1457,Pakistan,28.2448,73.5215,24.22,3.483,3.835,21.782,0.389,97.47,4.87,2.42,Moderate,Borderline
S1458,Pakistan,31.1525,64.1531,19.24,10.325,5.861,78.194,2.272,174.92,8.75,2.27,Critical,No
S1459,Pakistan,31.901,69.478,20.158,21.549,2.991,122.352,0.959,171.47,8.57,2.45,Critical,No
S1460,Pakistan,27.2672,72.9807,13.06,8.37,4.017,108.224,1.352,139.97,7.0,2.16,Critical,No
S1461,Pakistan,24.109,67.9828,22.418,22.156,3.119,89.96,1.689,179.71,8.99,2.24,Critical,No
S1462,Pakistan,28.6636,70.7039,17.747,23.541,3.099,47.763,0.853,139.4,6.97,2.35,Critical,No
S1463,Pakistan,29.8117,67.4437,23.86,9.316,5.836,42.798,1.755,157.48,7.87,2.39,Critical,No
S1464,Pakistan,28.7864,72.9102,17.424,13.467,3.607,71.787,2.358,161.7,8.09,2.36,Critical,No
S1465,Pakistan,27.6729,70.8373,23.376,21.266,3.708,27.076,2.436,173.55,8.68,2.44,Critical,No
S1466,Pakistan,27.5226,72.2783,6.157,22.443,1.73,101.755,2.042,150.28,7.51,2.24,Critical,No
S1467,Pakistan,32.1535,74.053,15.258,19.066,2.826,86.217,1.176,145.49,7.27,1.91,Critical,No
S1468,Pakistan,31.3598,68.5054,16.234,10.506,4.491,105.464,1.848,162.57,8.13,2.11,Critical,No
S1469,Pakistan,35.3442,71.6998,21.624,19.897,5.442,112.188,2.046,205.12,10.26,2.24,Critical,No
S1470,Pakistan,26.9833,68.8989,16.598,24.952,6.411,110.681,1.985,209.81,10.49,2.5,Critical,No
S1471,Pakistan,36.3176,72.2925,18.015,23.271,5.804,110.761,1.527,196.11,9.81,2.33,Critical,No
S1472,Pakistan,24.6868,67.889,20.949,24.58,4.754,58.897,1.496,176.23,8.81,2.46,Critical,No
S1473,Pakistan,31.7987,67.4185,13.992,10.527,2.926,48.325,1.763,123.13,6.16,1.76,Critical,No
S1475,Pakistan,27.0948,69.0659,22.655,4.687,7.108,122.59,1.766,186.43,9.32,2.45,Critical,No
S1476,Pakistan,27.3279,70.1669,17.909,20.388,6.331,58.344,2.119,184.52,9.23,2.12,Critical,No
S1477,Pakistan,30.207,67.5473,13.313,16.599,2.45,109.69,1.107,142.17,7.11,2.19,Critical,No
S1478,Pakistan,24.4687,67.5428,17.616,8.392,6.53,104.633,2.078,178.96,8.95,2.18,Critical,No
S1479,Pakistan,31.3269,64.6329,13.427,16.371,5.068,61.058,1.677,151.35,7.57,1.69,Critical,No
S1480,Pakistan,29.1197,68.8017,14.454,14.66,4.053,93.032,2.022,162.9,8.15,2.02,Critical,No
S1481,Pakistan,34.0289,69.3079,12.139,17.538,6.863,91.133,1.537,172.3,8.62,2.29,Critical,No
S1482,Pakistan,31.3837,68.4537,8.019,17.929,6.363,83.299,1.648,160.6,8.03,2.12,Critical,No
S1483,Pakistan,29.3564,72.5976,5.067,8.506,6.502,62.919,1.259,120.84,6.04,2.17,Critical,No
S1484,Pakistan,26.5733,71.1449,23.387,3.317,1.699,98.941,1.236,129.03,6.45,2.34,Critical,No
S1485,Pakistan,27.7945,75.8262,19.855,9.949,6.075,53.183,1.468,150.74,7.54,2.02,Critical,No
S1486,Pakistan,32.0068,68.2112,18.85,11.841,3.375,122.167,2.488,182.51,9.13,2.49,Critical,No
S1487,Pakistan,28.058,68.1475,5.408,12.567,4.232,122.084,2.026,153.52,7.68,2.44,Critical,No
S1488,Pakistan,30.0164,65.4173,13.953,18.582,6.375,104.058,2.294,195.07,9.75,2.29,Critical,No
S1489,Pakistan,30.8158,69.8442,14.453,10.738,5.99,45.591,2.117,150.89,7.54,2.12,Critical,No
S1490,Pakistan,29.7222,64.3931,9.877,12.145,3.229,46.508,1.702,118.21,5.91,1.7,Critical,No
S1491,Pakistan,36.661,71.8187,23.672,13.024,0.821,42.239,1.274,121.24,6.06,2.37,Critical,No
S1493,Pakistan,23.9382,70.4266,15.194,10.664,2.904,84.84,0.394,112.89,5.64,1.7,Critical,No
S1494,Pakistan,28.7635,68.3777,4.324,18.361,2.498,71.205,1.354,117.59,5.88,1.84,Critical,No
S1496,Pakistan,28.7182,64.4607,16.944,23.837,2.441,44.623,1.675,149.18,7.46,2.38,Critical,No
S1497,Pakistan,28.5637,77.3171,23.884,12.658,2.791,97.948,1.98,170.47,8.52,2.39,Critical,No
S1498,Pakistan,27.8407,69.4958,17.269,24.001,5.16,80.667,1.813,185.47,9.27,2.4,Critical,No
S1499,Pakistan,28.8552,71.2308,17.432,23.368,4.995,73.51,2.341,191.12,9.56,2.34,Critical,No
S1500,Pakistan,30.9016,63.2907,21.245,24.889,6.041,81.999,1.728,199.9,10.0,2.49,Critical,No
S1501,Pakistan,29.2836,67.364,20.477,12.279,3.185,121.616,1.849,172.37,8.62,2.43,Critical,No
S1502,Pakistan,30.7116,68.7239,18.235,23.28,6.383,124.144,0.985,194.94,9.75,2.48,Critical,No
S1503,Pakistan,30.0266,75.2718,14.271,20.448,3.753,87.516,1.891,167.28,8.36,2.04,Critical,No
S1504,Pakistan,28.0858,72.085,10.7,20.034,2.993,106.011,1.919,162.21,8.11,2.12,Critical,No
S1505,Pakistan,28.8294,70.0171,4.376,15.169,2.631,104.301,2.016,138.67,6.93,2.09,Critical,No
S1506,Pakistan,34.8715,64.1473,24.162,8.56,7.24,81.154,1.896,184.09,9.2,2.42,Critical,No
S1507,Pakistan,32.708,70.9709,20.687,15.852,4.724,41.386,1.63,153.73,7.69,2.07,Critical,No
S1508,Pakistan,30.5497,64.628,13.864,24.291,2.8,69.544,1.314,149.07,7.45,2.43,Critical,No
S1509,Pakistan,33.625,70.7344,11.273,9.044,2.813,81.719,2.455,141.17,7.06,2.46,Critical,No
S1510,Pakistan,27.4003,71.047,16.605,16.746,2.495,100.554,1.769,158.94,7.95,2.01,Critical,No
S1511,Pakistan,28.274,70.7596,18.651,16.619,5.999,90.251,1.067,167.97,8.4,2.0,Critical,No
S1512,Pakistan,32.9879,72.2087,12.793,23.402,2.721,50.61,1.891,148.59,7.43,2.34,Critical,No
S1513,Pakistan,29.0542,70.6946,14.478,15.095,1.92,48.568,2.049,132.35,6.62,2.05,Critical,No
S1514,Pakistan,24.5539,70.9384,13.972,13.554,5.505,66.102,2.226,162.71,8.14,2.23,Critical,No
S1515,Pakistan,30.4009,66.5575,18.445,18.182,4.846,76.78,1.567,167.61,8.38,1.84,Critical,No
S1516,Pakistan,27.7269,64.9895,8.393,22.367,2.635,62.414,1.429,132.63,6.63,2.24,Critical,No
S1517,Pakistan,31.8568,64.8777,15.065,13.615,5.521,53.882,2.183,159.38,7.97,2.18,Critical,No
S1518,Pakistan,26.46,71.0244,5.841,14.817,6.013,64.281,2.452,156.16,7.81,2.45,Critical,No
S1519,Pakistan,33.8815,67.6736,9.326,3.18,3.852,93.681,1.272,113.6,5.68,1.87,Critical,No
S1521,Pakistan,25.6796,69.3873,20.019,12.543,1.004,91.59,1.602,140.49,7.02,2.0,Critical,No
S1522,Pakistan,28.6995,71.679,21.895,19.505,2.985,58.51,1.409,154.28,7.71,2.19,Critical,No
S1523,Pakistan,27.9962,68.315,8.169,15.287,2.674,106.997,0.683,121.2,6.06,2.14,Critical,No
S1524,Pakistan,29.4274,65.0233,14.017,22.319,7.46,34.914,1.738,171.13,8.56,2.49,Critical,No
S1525,Pakistan,33.4167,63.3222,24.024,12.97,0.722,65.372,0.679,118.53,5.93,2.4,Critical,No
S1526,Pakistan,31.631,74.8057,12.037,16.35,3.885,80.924,1.122,137.48,6.87,1.64,Critical,No
S1527,Pakistan,30.8617,64.062,21.274,14.022,7.201,52.615,0.978,159.2,7.96,2.4,Critical,No
S1528,Pakistan,22.8241,71.0409,8.969,4.373,7.149,76.395,1.587,136.64,6.83,2.38,Critical,No
S1529,Pakistan,30.1489,69.347,23.654,11.586,6.525,33.524,1.753,162.45,8.12,2.37,Critical,No
S1530,Pakistan,33.7367,68.2468,3.978,22.513,5.037,51.041,2.138,149.74,7.49,2.25,Critical,No
S1531,Pakistan,31.5956,69.8839,22.944,14.321,5.335,66.067,1.776,172.04,8.6,2.29,Critical,No
S1532,Pakistan,32.6328,67.6147,3.842,23.044,4.049,46.511,0.417,107.71,5.39,2.3,Critical,No
S1533,Pakistan,31.7764,63.591,21.545,14.821,1.562,45.477,1.716,135.66,6.78,2.15,Critical,No
S1534,Pakistan,26.0149,70.4968,15.459,15.853,6.092,102.777,1.571,175.77,8.79,2.06,Critical,No
S1535,Pakistan,32.1468,68.8203,8.312,20.373,6.279,98.823,1.898,176.72,8.84,2.09,Critical,No
S1536,Pakistan,35.4132,69.2984,22.897,13.815,5.35,96.414,2.2,191.66,9.58,2.29,Critical,No
S1537,Pakistan,31.0479,69.1867,16.938,4.38,3.776,121.354,2.308,162.51,8.13,2.43,Critical,No
S1538,Pakistan,31.7178,71.3603,20.085,18.64,3.691,120.778,1.992,190.21,9.51,2.42,Critical,No
S1539,Pakistan,31.7429,76.0019,22.988,9.039,5.837,33.359,1.051,137.33,6.87,2.3,Critical,No
S1540,Pakistan,31.6661,72.5803,10.231,23.114,4.509,46.993,2.278,161.11,8.06,2.31,Critical,No
S1541,Pakistan,34.5242,71.5342,11.445,19.045,6.637,113.851,0.908,168.93,8.45,2.28,Critical,No
S1542,Pakistan,25.247,74.2729,8.961,13.579,5.877,110.162,1.459,157.5,7.88,2.2,Critical,No
S1543,Pakistan,27.45,69.1636,24.509,10.173,5.19,43.018,0.238,125.93,6.3,2.45,Critical,No
S1544,Pakistan,26.7997,70.7086,8.709,18.587,3.998,53.554,0.46,111.87,5.59,1.86,Critical,No
S1545,Pakistan,28.8885,69.3075,15.207,20.311,6.847,104.876,1.421,187.05,9.35,2.28,Critical,No
S1546,Pakistan,35.2899,69.2281,16.417,14.975,4.271,114.313,1.187,160.72,8.04,2.29,Critical,No
S1547,Pakistan,26.1349,66.7885,20.355,8.9,6.079,93.513,2.047,177.38,8.87,2.05,Critical,No
S1548,Pakistan,26.3522,69.2625,13.422,3.579,6.377,102.198,2.132,160.03,8.0,2.13,Critical,No
S1549,Pakistan,30.9532,69.8811,17.674,12.978,7.116,46.999,2.356,174.66,8.73,2.37,Critical,No
S1550,Pakistan,34.5371,66.5243,13.609,3.042,3.859,45.584,1.079,98.84,4.94,1.36,Moderate,Borderline
S1551,Pakistan,34.351,66.6335,11.832,17.77,6.321,97.008,2.314,186.43,9.32,2.31,Critical,No
S1552,Pakistan,29.6834,69.1959,17.722,17.356,3.842,44.583,1.971,153.02,7.65,1.97,Critical,No
S1553,Pakistan,28.3654,70.4146,9.688,14.257,6.642,54.634,2.048,154.98,7.75,2.21,Critical,No
S1554,Pakistan,27.9733,72.1225,11.273,20.598,2.934,65.474,1.051,130.51,6.53,2.06,Critical,No
S1555,Pakistan,24.7747,73.42,3.453,4.803,3.011,26.783,1.588,79.06,3.95,1.59,Moderate,Borderline
S1556,Pakistan,33.1399,67.7142,13.198,6.697,5.198,95.96,0.952,131.87,6.59,1.92,Critical,No
S1557,Pakistan,29.1538,66.5937,18.695,19.646,3.16,43.648,2.419,163.59,8.18,2.42,Critical,No
S1558,Pakistan,29.8449,67.3817,22.564,8.795,6.626,118.353,1.432,182.87,9.14,2.37,Critical,No
S1559,Pakistan,31.4126,72.9635,9.007,10.512,5.644,54.512,1.513,128.73,6.44,1.88,Critical,No
S1560,Pakistan,35.3251,70.0954,16.147,14.178,4.787,119.441,0.895,158.24,7.91,2.39,Critical,No
S1561,Pakistan,27.4285,71.4754,12.032,21.256,3.711,90.832,0.977,147.19,7.36,2.13,Critical,No
S1562,Pakistan,30.0153,74.5814,14.185,14.603,6.317,72.656,1.842,165.59,8.28,2.11,Critical,No
S1563,Pakistan,31.7502,72.0283,16.588,20.769,7.278,62.75,2.113,190.59,9.53,2.43,Critical,No
S1564,Pakistan,30.5162,68.2349,10.459,10.648,2.462,70.517,1.349,113.81,5.69,1.41,Critical,No
S1565,Pakistan,29.5082,71.2068,13.677,19.012,5.644,57.595,2.213,170.3,8.52,2.21,Critical,No
S1566,Pakistan,33.6707,74.0048,8.993,24.345,4.33,28.406,2.045,147.81,7.39,2.43,Critical,No
S1567,Pakistan,26.99,69.6699,18.256,14.004,2.449,88.573,0.225,120.78,6.04,1.83,Critical,No
S1568,Pakistan,33.5487,65.3666,16.323,24.149,6.819,58.469,2.005,189.89,9.49,2.41,Critical,No
S1569,Pakistan,27.5462,70.4215,18.156,11.745,5.452,71.871,2.399,172.88,8.64,2.4,Critical,No
S1570,Pakistan,33.9636,65.1583,15.697,15.233,7.38,101.004,1.359,178.64,8.93,2.46,Critical,No
S1571,Pakistan,29.3383,65.9304,10.672,6.356,3.344,96.215,1.649,127.82,6.39,1.92,Critical,No
S1572,Pakistan,31.3961,73.6465,10.301,21.777,2.954,60.629,2.234,152.78,7.64,2.23,Critical,No
S1573,Pakistan,32.6245,69.5684,17.795,12.452,5.337,124.209,2.074,187.24,9.36,2.48,Critical,No
S1574,Pakistan,25.984,69.5164,13.198,15.714,3.154,94.992,2.312,163.09,8.15,2.31,Critical,No
S1575,Pakistan,31.1641,67.6248,14.335,14.893,6.326,20.27,1.728,143.3,7.16,2.11,Critical,No
S1576,Pakistan,28.681,73.4051,20.194,11.954,2.762,79.163,1.333,141.03,7.05,2.02,Critical,No
S1577,Pakistan,28.0047,68.2493,16.823,8.754,4.724,100.573,1.073,144.34,7.22,2.01,Critical,No
S1578,Pakistan,33.0861,67.2348,21.259,16.475,4.108,79.388,0.641,147.43,7.37,2.13,Critical,No
S1579,Pakistan,30.0642,73.5522,16.333,24.901,5.41,119.418,1.895,204.2,10.21,2.49,Critical,No
S1580,Pakistan,27.0699,68.9756,22.981,20.878,4.986,68.024,2.032,188.81,9.44,2.3,Critical,No
S1581,Pakistan,33.1591,73.321,15.808,13.352,5.972,110.471,1.117,164.66,8.23,2.21,Critical,No
S1582,Pakistan,33.5483,72.4098,11.212,12.02,6.448,10.289,1.989,133.35,6.67,2.15,Critical,No
S1583,Pakistan,31.6808,64.0411,9.741,13.528,6.653,119.124,2.369,185.92,9.3,2.38,Critical,No
S1584,Pakistan,25.4447,74.9557,21.162,16.407,4.323,91.689,1.546,171.55,8.58,2.12,Critical,No
S1585,Pakistan,29.3619,69.1369,24.585,23.556,6.184,65.049,1.867,200.87,10.04,2.46,Critical,No
S1586,Pakistan,31.1227,71.1035,22.46,16.297,6.64,60.942,1.041,166.98,8.35,2.25,Critical,No
S1587,Pakistan,26.3496,67.4975,24.261,21.38,6.68,90.896,1.126,194.69,9.73,2.43,Critical,No
S1588,Pakistan,32.0908,62.7437,10.087,18.391,7.373,69.613,1.574,165.43,8.27,2.46,Critical,No
S1589,Pakistan,30.0928,65.4848,24.422,19.623,3.3,12.829,0.984,134.9,6.75,2.44,Critical,No
S1590,Pakistan,29.6912,66.5711,14.069,20.01,5.029,73.814,1.362,158.45,7.92,2.0,Critical,No
S1591,Nigeria,6.7244,11.9482,22.399,3.928,4.15,122.2,2.202,173.24,8.66,2.44,Critical,No
S1592,Nigeria,9.6334,6.7453,3.257,23.67,6.474,17.196,0.309,110.07,5.5,2.37,Critical,No
S1593,Nigeria,12.6183,8.037,22.653,23.779,6.934,63.564,1.459,193.7,9.68,2.38,Critical,No
S1594,Nigeria,12.5813,4.2361,6.499,8.067,3.26,44.302,1.301,94.61,4.73,1.3,Moderate,Borderline
S1595,Nigeria,6.8679,10.0509,11.802,17.975,2.49,76.633,2.303,152.87,7.64,2.3,Critical,No
S1596,Nigeria,4.5285,11.4757,19.911,18.112,6.22,66.536,1.152,167.17,8.36,2.07,Critical,No
S1597,Nigeria,10.5125,9.4298,16.04,9.695,6.92,52.254,2.481,168.12,8.41,2.48,Critical,No
S1598,Nigeria,13.1503,9.4196,20.519,9.953,5.929,114.299,1.671,179.61,8.98,2.29,Critical,No
S1600,Nigeria,8.3674,6.8991,10.142,9.804,3.821,116.382,1.851,148.94,7.45,2.33,Critical,No
S1601,Nigeria,11.4281,8.888,17.102,22.961,1.196,120.563,2.401,184.34,9.22,2.41,Critical,No
S1602,Nigeria,9.4981,10.9894,18.998,21.19,7.41,13.474,1.567,166.51,8.33,2.47,Critical,No
S1603,Nigeria,7.3772,9.3519,24.594,15.292,0.825,103.393,1.2,150.63,7.53,2.46,Critical,No
S1604,Nigeria,8.5975,5.3822,8.392,6.442,7.038,124.212,0.404,134.35,6.72,2.48,Critical,No
S1605,Nigeria,4.6059,11.3989,22.224,13.953,1.059,79.383,1.722,145.61,7.28,2.22,Critical,No
S1606,Nigeria,12.5483,12.0907,17.823,16.108,4.904,20.971,2.195,152.84,7.64,2.19,Critical,No
S1608,Nigeria,6.7558,7.7772,3.253,14.014,1.525,74.972,1.649,107.67,5.38,1.65,Critical,No
S1609,Nigeria,11.1015,5.7362,20.256,8.575,1.216,120.082,0.559,124.98,6.25,2.4,Critical,No
S1610,Nigeria,9.0539,16.0941,24.504,23.232,3.721,76.49,1.461,180.09,9.0,2.45,Critical,No
S1611,Nigeria,6.1201,9.0962,19.044,15.003,2.512,85.592,1.653,152.14,7.61,1.9,Critical,No
S1612,Nigeria,12.4299,11.1092,14.085,18.948,1.898,109.906,1.436,151.4,7.57,2.2,Critical,No
S1613,Nigeria,11.7391,9.1562,10.385,9.653,2.477,84.799,0.902,108.55,5.43,1.7,Critical,No
S1614,Nigeria,6.9691,3.6872,21.649,2.397,6.276,101.725,1.03,151.22,7.56,2.16,Critical,No
S1615,Nigeria,11.4599,10.8387,2.06,3.15,4.539,48.864,1.795,96.13,4.81,1.79,Moderate,Borderline
S1616,Nigeria,12.9344,4.5758,11.48,6.658,5.23,68.376,1.481,128.11,6.41,1.74,Critical,No
S1617,Nigeria,11.2954,8.3551,8.432,13.616,5.003,51.646,1.494,127.99,6.4,1.67,Critical,No
S1618,Nigeria,6.4282,6.665,8.074,24.039,7.475,45.853,2.357,179.54,8.98,2.49,Critical,No
S1619,Nigeria,7.1582,7.7876,2.944,14.979,3.25,68.915,1.53,115.68,5.78,1.53,Critical,No
S1620,Nigeria,13.7583,8.1143,11.662,23.705,2.94,107.361,0.862,150.52,7.53,2.37,Critical,No
S1621,Nigeria,7.895,6.5589,17.811,19.243,2.952,118.536,1.815,177.5,8.88,2.37,Critical,No
S1623,Nigeria,9.6863,4.1211,22.327,8.556,7.397,90.649,1.557,178.48,8.92,2.47,Critical,No
S1624,Nigeria,5.9574,5.6135,18.847,18.648,5.551,44.333,2.301,175.75,8.79,2.3,Critical,No
S1625,Nigeria,11.9164,11.456,17.503,11.217,6.94,118.444,2.016,191.4,9.57,2.37,Critical,No
S1626,Nigeria,6.2768,4.8703,11.359,11.965,4.722,50.401,0.392,106.13,5.31,1.57,Critical,No
S1627,Nigeria,10.3546,8.7996,12.019,11.136,1.672,86.18,1.262,117.17,5.86,1.72,Critical,No
S1628,Nigeria,10.8961,9.6869,17.754,19.51,7.425,63.066,2.465,198.55,9.93,2.48,Critical,No
S1629,Nigeria,10.4231,2.0873,3.685,4.145,6.287,123.765,0.573,118.54,5.93,2.48,Critical,No
S1630,Nigeria,5.1319,10.2044,16.624,22.817,5.593,57.524,2.08,180.78,9.04,2.28,Critical,No
S1631,Nigeria,6.4806,6.4667,16.552,10.974,4.245,68.219,2.035,151.34,7.57,2.04,Critical,No
S1632,Nigeria,5.5982,8.2412,23.55,4.685,5.609,124.666,0.909,161.91,8.1,2.49,Critical,No
S1633,Nigeria,12.7369,9.3992,14.922,15.875,4.221,43.226,1.013,127.28,6.36,1.59,Critical,No
S1634,Nigeria,11.284,11.6979,21.052,3.172,4.422,118.316,0.877,142.79,7.14,2.37,Critical,No
S1635,Nigeria,10.3935,7.75,18.186,20.125,5.639,114.294,2.061,201.15,10.06,2.29,Critical,No
S1636,Nigeria,10.4778,9.3583,24.174,16.461,4.079,104.806,2.495,200.29,10.01,2.5,Critical,No
S1637,Nigeria,10.0933,13.0077,13.321,23.23,6.607,58.698,1.449,169.61,8.48,2.32,Critical,No
S1638,Nigeria,10.6286,7.9178,3.122,4.73,2.786,47.488,1.805,89.37,4.47,1.8,Moderate,Borderline
S1639,Nigeria,15.7703,8.4821,17.797,22.381,6.487,56.239,1.139,168.88,8.44,2.24,Critical,No
S1640,Nigeria,8.4769,5.8231,21.967,20.529,0.687,112.431,1.988,174.3,8.72,2.25,Critical,No
S1641,Nigeria,10.3519,7.6456,9.085,5.713,4.088,100.151,2.122,139.35,6.97,2.12,Critical,No
S1642,Nigeria,11.9962,5.2694,6.508,17.276,6.902,83.151,1.564,158.12,7.91,2.3,Critical,No
S1643,Nigeria,7.8535,8.8845,18.375,18.124,6.322,71.607,1.65,176.79,8.84,2.11,Critical,No
S1644,Nigeria,11.8453,10.1824,12.616,12.961,4.145,44.545,1.426,125.13,6.26,1.43,Critical,No
S1646,Nigeria,13.3713,4.6283,3.637,15.549,6.352,42.309,2.304,143.72,7.19,2.3,Critical,No
S1647,Nigeria,5.4699,8.8494,11.751,15.323,5.061,62.617,1.86,150.13,7.51,1.86,Critical,No
S1648,Nigeria,12.6372,1.9564,2.122,3.682,6.342,91.929,1.28,116.26,5.81,2.11,Critical,No
S1650,Nigeria,10.003,5.4094,24.942,12.753,3.312,60.37,2.469,171.0,8.55,2.49,Critical,No
S1651,Nigeria,6.4094,3.0285,12.119,23.547,5.748,76.97,1.455,169.54,8.48,2.35,Critical,No
S1652,Nigeria,10.1658,13.2389,12.578,18.026,5.88,40.822,1.931,155.36,7.77,1.96,Critical,No
S1653,Nigeria,6.6007,13.1403,14.146,20.601,3.886,86.91,1.164,153.44,7.67,2.06,Critical,No
S1654,Nigeria,0.2067,13.9194,20.771,11.724,5.316,56.408,1.133,145.65,7.28,2.08,Critical,No
S1655,Nigeria,11.8711,7.4053,20.838,8.183,4.668,82.121,0.918,140.37,7.02,2.08,Critical,No
S1657,Nigeria,8.5348,11.5654,21.177,3.74,3.552,81.658,0.568,117.54,5.88,2.12,Critical,No
S1658,Nigeria,13.6181,9.3111,20.785,3.6,4.815,76.634,1.979,151.1,7.56,2.08,Critical,No
S1659,Nigeria,9.2146,5.941,19.905,14.096,4.348,11.96,0.835,118.47,5.92,1.99,Critical,No
S1660,Nigeria,6.8534,9.6124,18.3,21.549,6.355,64.188,1.116,170.06,8.5,2.15,Critical,No
S1661,Nigeria,10.6538,4.9996,19.666,15.065,7.047,74.593,1.128,168.84,8.44,2.35,Critical,No
S1662,Nigeria,4.798,6.5447,12.153,17.023,5.916,49.537,1.793,153.47,7.67,1.97,Critical,No
S1663,Nigeria,8.5074,2.3344,19.75,17.093,4.689,113.904,0.202,154.55,7.73,2.28,Critical,No
S1664,Nigeria,13.1811,3.0647,18.696,10.123,6.746,97.281,1.816,177.84,8.89,2.25,Critical,No
S1665,Nigeria,14.2674,6.0707,6.768,22.362,5.544,48.161,1.576,146.0,7.3,2.24,Critical,No
S1666,Nigeria,7.8291,11.2923,2.214,14.955,3.439,98.403,1.821,133.05,6.65,1.97,Critical,No
S1668,Nigeria,9.5808,3.6799,12.725,15.423,5.972,44.511,1.932,152.55,7.63,1.99,Critical,No
S1669,Nigeria,8.2045,-1.8982,15.429,16.495,5.929,72.098,1.435,160.91,8.05,1.98,Critical,No
S1670,Nigeria,11.933,7.6488,19.838,20.055,5.642,24.478,2.472,176.63,8.83,2.47,Critical,No
S1671,Nigeria,9.3316,3.5667,19.03,20.151,6.975,67.772,1.471,181.39,9.07,2.32,Critical,No
S1672,Nigeria,7.0046,11.8818,22.957,8.415,6.021,73.11,1.352,159.17,7.96,2.3,Critical,No
S1673,Nigeria,9.6916,5.6759,4.764,17.834,2.769,91.972,1.669,133.82,6.69,1.84,Critical,No
S1674,Nigeria,9.4483,6.1559,21.742,11.45,4.147,46.099,1.815,148.77,7.44,2.17,Critical,No
S1675,Nigeria,10.8189,11.8899,8.308,16.355,7.478,64.863,1.338,151.88,7.59,2.49,Critical,No
S1676,Nigeria,8.4117,9.7933,21.695,14.742,5.003,97.157,1.352,172.13,8.61,2.17,Critical,No
S1677,Nigeria,11.8599,9.5631,12.609,24.514,3.218,72.965,2.311,171.11,8.56,2.45,Critical,No
S1678,Nigeria,13.3903,9.0962,22.604,8.751,1.059,73.35,0.91,117.31,5.87,2.26,Critical,No
S1679,Nigeria,11.5805,6.0241,8.137,24.231,6.142,57.771,2.115,171.09,8.55,2.42,Critical,No
S1680,Nigeria,11.0821,1.682,19.117,3.778,4.613,54.673,1.423,126.87,6.34,1.91,Critical,No
S1681,Nigeria,11.3371,10.6853,10.939,17.005,6.213,112.319,0.826,158.76,7.94,2.25,Critical,No
S1682,Nigeria,6.4069,10.765,18.687,13.38,2.943,20.8,1.345,118.97,5.95,1.87,Critical,No
S1683,Nigeria,9.9545,9.2409,17.021,20.066,2.837,68.748,2.281,166.21,8.31,2.28,Critical,No
S1685,Nigeria,11.3809,5.3825,21.556,20.17,4.229,47.817,2.463,180.03,9.0,2.46,Critical,No
S1686,Nigeria,13.1129,0.7942,12.752,16.195,5.062,91.331,1.018,148.53,7.43,1.83,Critical,No
S1687,Nigeria,10.2991,8.9397,15.043,16.875,5.916,28.455,1.264,139.94,7.0,1.97,Critical,No
S1688,Nigeria,5.7795,11.5401,21.857,22.773,0.965,47.651,2.313,161.01,8.05,2.31,Critical,No
S1689,Nigeria,7.6756,10.68,13.773,15.239,3.607,88.839,0.952,136.65,6.83,1.78,Critical,No
S1690,Nigeria,8.7352,7.3887,15.536,20.41,4.168,80.978,2.434,180.75,9.04,2.43,Critical,No
S1691,Nigeria,6.0749,10.2733,2.68,13.436,6.988,122.636,1.211,152.09,7.6,2.45,Critical,No
S1693,Nigeria,6.959,7.453,21.816,12.008,2.631,103.924,0.629,139.34,6.97,2.18,Critical,No
S1694,Nigeria,6.0274,6.18,16.773,8.74,5.32,103.247,1.19,151.59,7.58,2.06,Critical,No
S1695,Nigeria,9.7674,9.8752,15.446,20.675,7.091,64.94,1.507,175.63,8.78,2.36,Critical,No
S1696,Nigeria,5.5941,7.2146,15.98,21.588,3.243,106.835,1.984,179.17,8.96,2.16,Critical,No
S1697,Nigeria,11.2138,6.0656,9.432,4.515,4.948,103.304,1.496,132.12,6.61,2.07,Critical,No
S1698,Nigeria,3.7276,13.1721,18.153,11.279,2.673,64.492,1.023,122.94,6.15,1.82,Critical,No
S1699,Nigeria,10.432,11.0939,15.793,22.123,5.98,89.975,0.379,159.27,7.96,2.21,Critical,No
S1700,Nigeria,9.6195,8.2677,24.372,18.313,1.027,96.811,0.885,148.64,7.43,2.44,Critical,No
S1701,Nigeria,7.7869,7.4734,9.271,11.026,4.041,54.777,1.97,128.84,6.44,1.97,Critical,No
S1702,Nigeria,11.1476,8.5112,11.885,2.279,3.59,62.09,1.58,108.7,5.43,1.58,Critical,No
S1703,Nigeria,6.5176,4.8682,18.431,19.471,4.271,78.613,1.576,167.24,8.36,1.95,Critical,No
S1704,Nigeria,6.097,7.0902,3.579,11.14,5.814,122.648,1.198,141.22,7.06,2.45,Critical,No
S1705,Nigeria,11.1826,5.1008,5.041,18.915,4.297,85.358,2.155,153.8,7.69,2.15,Critical,No
S1706,Nigeria,8.549,6.1735,16.288,22.751,6.393,90.834,0.32,163.43,8.17,2.28,Critical,No
S1707,Nigeria,12.0234,6.5974,14.229,15.471,7.379,113.299,2.189,197.69,9.88,2.46,Critical,No
S1708,Nigeria,4.632,6.7784,9.191,24.836,4.069,105.364,0.824,153.81,7.69,2.48,Critical,No
S1709,Nigeria,5.8636,5.0098,21.479,21.245,3.638,59.849,1.458,162.8,8.14,2.15,Critical,No
S1710,Nigeria,12.4318,6.7466,13.666,6.741,5.325,111.348,1.688,154.61,7.73,2.23,Critical,No
S1711,Nigeria,3.8783,11.3969,15.892,14.88,5.427,106.885,1.249,165.46,8.27,2.14,Critical,No
S1712,Nigeria,9.8235,7.4512,18.878,11.725,6.958,75.743,2.111,180.11,9.01,2.32,Critical,No
S1713,Nigeria,11.6379,8.1179,13.541,20.048,1.866,64.93,0.868,122.95,6.15,2.0,Critical,No
S1714,Nigeria,6.4456,12.2285,11.662,22.164,3.688,120.676,0.806,156.63,7.83,2.41,Critical,No
S1715,Nigeria,6.8152,9.1722,24.743,16.513,6.983,64.29,2.091,196.6,9.83,2.47,Critical,No
S1716,Nigeria,5.0263,9.5394,19.07,14.084,4.179,42.867,2.448,160.27,8.01,2.45,Critical,No
S1717,Nigeria,7.6134,2.8359,9.071,17.666,2.975,85.069,1.395,135.23,6.76,1.77,Critical,No
S1718,Nigeria,11.0529,8.4861,22.564,22.05,3.687,65.83,2.482,189.78,9.49,2.48,Critical,No
S1719,Nigeria,8.5855,8.0098,14.376,15.075,4.637,87.327,2.256,169.87,8.49,2.26,Critical,No
S1720,Nigeria,9.7813,11.8115,13.109,14.139,3.577,88.868,0.879,131.47,6.57,1.78,Critical,No
S1721,Nigeria,6.0156,7.5017,15.086,18.592,4.18,100.287,1.525,165.84,8.29,2.01,Critical,No
S1722,Nigeria,14.0973,9.8871,15.09,20.301,4.957,57.704,2.412,175.15,8.76,2.41,Critical,No
S1724,Nigeria,12.614,7.671,18.357,13.041,0.887,62.758,1.94,132.61,6.63,1.94,Critical,No
S1725,Nigeria,7.127,8.8092,10.502,23.672,7.341,97.444,1.859,193.45,9.67,2.45,Critical,No
S1726,Nigeria,2.3481,10.5537,15.523,10.183,2.724,50.075,2.315,135.9,6.8,2.31,Critical,No
S1727,Nigeria,8.0588,5.0377,9.97,8.885,6.514,91.539,1.385,145.45,7.27,2.17,Critical,No
S1728,Nigeria,12.7566,7.8183,13.406,20.777,3.571,24.888,2.029,142.71,7.14,2.08,Critical,No
S1729,Nigeria,7.9435,7.7884,18.249,15.36,2.729,76.237,1.898,153.87,7.69,1.9,Critical,No
S1730,Nigeria,7.0187,5.6616,11.042,24.905,5.494,66.569,2.447,184.09,9.2,2.49,Critical,No
S1731,Nigeria,11.92,5.7321,10.252,21.922,7.382,119.621,1.218,185.77,9.29,2.46,Critical,No
S1732,Nigeria,4.9265,6.8908,15.202,9.206,2.491,34.118,0.838,95.83,4.79,1.52,Moderate,Borderline
S1733,Nigeria,11.0552,9.9729,8.583,23.614,1.443,74.797,1.487,133.67,6.68,2.36,Critical,No
S1734,Nigeria,13.2901,8.6031,18.377,19.571,4.246,100.529,0.822,160.85,8.04,2.01,Critical,No
S1735,Nigeria,9.4387,9.7739,21.31,16.456,6.603,68.571,1.569,178.36,8.92,2.2,Critical,No
S1737,Nigeria,7.6579,10.556,24.388,14.68,2.484,110.523,1.419,167.29,8.36,2.44,Critical,No
S1738,Nigeria,9.7419,10.2843,14.769,12.994,4.631,82.381,1.827,155.89,7.79,1.83,Critical,No
S1739,Nigeria,7.9374,7.7505,23.827,24.136,6.558,111.783,1.028,204.92,10.25,2.41,Critical,No
S1740,Nigeria,8.8056,8.6156,3.671,2.595,3.385,45.389,0.817,69.59,3.48,1.13,Moderate,Borderline
S1741,Nigeria,13.5618,11.7853,14.365,20.245,3.107,61.141,2.048,155.35,7.77,2.05,Critical,No
S1742,Nigeria,6.9394,4.9219,24.433,22.959,5.581,46.606,1.81,186.83,9.34,2.44,Critical,No
S1743,Nigeria,8.4865,8.5121,14.241,3.363,4.444,86.214,1.689,133.1,6.66,1.72,Critical,No
S1744,Nigeria,11.7737,6.4559,17.276,24.105,7.411,72.149,1.928,199.59,9.98,2.47,Critical,No
S1745,Nigeria,11.6581,8.8826,13.595,23.407,7.405,78.124,2.331,201.24,10.06,2.47,Critical,No
S1746,Nigeria,7.7393,3.21,5.719,9.859,6.504,111.571,2.428,167.7,8.39,2.43,Critical,No
S1747,Nigeria,6.581,10.2763,24.741,24.168,4.807,68.464,0.33,163.85,8.19,2.47,Critical,No
S1748,Nigeria,10.2519,7.0226,18.181,24.266,7.411,55.833,1.6,188.63,9.43,2.47,Critical,No
S1750,Nigeria,6.841,11.895,12.003,21.966,3.098,48.774,0.996,128.02,6.4,2.2,Critical,No
S1751,Nigeria,14.3597,6.8269,23.932,8.979,6.248,51.324,2.127,170.54,8.53,2.39,Critical,No
S1752,Nigeria,10.6015,11.902,13.358,21.3,4.276,91.222,0.341,141.13,7.06,2.13,Critical,No
S1753,Nigeria,5.0752,8.467,23.434,16.124,4.7,40.234,1.036,147.26,7.36,2.34,Critical,No
S1755,Nigeria,9.7733,8.0573,19.923,14.895,4.154,31.936,1.305,136.2,6.81,1.99,Critical,No
S1756,Nigeria,7.3051,9.8874,17.055,12.414,2.608,118.087,1.676,157.08,7.85,2.36,Critical,No
S1757,Nigeria,10.061,10.1502,12.728,15.292,1.921,116.218,1.669,148.71,7.44,2.32,Critical,No
S1758,Nigeria,6.7883,8.3255,3.625,23.849,7.193,66.738,2.095,171.5,8.57,2.4,Critical,No
S1759,Nigeria,8.2794,10.793,22.157,10.991,3.652,109.205,1.177,157.86,7.89,2.22,Critical,No
S1760,Nigeria,8.1908,8.7586,17.31,22.63,6.402,76.858,2.007,193.44,9.67,2.26,Critical,No
S1761,Nigeria,16.2762,7.7626,19.724,17.488,7.205,60.131,2.367,193.85,9.69,2.4,Critical,No
S1762,Nigeria,7.572,7.7066,8.824,18.695,5.633,41.618,1.411,137.46,6.87,1.88,Critical,No
S1763,Nigeria,9.6298,6.1027,21.861,21.89,6.15,124.406,1.165,201.56,10.08,2.49,Critical,No
S1764,Nigeria,10.5963,11.6476,16.841,19.826,4.014,112.652,2.408,193.31,9.67,2.41,Critical,No
S1765,Nigeria,8.3536,9.6889,20.171,18.656,7.332,61.362,1.3,177.08,8.85,2.44,Critical,No
S1766,Nigeria,6.0257,5.3612,23.644,10.398,1.838,86.531,1.638,147.71,7.39,2.36,Critical,No
S1767,Nigeria,8.8548,6.4837,10.566,13.332,4.587,80.897,0.925,129.23,6.46,1.62,Critical,No
S1768,Nigeria,10.9338,8.2229,2.783,18.9,0.895,65.502,1.965,114.83,5.74,1.97,Critical,No
S1769,Nigeria,8.5091,9.3706,20.124,11.787,6.573,90.032,1.973,183.11,9.16,2.19,Critical,No
S1770,Nigeria,7.7033,9.5787,8.252,11.248,3.439,60.517,1.783,121.79,6.09,1.78,Critical,No
S1771,Kenya,-1.8078,41.1393,20.806,8.397,3.512,79.648,1.737,148.42,7.42,2.08,Critical,No
S1772,Kenya,3.5413,37.5338,13.437,15.997,4.337,89.316,1.398,151.47,7.57,1.79,Critical,No
S1773,Kenya,-2.9533,37.8979,2.363,3.227,1.255,117.614,1.319,92.97,4.65,2.35,Moderate,Borderline
S1774,Kenya,-1.6057,36.3601,24.899,15.921,5.823,57.004,0.591,155.08,7.75,2.49,Critical,No
S1775,Kenya,-0.1026,34.9153,18.844,8.994,0.803,96.41,1.075,121.09,6.05,1.93,Critical,No
S1776,Kenya,-1.8552,37.6206,8.11,15.189,3.837,74.948,1.674,135.64,6.78,1.67,Critical,No
S1777,Kenya,0.8694,37.8342,13.755,11.607,1.261,95.061,1.099,119.14,5.96,1.9,Critical,No
S1778,Kenya,-3.3224,38.1409,8.349,9.355,5.332,98.385,2.116,152.63,7.63,2.12,Critical,No
S1779,Kenya,2.7901,33.8543,23.784,19.579,5.129,99.511,0.239,165.5,8.28,2.38,Critical,No
S1780,Kenya,-1.8253,38.2196,18.582,15.774,6.817,120.288,1.011,182.49,9.12,2.41,Critical,No
S1781,Kenya,0.2564,36.4328,15.007,10.619,2.726,66.043,0.35,102.84,5.14,1.5,Critical,No
S1782,Kenya,-0.5637,38.2901,14.128,17.549,3.371,104.392,0.497,137.52,6.88,2.09,Critical,No
S1783,Kenya,0.7362,40.1661,5.498,20.27,2.544,89.531,2.177,147.85,7.39,2.18,Critical,No
S1784,Kenya,0.9911,34.8877,24.731,22.818,6.229,97.658,2.422,224.13,11.21,2.47,Critical,No
S1786,Kenya,-0.0483,30.3737,24.133,11.075,3.233,40.512,1.715,142.47,7.12,2.41,Critical,No
S1787,Kenya,-0.7513,34.8143,12.662,24.647,4.301,114.534,0.556,160.22,8.01,2.46,Critical,No
S1788,Kenya,0.1088,38.3728,16.474,18.774,1.423,90.569,1.154,139.29,6.96,1.88,Critical,No
S1789,Kenya,2.3262,41.6347,22.378,23.505,0.985,121.325,1.361,174.08,8.7,2.43,Critical,No
S1790,Kenya,-1.8541,39.5358,13.614,15.373,4.969,109.639,0.972,154.4,7.72,2.19,Critical,No
S1791,Kenya,3.1336,37.438,24.819,18.419,3.584,104.564,1.03,172.79,8.64,2.48,Critical,No
S1792,Kenya,0.9593,36.7085,19.865,24.471,5.011,74.366,1.196,175.75,8.79,2.45,Critical,No
S1793,Kenya,6.4229,37.0432,2.27,17.056,5.626,89.79,1.888,149.83,7.49,1.89,Critical,No
S1794,Kenya,-4.051,37.7598,19.585,11.602,3.16,31.874,1.748,131.15,6.56,1.96,Critical,No
S1795,Kenya,-3.8769,34.1162,15.743,17.315,5.84,84.943,0.478,148.59,7.43,1.95,Critical,No
S1796,Kenya,-3.606,38.7383,20.669,23.696,1.448,86.911,0.46,142.35,7.12,2.37,Critical,No
S1797,Kenya,2.1169,34.541,8.732,22.248,3.178,41.221,2.029,140.22,7.01,2.22,Critical,No
S1798,Kenya,-1.3709,37.7792,16.987,24.535,6.14,69.482,1.353,178.83,8.94,2.45,Critical,No
S1799,Kenya,4.3299,37.638,11.421,18.326,6.371,57.937,1.498,155.1,7.76,2.12,Critical,No
S1800,Kenya,-0.1373,40.1338,14.107,12.549,6.505,56.158,0.917,137.48,6.87,2.17,Critical,No
S1802,Kenya,4.271,40.5625,20.693,19.212,5.333,19.164,2.039,163.81,8.19,2.07,Critical,No
S1803,Kenya,0.8889,37.2842,17.382,13.412,2.507,78.174,0.948,128.53,6.43,1.74,Critical,No
S1804,Kenya,-1.6192,37.4272,20.595,19.386,6.102,102.742,1.245,186.64,9.33,2.06,Critical,No
S1805,Kenya,-2.3168,35.8265,6.16,12.459,5.927,30.752,1.091,110.87,5.54,1.98,Critical,No
S1807,Kenya,-1.3403,40.8089,10.711,23.619,6.821,43.32,2.19,175.26,8.76,2.36,Critical,No
S1808,Kenya,3.434,36.893,10.046,22.39,6.571,97.389,1.404,175.71,8.79,2.24,Critical,No
S1809,Kenya,-1.1951,32.1465,12.773,13.472,4.344,54.892,0.995,123.31,6.17,1.45,Critical,No
S1810,Kenya,4.3336,41.735,11.627,22.676,2.498,44.547,1.836,139.8,6.99,2.27,Critical,No
S1811,Kenya,5.476,31.7535,9.541,18.636,5.269,41.492,1.902,146.12,7.31,1.9,Critical,No
S1812,Kenya,1.1882,33.3638,8.961,17.418,6.967,123.356,2.113,190.81,9.54,2.47,Critical,No
S1813,Kenya,1.2076,38.9488,6.188,16.324,3.996,99.516,0.949,130.45,6.52,1.99,Critical,No
S1814,Kenya,-1.9377,40.078,2.079,2.97,6.719,93.859,2.209,136.61,6.83,2.24,Critical,No
S1815,Kenya,2.6155,37.1479,22.362,20.479,0.613,53.456,1.208,135.31,6.77,2.24,Critical,No
S1816,Kenya,-4.2821,38.5856,16.451,24.728,2.534,26.766,1.9,147.96,7.4,2.47,Critical,No
S1817,Kenya,-0.8208,37.5137,6.844,20.777,4.143,31.01,2.402,143.31,7.17,2.4,Critical,No
S1818,Kenya,-1.7604,33.3883,16.113,19.367,4.192,46.918,0.553,128.73,6.44,1.94,Critical,No
S1819,Kenya,1.5592,40.0995,8.22,13.816,7.31,65.243,2.059,160.08,8.0,2.44,Critical,No
S1820,Kenya,-3.6649,35.5232,24.508,23.233,2.073,117.523,2.117,198.65,9.93,2.45,Critical,No
S1821,Kenya,-0.8856,38.8436,15.914,21.236,1.773,57.575,1.638,141.91,7.1,2.12,Critical,No
S1822,Kenya,8.2995,40.8128,13.636,21.064,4.98,117.319,0.877,167.07,8.35,2.35,Critical,No
S1823,Kenya,-0.0476,37.846,24.483,15.813,5.754,17.31,1.473,155.34,7.77,2.45,Critical,No
S1824,Kenya,-1.497,31.7181,9.756,8.822,6.23,30.988,0.382,98.72,4.94,2.08,Moderate,Borderline
S1825,Kenya,-0.3566,38.5035,16.946,18.134,7.487,74.366,1.406,177.94,8.9,2.5,Critical,No
S1827,Kenya,6.258,41.0123,17.163,15.121,3.02,111.06,0.663,142.39,7.12,2.22,Critical,No
S1829,Kenya,-0.4074,36.8545,18.334,9.65,7.493,40.227,0.348,128.97,6.45,2.5,Critical,No
S1830,Kenya,0.7846,30.9826,19.238,12.18,3.973,124.971,2.457,188.45,9.42,2.5,Critical,No
S1831,Kenya,-5.0902,32.6728,16.306,22.082,3.908,112.626,0.465,157.18,7.86,2.25,Critical,No
S1833,Kenya,0.8094,37.0348,16.657,15.998,5.445,21.716,0.938,129.06,6.45,1.82,Critical,No
S1834,Kenya,0.3258,33.4704,17.648,18.664,4.625,99.524,1.107,165.41,8.27,1.99,Critical,No
S1835,Kenya,1.2099,39.7008,2.207,4.737,3.499,77.889,1.91,106.57,5.33,1.91,Critical,No
S1836,Kenya,-2.2327,33.3601,21.543,12.31,2.679,77.324,2.377,164.04,8.2,2.38,Critical,No
S1837,Kenya,-3.4807,36.4212,21.708,9.28,1.954,81.064,2.018,147.79,7.39,2.17,Critical,No
S1838,Kenya,-2.1518,38.9808,5.734,22.407,6.564,69.488,0.8,143.84,7.19,2.24,Critical,No
S1839,Kenya,6.4151,39.6859,19.299,22.565,7.03,54.545,1.959,191.59,9.58,2.34,Critical,No
S1840,Kenya,-4.536,35.7585,18.717,24.427,6.41,98.083,1.833,204.91,10.25,2.44,Critical,No
S1841,Kenya,-0.5367,37.6932,12.183,10.299,4.545,91.324,2.365,159.09,7.95,2.37,Critical,No
S1842,Kenya,-3.6592,30.9894,19.942,14.499,4.175,78.942,2.061,169.51,8.48,2.06,Critical,No
S1843,Kenya,3.9673,35.1221,8.111,21.496,4.818,117.09,2.16,181.37,9.07,2.34,Critical,No
S1844,Kenya,1.8353,42.1453,8.637,17.613,4.634,63.102,1.512,138.87,6.94,1.76,Critical,No
S1845,Kenya,-1.8827,39.7947,9.646,16.99,1.488,97.909,2.402,150.4,7.52,2.4,Critical,No
S1846,Kenya,-3.7301,37.2401,14.531,20.328,6.042,101.848,1.076,172.26,8.61,2.04,Critical,No
S1847,Kenya,-1.8519,39.0957,15.963,17.961,3.849,76.307,1.582,155.67,7.78,1.8,Critical,No
S1848,Kenya,2.1313,33.8325,20.21,21.413,7.095,65.834,0.635,169.58,8.48,2.36,Critical,No
S1849,Kenya,-2.5838,31.7554,15.588,13.744,5.546,67.677,1.861,159.93,8.0,1.86,Critical,No
S1850,Kenya,-0.0542,39.6624,16.701,21.417,3.774,90.73,1.838,174.45,8.72,2.14,Critical,No
S1851,Kenya,-0.8318,37.6962,3.877,9.071,5.731,71.588,1.552,123.78,6.19,1.91,Critical,No
S1852,Kenya,-0.9083,38.9815,24.364,6.771,6.368,46.93,2.436,172.22,8.61,2.44,Critical,No
S1853,Kenya,3.3635,35.9894,9.485,14.387,3.969,54.697,2.363,143.34,7.17,2.36,Critical,No
S1854,Kenya,-2.4896,35.5244,22.112,13.936,5.468,78.709,2.018,180.39,9.02,2.21,Critical,No
S1855,Kenya,4.5253,34.8135,17.731,19.867,3.043,84.363,2.391,177.05,8.85,2.39,Critical,No
S1856,Kenya,-3.3705,36.1134,17.109,16.318,2.674,94.492,0.881,140.1,7.0,1.89,Critical,No
S1857,Kenya,-6.3297,36.1512,20.61,14.302,4.609,98.868,1.114,162.38,8.12,2.06,Critical,No
S1858,Kenya,-2.6,34.7216,19.195,14.585,0.723,50.707,0.396,100.58,5.03,1.92,Critical,No
S1859,Kenya,1.7342,32.0797,16.888,13.347,6.186,28.498,2.035,153.81,7.69,2.06,Critical,No
S1860,Kenya,2.5486,34.3998,8.929,13.964,6.803,84.675,1.509,155.19,7.76,2.27,Critical,No
S1861,Kenya,1.1464,34.0279,23.132,21.485,6.569,118.404,0.491,190.21,9.51,2.37,Critical,No
S1862,Kenya,0.819,37.7274,8.487,8.737,5.936,44.081,1.454,120.73,6.04,1.98,Critical,No
S1863,Kenya,1.7606,38.3245,17.986,8.259,5.206,109.121,1.012,151.09,7.55,2.18,Critical,No
S1864,Kenya,6.5976,39.5901,23.868,17.726,7.485,74.717,1.507,193.11,9.66,2.5,Critical,No
S1865,Kenya,3.9463,36.7865,22.283,20.277,4.375,111.609,1.017,179.27,8.96,2.23,Critical,No
S1866,Kenya,1.453,35.0272,20.085,22.398,6.444,102.182,1.39,196.6,9.83,2.24,Critical,No
S1868,Kenya,3.1383,42.6643,17.606,6.5,6.618,75.128,2.466,171.7,8.59,2.47,Critical,No
S1869,Kenya,-4.1446,32.1648,15.818,2.706,4.645,104.984,2.36,157.21,7.86,2.36,Critical,No
S1870,Kenya,0.7038,38.2007,9.819,10.234,4.098,106.248,2.084,151.61,7.58,2.12,Critical,No
S1871,Kenya,7.0102,34.7374,9.601,6.6,4.895,112.835,0.904,128.25,6.41,2.26,Critical,No
S1872,Kenya,-6.8164,32.233,10.977,11.623,5.77,10.144,1.658,120.88,6.04,1.92,Critical,No
S1873,Kenya,-0.0614,33.2273,14.998,8.157,5.584,43.975,1.199,125.11,6.26,1.86,Critical,No
S1874,Kenya,2.2067,33.2549,4.633,6.449,5.349,52.592,1.895,116.76,5.84,1.9,Critical,No
S1875,Kenya,-1.3132,37.0421,23.974,2.254,5.508,82.472,1.704,156.24,7.81,2.4,Critical,No
S1876,Kenya,2.1114,35.8964,18.252,11.784,7.011,54.908,2.461,178.0,8.9,2.46,Critical,No
S1877,Kenya,-1.8426,32.0412,14.533,21.113,3.802,95.532,1.786,170.57,8.53,2.11,Critical,No
S1878,Kenya,-1.6332,40.1435,5.844,24.414,5.705,104.728,1.825,176.94,8.85,2.44,Critical,No
S1879,Kenya,-3.1809,34.8,15.321,11.183,4.41,43.131,1.905,137.76,6.89,1.91,Critical,No
S1880,Kenya,2.7299,38.9658,23.378,12.933,6.213,100.395,2.459,203.38,10.17,2.46,Critical,No
S1881,Kenya,-2.405,31.6353,9.862,23.001,5.565,106.455,1.318,171.77,8.59,2.3,Critical,No
S1882,Kenya,-0.2294,40.7822,22.948,21.359,6.339,49.137,1.484,180.21,9.01,2.29,Critical,No
S1883,Kenya,0.6385,35.2911,20.172,20.931,5.394,91.917,2.052,195.97,9.8,2.09,Critical,No
S1884,Kenya,1.5198,37.732,8.185,11.717,6.747,115.814,1.56,162.31,8.12,2.32,Critical,No
S1885,Kenya,-4.8218,33.4625,15.337,16.524,1.545,77.109,2.191,148.69,7.43,2.19,Critical,No
S1886,Kenya,1.0324,38.8708,17.398,2.417,4.632,123.662,1.926,158.49,7.92,2.47,Critical,No
S1887,Kenya,-3.4619,33.2506,19.879,16.801,1.765,87.875,1.357,147.42,7.37,1.99,Critical,No
S1888,Kenya,0.5319,36.9968,16.326,6.524,6.575,91.835,2.494,176.15,8.81,2.49,Critical,No
S1889,Kenya,1.2325,41.2345,24.59,24.975,3.443,100.444,0.801,178.28,8.91,2.5,Critical,No
S1890,Kenya,1.434,35.9873,10.599,12.523,7.197,22.615,1.891,141.09,7.05,2.4,Critical,No
S1891,Bangladesh,22.8438,90.5011,22.575,24.753,4.217,103.407,1.334,190.81,9.54,2.48,Critical,No
S1892,Bangladesh,30.3819,84.4637,5.597,8.34,3.53,21.805,1.678,93.69,4.68,1.68,Moderate,Borderline
S1893,Bangladesh,22.9551,90.5771,11.556,9.979,7.42,103.06,2.245,178.66,8.93,2.47,Critical,No
S1894,Bangladesh,25.4776,90.9835,10.916,24.492,3.841,74.368,1.404,154.25,7.71,2.45,Critical,No
S1895,Bangladesh,27.2902,92.0643,22.857,21.989,4.579,78.633,1.072,173.11,8.66,2.29,Critical,No
S1896,Bangladesh,25.1011,90.8394,20.713,9.297,4.422,46.437,2.051,149.09,7.45,2.07,Critical,No
S1897,Bangladesh,22.2465,94.0147,17.473,11.332,3.532,117.024,0.323,134.43,6.72,2.34,Critical,No
S1898,Bangladesh,22.7996,89.2742,14.604,17.829,4.127,110.251,0.945,155.38,7.77,2.21,Critical,No
S1899,Bangladesh,23.6971,86.6344,10.651,11.757,2.541,31.73,0.532,85.09,4.25,1.18,Moderate,Borderline
S1900,Bangladesh,22.3105,97.0797,15.127,12.168,4.078,117.9,2.156,172.06,8.6,2.36,Critical,No
S1901,Bangladesh,27.1612,92.4824,5.17,20.563,6.908,120.392,0.472,155.12,7.76,2.41,Critical,No
S1902,Bangladesh,19.1303,83.535,14.807,14.106,7.005,77.99,2.004,175.8,8.79,2.33,Critical,No
S1903,Bangladesh,23.1387,88.5443,10.227,12.451,7.268,118.765,2.037,182.06,9.1,2.42,Critical,No
S1904,Bangladesh,26.695,88.6364,23.392,8.154,1.807,83.98,2.355,155.83,7.79,2.35,Critical,No
S1906,Bangladesh,26.7236,90.0522,10.711,18.096,3.168,92.782,1.219,140.23,7.01,1.86,Critical,No
S1907,Bangladesh,22.5258,94.0394,14.527,9.588,2.619,34.296,2.276,124.93,6.25,2.28,Critical,No
S1908,Bangladesh,26.004,88.6205,11.311,17.49,2.554,91.724,2.118,153.68,7.68,2.12,Critical,No
S1909,Bangladesh,22.3242,88.7429,18.694,10.872,3.946,86.487,1.778,155.59,7.78,1.87,Critical,No
S1910,Bangladesh,23.4593,86.8725,18.36,19.828,1.643,101.607,1.979,167.55,8.38,2.03,Critical,No
S1911,Bangladesh,27.3159,90.1335,24.946,5.634,6.014,50.587,1.303,147.55,7.38,2.49,Critical,No
S1912,Bangladesh,26.3321,86.709,5.167,9.926,7.121,60.053,1.401,129.7,6.49,2.37,Critical,No
S1914,Bangladesh,23.4345,88.7662,13.444,10.878,5.782,31.9,2.396,147.87,7.39,2.4,Critical,No
S1915,Bangladesh,23.1269,90.6819,14.936,17.955,5.65,113.167,1.166,172.04,8.6,2.26,Critical,No
S1916,Bangladesh,22.9568,93.1926,17.109,13.913,4.824,17.599,1.345,128.14,6.41,1.71,Critical,No
S1917,Bangladesh,28.0792,91.2736,8.771,21.847,3.374,85.787,0.903,136.1,6.81,2.18,Critical,No
S1918,Bangladesh,22.1494,92.5402,20.063,20.406,0.757,107.694,0.9,147.06,7.35,2.15,Critical,No
S1919,Bangladesh,23.4107,90.5048,2.549,6.23,6.807,60.611,1.113,109.44,5.47,2.27,Critical,No
S1920,Bangladesh,29.1933,90.3537,9.609,23.753,7.188,84.766,2.144,191.43,9.57,2.4,Critical,No
S1921,Bangladesh,26.3973,87.9134,15.372,19.069,3.038,58.809,2.098,154.62,7.73,2.1,Critical,No
S1922,Bangladesh,22.8386,88.498,12.623,5.75,6.417,47.625,2.442,147.42,7.37,2.44,Critical,No
S1923,Bangladesh,26.4525,91.4677,17.177,16.135,4.443,103.23,1.795,173.44,8.67,2.06,Critical,No
S1924,Bangladesh,22.8864,87.1696,23.394,11.689,5.043,68.425,0.917,149.5,7.47,2.34,Critical,No
S1925,Bangladesh,21.8784,90.224,22.975,19.457,4.439,82.454,1.659,180.62,9.03,2.3,Critical,No
S1926,Bangladesh,25.7286,94.1997,18.465,24.134,1.138,75.024,1.673,156.25,7.81,2.41,Critical,No
S1927,Bangladesh,23.9161,88.8641,23.322,8.536,5.993,79.098,1.232,159.95,8.0,2.33,Critical,No
S1928,Bangladesh,23.0195,86.7375,19.152,21.456,4.231,58.431,2.257,177.94,8.9,2.26,Critical,No
S1929,Bangladesh,24.2083,87.6008,19.028,18.946,4.233,18.758,0.956,130.79,6.54,1.9,Critical,No
S1930,Bangladesh,26.4665,90.8016,22.273,10.279,7.352,55.513,1.472,165.76,8.29,2.45,Critical,No
S1931,Bangladesh,22.035,85.5959,16.584,22.769,3.531,122.929,2.128,193.98,9.7,2.46,Critical,No
S1933,Bangladesh,26.4476,90.7588,10.851,21.129,6.178,110.651,1.959,188.59,9.43,2.21,Critical,No
S1934,Bangladesh,23.2174,95.0525,18.158,10.754,2.796,11.656,1.578,112.69,5.63,1.82,Critical,No
S1935,Bangladesh,22.5301,87.7966,11.944,11.825,6.116,46.9,1.611,139.29,6.96,2.04,Critical,No
S1936,Bangladesh,27.0445,87.1637,20.425,23.355,5.862,61.913,1.342,178.25,8.91,2.34,Critical,No
S1937,Bangladesh,28.4096,86.0472,5.248,15.176,2.88,59.021,0.269,89.04,4.45,1.52,Moderate,Borderline
S1938,Bangladesh,24.4804,87.7244,11.173,14.291,4.034,101.309,2.148,161.3,8.07,2.15,Critical,No
S1939,Bangladesh,24.3498,82.1395,24.442,23.385,4.865,67.422,0.965,174.36,8.72,2.44,Critical,No
S1941,Bangladesh,23.052,88.6082,11.339,22.844,2.697,107.789,0.924,147.94,7.4,2.28,Critical,No
S1942,Bangladesh,25.6809,94.5118,17.19,13.648,3.627,89.345,1.594,153.47,7.67,1.79,Critical,No
S1943,Bangladesh,27.178,89.2878,12.359,22.345,4.878,40.253,0.34,124.83,6.24,2.23,Critical,No
S1944,Bangladesh,21.59,95.4914,24.797,16.093,2.683,48.489,1.071,140.48,7.02,2.48,Critical,No
S1945,Bangladesh,27.3225,93.9169,17.443,18.555,3.142,51.014,2.19,157.15,7.86,2.19,Critical,No
S1946,Bangladesh,20.5554,95.5163,14.737,20.58,7.343,75.057,1.724,184.09,9.2,2.45,Critical,No
S1947,Bangladesh,24.3155,88.1021,23.31,21.367,4.228,66.853,1.42,172.68,8.63,2.33,Critical,No
S1951,Bangladesh,26.7096,87.189,22.234,12.659,4.508,54.227,1.668,154.89,7.74,2.22,Critical,No
S1952,Bangladesh,24.2166,93.9972,11.923,21.554,5.691,69.064,2.349,179.5,8.97,2.35,Critical,No
S1953,Bangladesh,26.3523,91.3445,24.295,17.547,2.767,107.203,0.464,154.29,7.71,2.43,Critical,No
S1954,Bangladesh,23.5881,89.4597,23.304,4.084,5.839,26.283,2.451,153.24,7.66,2.45,Critical,No
S1955,Bangladesh,24.7194,93.3109,16.81,21.908,2.687,40.321,2.039,152.26,7.61,2.19,Critical,No
S1956,Bangladesh,26.7398,91.7051,12.171,21.674,2.614,28.15,1.446,125.3,6.26,2.17,Critical,No
S1957,Bangladesh,23.0796,85.1225,18.863,16.919,6.822,46.751,0.493,145.6,7.28,2.27,Critical,No
S1958,Bangladesh,26.1166,90.4666,12.87,15.488,6.155,104.508,2.369,186.93,9.35,2.37,Critical,No
S1959,Bangladesh,24.8588,95.4133,21.887,21.327,6.135,45.71,2.456,194.73,9.74,2.46,Critical,No
S1961,Bangladesh,27.4525,89.7408,2.479,16.093,4.572,34.202,1.195,105.2,5.26,1.61,Critical,No
S1962,Bangladesh,23.178,88.7729,11.993,8.078,6.835,70.832,2.319,160.42,8.02,2.32,Critical,No
S1963,Bangladesh,25.3903,90.2181,24.704,22.405,4.296,57.781,1.668,179.33,8.97,2.47,Critical,No
S1965,Bangladesh,25.532,85.1721,24.647,23.94,3.694,94.681,0.963,178.93,8.95,2.46,Critical,No
S1966,Bangladesh,22.839,94.7077,4.477,23.824,4.121,99.278,0.91,141.99,7.1,2.38,Critical,No
S1967,Bangladesh,23.8626,89.8101,13.917,12.995,6.834,82.114,1.863,169.49,8.47,2.28,Critical,No
S1968,Bangladesh,22.9623,89.8514,18.984,9.877,7.068,79.193,2.178,180.08,9.0,2.36,Critical,No
S1969,Bangladesh,21.9738,93.9045,9.225,19.556,7.322,93.757,1.056,165.0,8.25,2.44,Critical,No
S1970,Bangladesh,25.8764,90.1866,14.231,17.219,3.377,21.126,2.48,143.46,7.17,2.48,Critical,No
S1971,Bangladesh,22.5899,90.9615,16.043,23.2,4.74,83.693,1.193,167.42,8.37,2.32,Critical,No
S1972,Bangladesh,24.419,94.3602,5.767,24.527,6.768,26.335,1.638,149.0,7.45,2.45,Critical,No
S1974,Bangladesh,24.3001,89.3918,14.323,17.263,5.945,106.038,2.316,191.54,9.58,2.32,Critical,No
S1975,Bangladesh,22.7067,92.3326,23.997,23.756,3.142,47.286,1.555,166.47,8.32,2.4,Critical,No
S1976,Bangladesh,32.8146,88.0001,19.805,21.317,1.567,55.363,2.31,161.04,8.05,2.31,Critical,No
S1978,Bangladesh,22.7609,93.964,21.966,12.721,3.542,32.211,2.383,153.53,7.68,2.38,Critical,No
S1979,Bangladesh,22.8968,91.1871,23.328,9.142,1.064,45.094,1.252,115.11,5.76,2.33,Critical,No
S1980,Bangladesh,21.703,87.6709,19.675,14.58,4.135,68.019,1.424,151.76,7.59,1.97,Critical,No
S1981,Bangladesh,26.339,86.9386,13.906,17.482,3.617,101.357,2.457,176.57,8.83,2.46,Critical,No
S1984,Bangladesh,28.286,100.1299,20.827,24.09,3.931,108.469,2.07,200.83,10.04,2.41,Critical,No
S1985,Bangladesh,25.5291,91.8237,19.378,24.65,2.743,43.947,1.798,159.88,7.99,2.46,Critical,No
S1986,Bangladesh,26.8334,91.6314,15.147,9.357,6.626,65.391,2.179,162.92,8.15,2.21,Critical,No
S1987,Bangladesh,26.7902,84.8687,10.362,24.979,7.233,122.638,0.562,179.2,8.96,2.5,Critical,No
S1989,Bangladesh,25.5248,94.9881,13.794,19.619,5.552,72.686,1.076,154.43,7.72,1.96,Critical,No
S1991,Bangladesh,24.6354,90.1018,19.749,3.555,3.097,84.113,2.067,142.24,7.11,2.07,Critical,No
S1995,Bangladesh,23.6196,94.4205,13.238,16.535,3.349,78.811,1.207,137.54,6.88,1.65,Critical,No
S1996,Bangladesh,25.0937,89.1555,16.295,8.701,3.495,85.365,1.918,145.8,7.29,1.92,Critical,No
S1997,Bangladesh,22.3338,92.7829,24.8,3.741,6.161,56.511,1.248,145.72,7.29,2.48,Critical,No
S1999,Bangladesh,22.9792,95.8401,8.947,24.666,5.53,21.402,0.491,122.47,6.12,2.47,Critical,No
S2000,Bangladesh,23.1755,91.1115,11.115,12.336,4.328,114.299,1.49,151.27,7.56,2.29,Critical,No
S2001,Bangladesh,23.2648,86.6937,8.845,4.426,7.285,70.301,1.704,137.31,6.87,2.43,Critical,No
S2003,Bangladesh,24.5226,88.8184,9.051,20.749,1.69,51.619,2.403,139.57,6.98,2.4,Critical,No
S2005,Bangladesh,24.7842,88.7565,13.307,11.4,3.753,105.373,1.677,150.12,7.51,2.11,Critical,No
S2007,Bangladesh,21.491,92.4877,15.899,13.068,3.475,120.732,1.316,155.71,7.79,2.41,Critical,No
S2008,Bangladesh,27.9487,95.0861,10.71,4.699,7.445,28.311,0.994,111.66,5.58,2.48,Critical,No
S2009,Bangladesh,29.7518,94.3917,21.179,18.091,4.706,53.752,0.265,136.71,6.84,2.12,Critical,No
S2010,Bangladesh,24.5894,87.2767,12.129,18.077,4.094,48.341,1.373,134.5,6.73,1.81,Critical,No
S2011,Bangladesh,24.1039,88.8525,9.476,21.424,5.503,84.113,1.597,164.07,8.2,2.14,Critical,No
S2012,Bangladesh,24.4495,92.0297,22.571,16.82,5.662,46.922,0.548,146.26,7.31,2.26,Critical,No
S2013,Bangladesh,25.3026,92.9883,17.686,6.812,4.605,33.819,2.147,136.16,6.81,2.15,Critical,No
S2014,Bangladesh,31.0641,88.2444,9.815,9.252,5.219,101.63,2.31,159.78,7.99,2.31,Critical,No
S2016,Bangladesh,22.7147,86.1507,10.849,14.654,6.298,120.886,1.574,172.83,8.64,2.42,Critical,No
S2018,Bangladesh,25.4196,93.3066,6.751,9.818,4.083,91.866,1.578,128.66,6.43,1.84,Critical,No
S2020,Bangladesh,22.1456,89.4294,17.934,9.057,4.511,87.408,1.508,149.18,7.46,1.79,Critical,No
S2021,Bangladesh,25.1517,86.733,16.595,20.368,4.835,108.195,1.87,186.84,9.34,2.16,Critical,No
S2022,Bangladesh,24.0068,89.8876,4.66,20.696,5.818,77.152,1.45,149.36,7.47,2.07,Critical,No
S2024,Bangladesh,21.6574,86.7157,11.33,19.026,5.807,77.795,1.882,168.18,8.41,1.94,Critical,No
S2025,Bangladesh,26.8815,87.7308,15.483,15.747,3.314,89.005,0.912,138.4,6.92,1.78,Critical,No
S2026,Bangladesh,22.8982,88.7961,24.633,12.258,5.124,101.992,1.16,171.94,8.6,2.46,Critical,No
S2027,Bangladesh,27.4941,90.8187,5.569,23.805,5.35,41.307,1.193,134.8,6.74,2.38,Critical,No
S2028,Bangladesh,30.2551,83.1323,20.817,18.925,7.41,110.055,1.928,211.47,10.57,2.47,Critical,No
S2029,Bangladesh,23.45,86.7187,10.491,3.245,6.577,120.363,2.46,168.66,8.43,2.46,Critical,No
S2030,Bangladesh,26.4802,87.6036,13.088,17.077,3.807,87.942,1.253,145.95,7.3,1.76,Critical,No
S2031,Bangladesh,25.8756,92.4764,21.377,12.149,6.818,58.122,1.561,166.97,8.35,2.27,Critical,No
S2033,Bangladesh,26.8457,88.0706,14.196,14.87,2.551,26.847,2.011,126.1,6.3,2.01,Critical,No
S2034,Bangladesh,25.1764,83.7189,14.582,5.215,5.905,114.442,1.098,146.7,7.33,2.29,Critical,No
S2035,Bangladesh,29.0913,88.6546,21.84,14.785,3.577,70.738,2.396,173.31,8.67,2.4,Critical,No
S2036,Bangladesh,22.7801,91.8357,24.501,2.737,3.357,58.935,1.881,138.05,6.9,2.45,Critical,No
S2037,Bangladesh,24.8905,89.3601,19.353,24.26,2.893,113.621,1.422,180.4,9.02,2.43,Critical,No
S2039,Bangladesh,24.4217,91.0289,2.736,24.414,6.76,16.247,1.542,136.71,6.84,2.44,Critical,No
S2040,Bangladesh,25.5525,88.0724,14.195,9.665,3.896,74.184,0.206,107.49,5.37,1.48,Critical,No
S2041,Bangladesh,25.9932,93.68,12.981,8.713,4.565,80.772,2.285,151.83,7.59,2.29,Critical,No
S2042,Bangladesh,26.2847,91.2679,11.444,24.657,1.006,73.807,1.852,145.47,7.27,2.47,Critical,No
S2043,Bangladesh,26.706,88.6883,4.52,9.014,6.974,100.008,0.876,131.08,6.55,2.32,Critical,No
S2044,Bangladesh,23.0531,93.5024,18.494,21.425,6.14,103.407,1.018,182.49,9.12,2.14,Critical,No
S2045,Bangladesh,33.8902,85.6591,22.941,15.71,5.027,120.783,1.272,184.57,9.23,2.42,Critical,No
S2046,Bangladesh,28.3765,93.9836,17.949,8.571,1.822,69.247,0.441,101.71,5.09,1.79,Critical,No
S2047,Bangladesh,23.9244,89.5761,23.755,9.583,4.94,79.658,0.28,137.07,6.85,2.38,Critical,No
S2048,Bangladesh,25.9771,85.3169,14.137,20.183,5.585,61.678,1.094,152.42,7.62,2.02,Critical,No
S2050,Bangladesh,29.7838,90.0002,14.249,8.498,5.006,63.466,1.624,136.73,6.84,1.67,Critical,No
S2051,Bangladesh,26.2327,92.568,13.807,22.427,3.395,78.449,2.123,168.94,8.45,2.24,Critical,No
S2052,Bangladesh,25.9138,85.3304,12.815,19.631,5.805,108.871,2.132,189.78,9.49,2.18,Critical,No
S2053,Bangladesh,25.3369,91.8638,19.257,20.419,5.621,78.145,1.75,183.08,9.15,2.04,Critical,No
S2054,Bangladesh,23.4924,89.8784,14.507,4.349,3.886,74.399,0.87,110.78,5.54,1.49,Critical,No
S2055,Bangladesh,24.3822,86.0647,8.741,10.133,2.981,84.293,1.913,129.6,6.48,1.91,Critical,No
S2056,Bangladesh,22.457,88.9241,20.861,5.814,5.674,89.912,1.449,156.12,7.81,2.09,Critical,No
S2057,Bangladesh,26.8787,93.0893,11.411,9.309,3.589,63.843,2.014,131.18,6.56,2.01,Critical,No
S2058,Bangladesh,25.6816,87.1368,13.994,4.578,1.647,102.242,1.951,128.04,6.4,2.04,Critical,No
S2059,Bangladesh,27.8069,95.1098,19.319,12.568,4.675,71.228,1.227,147.97,7.4,1.93,Critical,No
S2060,Bangladesh,23.3352,95.1924,20.047,23.126,5.816,83.174,2.214,202.67,10.13,2.31,Critical,No
S2061,Bangladesh,27.8582,91.7009,17.229,14.031,2.685,71.661,2.304,155.16,7.76,2.3,Critical,No
S2063,Bangladesh,22.6644,90.0214,17.201,21.133,3.111,105.135,2.318,185.82,9.29,2.32,Critical,No
S2064,Bangladesh,25.5865,88.8931,3.766,2.016,3.834,116.626,1.741,118.59,5.93,2.33,Critical,No
S2065,Bangladesh,26.1215,88.2753,9.807,18.785,5.05,103.112,1.299,158.08,7.9,2.06,Critical,No
S2066,Bangladesh,23.0524,89.5724,14.316,9.79,2.431,56.761,1.373,114.58,5.73,1.43,Critical,No
S2067,Bangladesh,23.2665,88.932,8.144,18.066,5.722,90.57,1.482,156.43,7.82,1.91,Critical,No
S2071,Brazil,-10.3272,-54.6319,3.883,4.433,1.48,46.985,1.465,74.59,3.73,1.47,Moderate,Borderline
S2072,Brazil,-8.8491,-55.3584,3.458,14.122,1.552,69.748,0.367,80.75,4.04,1.41,Moderate,Borderline
S2073,Brazil,-10.2652,-60.7767,7.569,11.01,4.409,51.386,1.166,110.43,5.52,1.47,Critical,No
S2074,Brazil,-9.3169,-57.202,8.446,13.629,2.298,55.767,0.574,93.26,4.66,1.36,Moderate,Borderline
S2075,Brazil,-12.1516,-59.1794,6.649,6.047,1.079,65.205,0.377,66.21,3.31,1.3,Moderate,Borderline
S2076,Brazil,-9.6904,-57.1366,9.029,8.895,2.968,32.223,1.096,90.44,4.52,1.1,Moderate,Borderline
S2077,Brazil,-16.3122,-54.9082,12.918,11.733,2.317,65.857,1.404,119.17,5.96,1.4,Critical,No
S2078,Brazil,-14.4276,-54.4274,13.99,5.274,1.074,34.649,1.172,82.99,4.15,1.4,Moderate,Borderline
S2079,Brazil,-9.368,-53.0513,14.422,4.108,1.119,51.252,1.459,94.2,4.71,1.46,Moderate,Borderline
S2080,Brazil,-11.9783,-54.988,5.655,5.938,2.116,17.616,1.386,72.06,3.6,1.39,Moderate,Borderline
S2081,Brazil,-3.8214,-54.4374,3.806,3.649,3.011,68.238,0.934,80.96,4.05,1.36,Moderate,Borderline
S2082,Brazil,-9.4405,-54.3202,3.91,5.423,3.268,41.61,0.649,70.08,3.5,1.09,Moderate,Borderline
S2083,Brazil,-14.2774,-61.3509,13.927,4.241,1.907,47.254,1.138,90.71,4.54,1.39,Moderate,Borderline
S2084,Brazil,-8.3507,-54.5122,12.547,9.685,1.673,42.052,1.132,95.08,4.75,1.25,Moderate,Borderline
S2085,Brazil,-8.1675,-47.8213,3.212,3.865,1.462,18.286,0.781,46.84,2.34,0.78,Low,Yes
S2086,Brazil,-6.4325,-59.2368,9.428,10.152,2.599,31.664,1.443,98.01,4.9,1.44,Moderate,Borderline
S2087,Brazil,-9.6041,-60.9018,4.306,3.851,2.446,59.502,0.623,68.88,3.44,1.19,Moderate,Borderline
S2088,Brazil,-15.0897,-53.5664,7.663,13.877,3.981,45.961,0.586,99.72,4.99,1.39,Moderate,Borderline
S2089,Brazil,-8.2997,-56.6403,7.428,14.828,2.225,36.091,1.065,95.08,4.75,1.48,Moderate,Borderline
S2090,Brazil,-6.9813,-52.5433,9.761,12.069,3.995,44.166,1.044,108.84,5.44,1.33,Critical,No
S2091,Brazil,-2.849,-50.7283,13.681,7.267,1.649,42.377,0.55,80.84,4.04,1.37,Moderate,Borderline
S2092,Brazil,-7.2218,-55.011,10.409,13.265,1.498,69.052,1.022,105.4,5.27,1.38,Critical,No
S2093,Brazil,-9.7316,-55.9442,14.417,3.95,2.997,69.929,0.312,90.93,4.55,1.44,Moderate,Borderline
S2094,Brazil,-11.2989,-48.2246,7.164,10.53,1.09,60.184,0.305,72.83,3.64,1.2,Moderate,Borderline
S2095,Brazil,-9.88,-60.8511,7.524,6.69,3.891,71.09,1.348,109.76,5.49,1.42,Critical,No
S2096,Brazil,-6.935,-54.821,14.05,7.911,1.92,20.896,0.875,82.58,4.13,1.41,Moderate,Borderline
S2097,Brazil,-9.7379,-53.0792,11.011,4.355,1.417,42.868,1.442,86.17,4.31,1.44,Moderate,Borderline
S2098,Brazil,-7.3757,-55.9678,4.443,10.404,3.062,66.592,0.304,82.82,4.14,1.33,Moderate,Borderline
S2099,Brazil,-11.7031,-56.8838,14.4,4.844,1.033,47.068,0.934,82.88,4.14,1.44,Moderate,Borderline
S2100,Brazil,-7.71,-54.7947,11.702,6.175,4.242,55.047,0.797,101.99,5.1,1.41,Critical,No
S2101,Brazil,-12.7172,-50.0373,4.37,11.628,3.867,58.728,0.575,92.77,4.64,1.29,Moderate,Borderline
S2102,Brazil,-13.6036,-57.5132,3.578,7.869,3.143,67.953,1.488,100.79,5.04,1.49,Critical,No
S2103,Brazil,-10.42,-50.8684,11.684,13.123,2.575,62.103,0.879,109.2,5.46,1.31,Critical,No
S2104,Brazil,-8.3775,-62.0584,11.11,11.723,2.184,49.279,1.392,107.78,5.39,1.39,Critical,No
S2105,Brazil,-8.2446,-58.0518,7.976,3.291,2.149,63.405,1.257,87.36,4.37,1.27,Moderate,Borderline
S2106,Brazil,-20.0047,-56.9391,9.954,5.633,2.794,15.663,0.871,73.49,3.67,1.0,Moderate,Borderline
S2107,Brazil,-6.2469,-58.5187,10.66,7.57,0.926,30.136,1.06,75.89,3.79,1.07,Moderate,Borderline
S2108,Brazil,-6.2218,-52.828,6.859,8.876,4.305,71.733,0.669,102.24,5.11,1.43,Critical,No
S2109,Brazil,-8.8534,-51.2166,14.706,8.731,3.689,61.088,0.897,113.84,5.69,1.47,Critical,No
S2110,Brazil,-11.9747,-52.557,4.467,8.102,4.297,45.045,1.062,93.04,4.65,1.43,Moderate,Borderline
S2111,Brazil,-12.8649,-54.0319,7.684,11.483,4.399,25.081,0.793,93.55,4.68,1.47,Moderate,Borderline
S2112,Brazil,-10.6522,-56.025,7.521,9.488,1.73,28.654,1.233,81.67,4.08,1.23,Moderate,Borderline
S2113,Brazil,-10.2116,-54.4451,11.256,6.097,4.241,55.374,1.263,110.39,5.52,1.41,Critical,No
S2114,Brazil,-9.6363,-56.664,9.331,6.516,1.845,49.801,1.148,86.87,4.34,1.15,Moderate,Borderline
S2115,Brazil,-9.7929,-56.4343,5.046,4.684,3.143,33.652,0.829,70.45,3.52,1.05,Moderate,Borderline
S2116,Brazil,-5.8682,-58.8996,8.641,14.562,2.169,59.417,0.609,96.81,4.84,1.46,Moderate,Borderline
S2117,Brazil,-1.1444,-53.5255,6.949,8.661,1.905,15.36,0.559,61.24,3.06,0.87,Moderate,Borderline
S2118,Brazil,-6.9661,-52.7599,6.362,7.897,1.035,29.224,1.235,71.81,3.59,1.24,Moderate,Borderline
S2119,Brazil,-13.8669,-53.6071,6.089,12.802,1.653,35.049,1.097,84.76,4.24,1.28,Moderate,Borderline
S2120,Brazil,-14.4948,-47.98,13.797,5.637,3.569,24.544,1.039,93.26,4.66,1.38,Moderate,Borderline
S2121,Brazil,-10.3666,-51.7729,11.692,12.845,1.39,57.35,1.404,109.36,5.47,1.4,Critical,No
S2122,Brazil,-13.8532,-54.0625,4.523,6.117,1.273,45.804,0.384,55.77,2.79,0.92,Low,Yes
S2123,Brazil,-10.9608,-59.4227,8.687,9.785,3.44,17.834,0.397,74.95,3.75,1.15,Moderate,Borderline
S2124,Brazil,-10.3503,-57.0017,3.502,11.953,1.703,71.353,0.884,88.48,4.42,1.43,Moderate,Borderline
S2125,Brazil,-5.5903,-55.8437,11.558,10.288,4.267,40.336,1.27,113.67,5.68,1.42,Critical,No
S2126,Brazil,-6.7444,-56.1537,6.114,6.471,3.34,27.763,0.575,70.04,3.5,1.11,Moderate,Borderline
S2127,Brazil,-6.7602,-58.526,13.673,11.095,3.88,47.614,0.383,102.11,5.11,1.37,Critical,No
S2128,Brazil,-9.6246,-57.7575,6.934,5.647,2.579,54.99,0.762,79.59,3.98,1.1,Moderate,Borderline
S2129,Brazil,-8.1033,-52.5943,11.819,14.822,1.963,53.684,1.327,114.38,5.72,1.48,Critical,No
S2130,Brazil,-5.8679,-53.8649,7.973,10.086,1.1,74.146,1.26,98.31,4.92,1.48,Moderate,Borderline
S2131,Brazil,-8.8074,-52.7362,5.233,3.372,4.013,38.78,0.617,71.82,3.59,1.34,Moderate,Borderline
S2132,Brazil,-15.9973,-50.3241,10.82,8.806,3.41,66.205,0.535,99.17,4.96,1.32,Moderate,Borderline
S2133,Brazil,-12.0958,-60.6577,14.545,7.384,2.272,54.208,0.803,96.75,4.84,1.45,Moderate,Borderline
S2134,Brazil,-3.3602,-54.385,3.696,11.349,3.446,36.552,0.564,78.96,3.95,1.15,Moderate,Borderline
S2135,Brazil,-10.4312,-52.5582,10.844,3.4,2.391,64.036,0.765,85.34,4.27,1.28,Moderate,Borderline
S2136,Brazil,-13.9359,-53.6006,7.998,14.132,2.939,69.116,1.382,119.14,5.96,1.41,Critical,No
S2137,Brazil,-10.4836,-56.4233,10.45,7.828,0.992,43.589,0.831,77.22,3.86,1.04,Moderate,Borderline
S2138,Brazil,-12.4408,-52.1554,5.61,6.071,1.993,50.95,0.866,74.35,3.72,1.02,Moderate,Borderline
S2139,Brazil,-13.4495,-59.4765,7.451,14.669,1.739,64.084,1.15,104.47,5.22,1.47,Critical,No
S2140,Brazil,-7.6334,-51.6737,7.864,9.662,1.812,17.129,1.303,80.04,4.0,1.3,Moderate,Borderline
S2141,Brazil,-7.9291,-52.5349,5.141,8.062,2.422,60.598,1.305,92.89,4.64,1.3,Moderate,Borderline
S2142,Brazil,-9.5898,-57.6397,12.141,12.434,1.433,46.53,1.329,103.9,5.19,1.33,Critical,No
S2143,Brazil,-12.2127,-60.3627,12.652,4.072,3.994,33.669,0.302,79.58,3.98,1.33,Moderate,Borderline
S2144,Brazil,-10.749,-55.4851,4.109,11.314,1.67,71.085,0.92,88.81,4.44,1.42,Moderate,Borderline
S2145,Brazil,-17.0177,-59.261,11.311,8.427,1.363,67.81,0.814,91.97,4.6,1.36,Moderate,Borderline
S2146,Brazil,-9.8361,-57.3779,10.768,6.307,3.781,55.187,1.08,103.03,5.15,1.26,Critical,No
S2147,Brazil,-8.4952,-55.2579,6.29,9.932,2.013,59.688,0.357,76.88,3.84,1.19,Moderate,Borderline
S2148,Brazil,-15.7287,-57.371,10.29,11.423,1.624,26.126,1.45,93.7,4.69,1.45,Moderate,Borderline
S2149,Brazil,-15.2182,-50.742,12.617,9.302,1.77,27.404,0.776,82.12,4.11,1.26,Moderate,Borderline
S2150,Brazil,-9.107,-55.6393,4.461,10.556,1.669,51.352,0.76,76.9,3.85,1.06,Moderate,Borderline
S2151,Brazil,-9.4474,-57.669,11.197,11.163,3.193,45.013,0.923,102.47,5.12,1.12,Critical,No
S2152,Brazil,-5.7388,-51.9621,10.859,10.043,1.461,27.637,0.612,74.84,3.74,1.09,Moderate,Borderline
S2153,Brazil,-9.6352,-54.4098,9.634,6.025,1.299,68.926,1.371,94.97,4.75,1.38,Moderate,Borderline
S2154,Brazil,-9.4771,-55.685,8.36,6.888,3.561,51.86,1.236,99.7,4.99,1.24,Moderate,Borderline
S2155,Brazil,-10.6548,-56.5365,6.832,6.957,2.709,31.981,0.833,75.09,3.75,0.9,Moderate,Borderline
S2156,Brazil,-5.8928,-57.308,10.242,10.844,1.658,34.53,0.325,73.54,3.68,1.08,Moderate,Borderline
S2157,Brazil,-10.9291,-56.5486,3.786,10.232,4.493,21.049,1.285,92.11,4.61,1.5,Moderate,Borderline
S2158,Brazil,-8.9616,-57.3296,10.718,13.833,1.31,33.927,0.409,79.59,3.98,1.38,Moderate,Borderline
S2159,Brazil,-7.5874,-55.5429,12.378,11.675,2.819,68.009,0.839,110.88,5.54,1.36,Critical,No
S2160,Brazil,-9.3112,-55.7147,6.356,3.644,1.354,51.544,1.028,70.2,3.51,1.03,Moderate,Borderline
S2161,Brazil,-7.3434,-57.8043,12.284,14.046,3.006,61.765,1.204,121.49,6.07,1.4,Critical,No
S2162,Brazil,-12.5786,-58.2909,8.742,3.228,1.971,43.433,0.43,63.05,3.15,0.87,Moderate,Borderline
S2163,Brazil,-10.3143,-58.1949,11.772,13.005,2.867,43.485,0.761,101.28,5.06,1.3,Critical,No
S2164,Brazil,-11.1614,-56.0089,12.503,8.58,3.745,57.245,0.533,100.69,5.03,1.25,Critical,No
S2165,Brazil,-18.6982,-53.3985,8.086,9.511,4.435,63.774,1.384,117.95,5.9,1.48,Critical,No
S2166,Brazil,-10.6305,-56.1057,8.303,10.705,2.703,69.191,1.428,112.27,5.61,1.43,Critical,No
S2167,Brazil,-9.3122,-55.6558,8.781,8.44,3.726,20.588,1.359,94.7,4.73,1.36,Moderate,Borderline
S2168,Brazil,-7.6024,-53.9083,14.934,9.216,1.236,24.991,0.688,80.3,4.01,1.49,Moderate,Borderline
S2169,Brazil,-12.6156,-53.3774,8.713,8.603,2.673,47.141,0.337,78.05,3.9,0.94,Moderate,Borderline
S2170,Brazil,-10.4084,-49.0595,12.492,12.784,1.73,17.905,1.144,92.13,4.61,1.28,Moderate,Borderline
S2171,Brazil,-10.132,-53.8179,6.115,4.88,1.935,34.675,0.809,64.94,3.25,0.81,Moderate,Borderline
S2172,Brazil,-13.8276,-52.3777,3.612,7.479,3.98,44.901,1.458,95.84,4.79,1.46,Moderate,Borderline
S2173,Brazil,-15.3738,-54.9132,5.32,11.334,2.831,51.24,1.206,96.8,4.84,1.21,Moderate,Borderline
S2174,Brazil,-9.5457,-50.7968,7.701,9.45,3.105,23.97,0.801,80.61,4.03,1.03,Moderate,Borderline
S2175,Brazil,-13.6356,-58.9958,4.096,4.918,1.483,37.393,1.373,70.33,3.52,1.37,Moderate,Borderline
S2176,Brazil,-11.1539,-59.0475,6.739,12.449,1.08,26.793,0.553,67.35,3.37,1.24,Moderate,Borderline
S2177,Brazil,-9.9463,-54.6257,4.667,6.266,1.504,22.476,1.257,66.02,3.3,1.26,Moderate,Borderline
S2178,Brazil,-3.0652,-55.2245,6.975,9.644,1.827,33.482,1.083,80.47,4.02,1.08,Moderate,Borderline
S2179,Brazil,-8.9477,-58.1387,13.227,4.445,4.131,19.767,0.719,85.17,4.26,1.38,Moderate,Borderline
S2180,Brazil,-6.6592,-48.7862,4.157,12.587,4.403,25.874,1.374,100.67,5.03,1.47,Critical,No
S2181,Brazil,-7.8656,-54.7218,5.113,12.504,1.115,67.992,1.109,92.04,4.6,1.36,Moderate,Borderline
S2182,Brazil,-13.4936,-56.4644,12.798,10.239,2.197,41.63,1.292,103.21,5.16,1.29,Critical,No
S2183,Brazil,-11.9818,-55.7779,13.935,7.648,2.154,27.264,1.377,95.97,4.8,1.39,Moderate,Borderline
S2184,Brazil,-8.2166,-58.6862,13.569,3.419,3.884,39.636,1.09,97.52,4.88,1.36,Moderate,Borderline
S2185,Brazil,-5.6151,-57.8616,6.052,3.263,4.312,15.982,1.289,79.55,3.98,1.44,Moderate,Borderline
S2186,Brazil,-11.1189,-58.4347,12.87,5.471,4.017,44.866,0.739,96.19,4.81,1.34,Moderate,Borderline
S2187,Brazil,-13.7246,-51.1855,7.167,11.802,2.015,27.046,1.269,87.57,4.38,1.27,Moderate,Borderline
S2188,Brazil,-10.0333,-50.7871,9.32,11.353,2.733,40.022,1.494,105.45,5.27,1.49,Critical,No
S2189,Brazil,-9.141,-58.2642,13.63,11.247,4.071,35.18,0.626,103.49,5.17,1.36,Critical,No
S2190,Brazil,-10.9635,-51.8038,11.516,4.773,3.621,47.939,0.622,88.33,4.42,1.21,Moderate,Borderline
S2191,Brazil,-4.212,-55.1615,3.143,10.65,2.85,28.217,1.204,81.95,4.1,1.2,Moderate,Borderline
S2192,Brazil,-13.2458,-57.8589,8.655,11.114,4.244,23.481,0.776,92.74,4.64,1.41,Moderate,Borderline
S2193,Brazil,-4.6326,-56.3557,6.866,13.132,2.825,71.616,0.395,95.38,4.77,1.43,Moderate,Borderline
S2194,Brazil,-5.2521,-54.7456,10.202,3.278,4.4,32.896,0.599,81.43,4.07,1.47,Moderate,Borderline
S2195,Brazil,-1.1663,-58.0048,12.195,7.719,2.484,47.098,0.773,90.69,4.53,1.22,Moderate,Borderline
S2196,Brazil,-11.8569,-56.3647,5.158,12.635,2.986,72.366,0.578,96.0,4.8,1.45,Moderate,Borderline
S2197,Brazil,-8.7173,-55.0386,12.917,11.743,1.58,61.164,0.717,98.66,4.93,1.29,Moderate,Borderline
S2198,Brazil,-2.9608,-53.0308,10.312,11.718,3.282,19.102,0.849,90.56,4.53,1.17,Moderate,Borderline
S2199,Brazil,-13.7617,-51.9756,6.757,4.495,2.407,74.21,0.642,81.07,4.05,1.48,Moderate,Borderline
S2200,Brazil,-4.9779,-54.3509,3.162,13.805,2.292,67.147,0.347,83.01,4.15,1.38,Moderate,Borderline
S2201,Brazil,-11.2955,-57.5865,7.146,13.174,0.94,53.467,0.458,77.45,3.87,1.32,Moderate,Borderline
S2202,Brazil,-8.4404,-53.1904,8.999,5.552,3.184,24.375,0.528,70.64,3.53,1.06,Moderate,Borderline
S2203,Brazil,-9.3509,-52.2737,9.462,14.981,2.871,40.207,1.391,111.93,5.6,1.5,Critical,No
S2204,Brazil,-10.9496,-55.6272,10.609,4.15,2.243,40.415,0.957,79.78,3.99,1.06,Moderate,Borderline
S2205,Brazil,-12.86,-55.9662,10.291,11.732,2.635,29.75,1.045,94.41,4.72,1.17,Moderate,Borderline
S2206,Brazil,-13.8246,-54.5445,7.868,8.222,4.437,65.957,1.181,111.76,5.59,1.48,Critical,No
S2207,Brazil,-9.0402,-53.4154,13.841,3.655,2.542,59.814,1.0,95.86,4.79,1.38,Moderate,Borderline
S2208,Brazil,-11.5037,-58.0622,6.813,6.136,2.135,45.891,1.326,85.01,4.25,1.33,Moderate,Borderline
S2209,Brazil,-7.8796,-53.4692,13.603,7.994,2.146,18.457,1.417,93.22,4.66,1.42,Moderate,Borderline
S2210,Brazil,-9.761,-55.4304,7.537,14.385,2.411,63.997,0.639,98.3,4.91,1.44,Moderate,Borderline
S2211,Brazil,-7.6816,-59.8764,14.976,9.211,4.271,62.175,1.255,126.82,6.34,1.5,Critical,No
S2212,Brazil,-16.0595,-58.4202,5.303,14.567,4.354,59.824,0.656,105.82,5.29,1.46,Critical,No
S2213,Brazil,-13.0858,-60.4977,12.984,4.087,2.175,72.121,1.139,100.27,5.01,1.44,Critical,No
S2214,Brazil,-7.5806,-52.6047,3.727,5.438,2.669,37.089,0.793,66.82,3.34,0.89,Moderate,Borderline
S2215,Brazil,-10.4148,-56.9761,13.091,4.74,2.897,55.71,0.575,88.76,4.44,1.31,Moderate,Borderline
S2216,Brazil,-7.3545,-54.9207,9.147,4.888,3.16,50.532,0.332,75.99,3.8,1.05,Moderate,Borderline
S2217,Brazil,-11.2243,-56.8513,8.449,7.461,4.106,51.727,1.351,106.9,5.35,1.37,Critical,No
S2218,Brazil,-12.6503,-54.8253,8.559,12.864,1.599,20.473,0.695,75.6,3.78,1.29,Moderate,Borderline
S2219,Brazil,-14.6726,-57.6795,4.623,6.01,3.356,38.156,1.059,80.08,4.0,1.12,Moderate,Borderline
S2220,Brazil,-3.0055,-49.8234,5.983,9.259,0.985,40.905,0.987,73.15,3.66,0.99,Moderate,Borderline
S2221,South Africa,-31.7181,22.7556,5.634,3.847,2.152,73.738,0.725,77.3,3.87,1.47,Moderate,Borderline
S2222,South Africa,-23.7655,23.3929,10.782,14.399,3.987,62.637,1.442,130.84,6.54,1.44,Critical,No
S2223,South Africa,-28.2544,20.9849,13.646,10.49,4.419,21.021,0.827,102.68,5.13,1.47,Critical,No
S2224,South Africa,-30.1826,25.7238,11.875,3.365,3.401,71.078,0.759,96.76,4.84,1.42,Moderate,Borderline
S2225,South Africa,-29.0465,26.6799,4.28,3.655,3.797,63.592,0.445,75.52,3.78,1.27,Moderate,Borderline
S2226,South Africa,-26.9976,22.8719,9.305,14.479,2.632,55.617,0.912,105.6,5.28,1.45,Critical,No
S2227,South Africa,-30.4137,26.8085,5.758,6.92,3.97,44.876,0.725,84.27,4.21,1.32,Moderate,Borderline
S2228,South Africa,-33.277,25.3955,3.064,6.367,3.078,57.701,1.292,88.3,4.42,1.29,Moderate,Borderline
S2229,South Africa,-30.4494,27.1818,11.886,3.896,1.107,22.488,0.838,64.7,3.23,1.19,Moderate,Borderline
S2230,South Africa,-32.0521,22.2193,10.775,7.302,2.907,39.744,0.503,81.49,4.07,1.08,Moderate,Borderline
S2231,South Africa,-29.5392,23.2819,12.549,7.077,2.294,63.971,0.567,91.47,4.57,1.28,Moderate,Borderline
S2232,South Africa,-29.9908,21.8695,10.754,10.196,3.47,18.405,0.814,88.68,4.43,1.16,Moderate,Borderline
S2233,South Africa,-27.6624,22.6416,13.473,6.376,1.243,30.206,0.425,68.57,3.43,1.35,Moderate,Borderline
S2234,South Africa,-28.7303,19.0974,14.684,7.792,1.692,25.008,0.508,76.4,3.82,1.47,Moderate,Borderline
S2235,South Africa,-28.2027,22.8934,3.732,14.969,2.782,47.656,0.729,89.59,4.48,1.5,Moderate,Borderline
S2237,South Africa,-32.0164,24.2708,5.231,5.274,3.397,39.395,1.238,84.17,4.21,1.24,Moderate,Borderline
S2238,South Africa,-32.6981,26.8307,9.755,11.915,3.179,51.001,1.188,108.69,5.43,1.19,Critical,No
S2239,South Africa,-29.997,24.9943,6.272,9.862,1.772,65.329,0.877,87.75,4.39,1.31,Moderate,Borderline
S2240,South Africa,-26.4832,26.7094,13.744,11.785,1.436,66.272,1.042,107.98,5.4,1.37,Critical,No
S2241,South Africa,-27.8387,25.5614,5.986,5.875,2.747,60.052,0.837,82.8,4.14,1.2,Moderate,Borderline
S2244,South Africa,-24.2958,24.9645,12.262,7.711,3.287,58.241,0.656,98.28,4.91,1.23,Moderate,Borderline
S2245,South Africa,-26.6166,29.046,3.707,12.814,2.938,65.873,1.469,108.36,5.42,1.47,Critical,No
S2246,South Africa,-27.7366,20.4796,3.457,12.254,1.302,39.641,1.281,81.58,4.08,1.28,Moderate,Borderline
S2247,South Africa,-31.5042,24.6816,11.082,14.627,3.259,28.462,0.726,99.05,4.95,1.46,Moderate,Borderline
S2249,South Africa,-32.8955,22.1871,9.464,4.848,3.819,19.14,0.413,70.0,3.5,1.27,Moderate,Borderline
S2250,South Africa,-32.4213,23.9997,8.708,7.796,3.499,72.18,1.204,109.29,5.46,1.44,Critical,No
S2252,South Africa,-27.8067,23.0826,12.29,6.556,3.354,57.232,0.975,102.44,5.12,1.23,Critical,No
S2253,South Africa,-25.7992,30.6759,3.982,11.043,2.591,41.307,1.332,90.49,4.52,1.33,Moderate,Borderline
S2254,South Africa,-27.3663,21.3034,4.42,10.222,4.444,32.51,1.318,98.27,4.91,1.48,Moderate,Borderline
S2255,South Africa,-26.712,21.3886,13.138,5.056,2.529,34.151,0.64,79.71,3.99,1.31,Moderate,Borderline
S2256,South Africa,-30.701,28.2285,7.069,10.242,1.69,28.794,0.924,75.89,3.79,1.02,Moderate,Borderline
S2258,South Africa,-26.8234,25.8894,7.905,14.186,4.151,27.488,0.611,95.07,4.75,1.42,Moderate,Borderline
S2259,South Africa,-31.465,23.4598,13.894,14.174,1.087,50.616,0.977,103.17,5.16,1.42,Critical,No
S2260,South Africa,-25.2234,21.0302,14.368,5.043,1.333,17.003,0.737,69.25,3.46,1.44,Moderate,Borderline
S2261,South Africa,-32.3999,19.3672,9.04,12.094,2.312,34.837,1.292,97.46,4.87,1.29,Moderate,Borderline
S2262,South Africa,-31.3001,26.7017,6.776,12.901,1.186,34.551,0.838,77.84,3.89,1.29,Moderate,Borderline
S2263,South Africa,-31.427,23.6049,8.098,12.054,3.925,73.754,0.389,103.75,5.19,1.48,Critical,No
S2264,South Africa,-27.9128,22.6958,9.487,6.932,1.64,31.829,0.815,72.8,3.64,0.95,Moderate,Borderline
S2265,South Africa,-30.7845,28.4902,11.878,11.058,1.668,35.344,0.916,89.45,4.47,1.19,Moderate,Borderline
S2266,South Africa,-28.013,31.3854,8.676,8.318,2.694,41.061,0.95,87.37,4.37,0.95,Moderate,Borderline
S2267,South Africa,-29.1348,27.5273,11.671,10.17,3.215,49.701,0.332,91.64,4.58,1.17,Moderate,Borderline
S2268,South Africa,-32.606,24.308,4.163,12.522,2.433,63.068,0.627,87.36,4.37,1.26,Moderate,Borderline
S2269,South Africa,-32.5797,22.4745,10.394,12.78,2.528,37.755,1.468,107.66,5.38,1.47,Critical,No
S2270,South Africa,-30.1077,21.9113,7.902,4.178,1.866,16.706,1.352,70.32,3.52,1.35,Moderate,Borderline
S2271,South Africa,-26.3805,26.2392,9.259,10.194,3.423,69.481,0.41,97.72,4.89,1.39,Moderate,Borderline
S2272,South Africa,-26.3251,22.0279,14.5,14.77,3.197,26.616,0.443,99.36,4.97,1.48,Moderate,Borderline
S2273,South Africa,-30.2826,26.908,5.338,14.207,1.276,58.774,1.05,92.11,4.61,1.42,Moderate,Borderline
S2274,South Africa,-30.7626,23.0502,4.799,10.254,2.618,15.257,1.471,83.08,4.15,1.47,Moderate,Borderline
S2275,South Africa,-33.8225,22.6221,5.669,4.906,4.497,32.707,0.787,79.95,4.0,1.5,Moderate,Borderline
S2276,South Africa,-28.9745,27.684,7.424,13.78,3.599,28.674,1.072,99.31,4.97,1.38,Moderate,Borderline
S2277,South Africa,-30.0206,27.4637,11.803,14.653,3.385,21.146,0.593,95.8,4.79,1.47,Moderate,Borderline
S2279,South Africa,-32.0765,24.4219,10.157,13.411,3.369,37.89,0.453,93.81,4.69,1.34,Moderate,Borderline
S2280,South Africa,-25.5697,22.8351,7.929,9.027,3.911,20.005,0.936,86.71,4.34,1.3,Moderate,Borderline
S2281,South Africa,-31.912,21.5938,10.733,3.327,3.038,32.007,1.103,83.24,4.16,1.1,Moderate,Borderline
S2282,South Africa,-28.7098,23.0389,10.748,14.655,4.18,31.998,0.333,98.13,4.91,1.47,Moderate,Borderline
S2283,South Africa,-26.7088,29.9699,3.329,4.472,3.005,69.71,1.388,91.28,4.56,1.39,Moderate,Borderline
S2284,South Africa,-31.0484,21.8344,3.518,8.631,3.611,62.398,0.899,91.31,4.57,1.25,Moderate,Borderline
S2285,South Africa,-30.7,22.6156,14.185,5.755,2.051,59.81,1.18,101.08,5.05,1.42,Critical,No
S2286,South Africa,-30.6238,27.2984,9.175,8.609,4.24,61.16,1.298,114.26,5.71,1.41,Critical,No
S2287,South Africa,-29.0522,23.8085,8.196,3.28,1.116,55.674,0.746,67.58,3.38,1.11,Moderate,Borderline
S2288,South Africa,-28.8112,26.868,3.26,11.243,1.592,40.355,1.05,76.76,3.84,1.12,Moderate,Borderline
S2289,South Africa,-30.3759,28.1917,12.702,12.396,2.392,45.059,1.141,106.99,5.35,1.27,Critical,No
S2290,South Africa,-32.2583,27.4316,14.774,5.153,4.191,34.468,1.216,105.9,5.3,1.48,Critical,No
S2291,South Africa,-24.9515,24.0687,4.869,6.234,1.259,66.909,0.656,70.48,3.52,1.34,Moderate,Borderline
S2292,South Africa,-27.2449,26.6732,13.817,4.276,4.115,26.835,1.184,98.03,4.9,1.38,Moderate,Borderline
S2293,South Africa,-30.1325,20.426,8.04,14.023,2.195,71.219,0.851,104.27,5.21,1.42,Critical,No
S2294,South Africa,-33.236,25.7802,6.571,10.483,3.514,17.351,0.937,83.22,4.16,1.17,Moderate,Borderline
S2295,South Africa,-32.3693,25.3674,9.008,11.566,1.092,60.616,0.992,92.51,4.63,1.21,Moderate,Borderline
S2296,South Africa,-31.4283,26.6881,12.999,4.135,2.354,26.969,1.351,87.77,4.39,1.35,Moderate,Borderline
S2297,South Africa,-28.9203,22.0444,10.966,14.303,4.327,54.534,0.307,107.34,5.37,1.44,Critical,No
S2298,South Africa,-29.3746,18.2901,8.99,10.24,4.358,68.112,0.431,103.38,5.17,1.45,Critical,No
S2299,South Africa,-27.7741,23.4362,12.892,6.304,3.53,55.322,0.868,101.41,5.07,1.29,Critical,No
S2300,South Africa,-29.3262,24.4824,11.134,5.028,3.437,59.486,1.364,106.31,5.32,1.36,Critical,No
S2301,South Africa,-29.0445,21.7107,10.886,8.027,2.61,68.455,1.074,104.09,5.2,1.37,Critical,No
S2302,South Africa,-33.2677,24.9736,3.088,4.5,4.342,60.845,1.461,97.68,4.88,1.46,Moderate,Borderline
S2303,South Africa,-29.864,24.6496,3.532,12.385,2.271,20.746,0.982,74.91,3.75,1.24,Moderate,Borderline
S2304,South Africa,-27.2476,21.2074,10.898,11.46,4.473,38.202,0.858,106.98,5.35,1.49,Critical,No
S2305,South Africa,-28.9822,28.9561,3.447,13.117,1.085,25.249,0.422,58.9,2.95,1.31,Low,Yes
S2306,South Africa,-30.2533,23.0418,6.034,4.518,3.271,28.567,0.323,60.8,3.04,1.09,Moderate,Borderline
S2309,South Africa,-28.1148,25.7146,14.359,5.014,1.843,63.698,0.922,94.95,4.75,1.44,Moderate,Borderline
S2310,South Africa,-24.6319,23.803,10.223,14.649,3.002,42.958,0.951,105.96,5.3,1.46,Critical,No
S2311,South Africa,-28.6659,28.6532,10.765,14.657,3.126,37.817,1.13,109.41,5.47,1.47,Critical,No
S2312,South Africa,-24.9789,24.3247,8.988,12.355,2.523,73.999,0.651,102.13,5.11,1.48,Critical,No
S2313,South Africa,-30.4413,22.4282,9.501,7.189,1.772,55.324,0.753,82.38,4.12,1.11,Moderate,Borderline
S2314,South Africa,-26.227,26.7761,12.132,7.504,2.944,41.979,1.345,102.59,5.13,1.34,Critical,No
S2315,South Africa,-31.0211,27.475,4.101,5.011,2.221,48.855,1.088,74.33,3.72,1.09,Moderate,Borderline
S2316,South Africa,-26.3536,21.329,14.253,10.824,1.471,49.78,0.95,98.87,4.94,1.43,Moderate,Borderline
S2317,South Africa,-31.0626,27.6313,8.075,10.184,2.788,58.141,0.348,85.32,4.27,1.16,Moderate,Borderline
S2318,South Africa,-33.0458,25.5113,6.783,10.94,1.467,33.531,1.144,81.52,4.08,1.14,Moderate,Borderline
S2319,South Africa,-32.0855,25.769,9.927,4.767,1.808,42.553,0.431,67.08,3.35,0.99,Moderate,Borderline
S2320,South Africa,-28.2755,26.4708,14.934,8.144,4.047,72.452,0.507,112.26,5.61,1.49,Critical,No
S2321,South Africa,-32.1339,24.9003,10.449,9.977,1.635,62.874,0.345,83.8,4.19,1.26,Moderate,Borderline
S2322,South Africa,-31.8352,25.6833,6.015,11.663,1.909,45.67,1.398,94.31,4.72,1.4,Moderate,Borderline
S2323,South Africa,-26.2238,26.7732,7.712,4.942,2.462,61.313,1.237,90.99,4.55,1.24,Moderate,Borderline
S2324,South Africa,-31.8996,23.4252,14.047,3.528,3.545,17.785,1.305,92.0,4.6,1.4,Moderate,Borderline
S2325,South Africa,-30.8407,26.6824,3.887,8.768,1.974,40.028,1.098,76.44,3.82,1.1,Moderate,Borderline
S2326,South Africa,-31.7505,21.4491,12.391,10.725,2.075,54.858,1.218,106.37,5.32,1.24,Critical,No
S2328,South Africa,-26.291,25.9846,7.676,5.376,3.015,64.578,0.359,79.22,3.96,1.29,Moderate,Borderline
S2329,South Africa,-24.8806,28.4666,10.228,10.8,3.173,22.824,0.582,83.98,4.2,1.08,Moderate,Borderline
S2330,South Africa,-30.469,25.1157,10.617,10.985,1.761,50.888,0.941,94.12,4.71,1.1,Moderate,Borderline
S2331,South Africa,-30.7812,19.9512,13.915,8.119,3.167,17.121,0.393,79.89,3.99,1.39,Moderate,Borderline
S2332,South Africa,-33.6251,23.0072,11.968,5.04,1.787,40.856,0.698,76.23,3.81,1.2,Moderate,Borderline
S2334,South Africa,-24.2506,27.7415,9.686,12.427,2.884,21.665,1.271,97.54,4.88,1.27,Moderate,Borderline
S2335,South Africa,-27.9639,26.6565,5.285,6.259,1.965,45.485,0.461,63.6,3.18,0.91,Moderate,Borderline
S2336,South Africa,-33.5335,23.7258,6.177,11.477,3.977,16.374,0.979,87.95,4.4,1.33,Moderate,Borderline
S2337,South Africa,-26.8959,27.7019,12.768,8.691,3.995,25.01,0.6,91.56,4.58,1.33,Moderate,Borderline
S2338,South Africa,-29.0789,23.8685,5.744,4.866,3.143,19.625,0.354,57.1,2.86,1.05,Low,Yes
S2339,South Africa,-28.3007,30.3789,5.519,5.796,3.819,45.109,1.138,88.89,4.44,1.27,Moderate,Borderline
S2341,Australia,-25.6402,133.8106,3.113,2.251,1.56,26.192,0.679,45.18,2.26,0.68,Low,Yes
S2342,Australia,-25.2909,132.8635,4.907,6.074,0.352,30.861,0.118,39.01,1.95,0.62,Low,Yes
S2343,Australia,-27.2328,137.2703,2.972,6.203,0.482,5.789,0.283,29.54,1.48,0.62,Low,Yes
S2344,Australia,-24.3545,133.3802,5.099,2.85,1.393,16.519,0.677,45.33,2.27,0.68,Low,Yes
S2345,Australia,-25.6991,136.198,5.395,17.771,1.764,34.985,1.312,98.33,4.92,1.78,Moderate,Borderline
S2346,Australia,-27.1632,133.9325,3.933,2.296,2.041,11.403,0.503,40.69,2.03,0.68,Low,Yes
S2347,Australia,-20.9214,131.4183,6.429,1.314,0.434,6.905,0.35,28.14,1.41,0.64,Low,Yes
S2348,Australia,-27.7707,125.9212,5.279,4.287,0.937,19.715,0.436,41.98,2.1,0.53,Low,Yes
S2349,Australia,-26.382,124.2777,5.02,3.316,0.352,22.965,0.626,40.72,2.04,0.63,Low,Yes
S2350,Australia,-27.0746,133.0337,2.445,1.74,1.999,28.455,0.55,44.08,2.2,0.67,Low,Yes
S2351,Australia,-33.4362,135.5058,2.867,12.2,0.712,24.423,0.404,52.73,2.64,1.22,Low,Yes
S2352,Australia,-23.9893,137.7366,6.63,6.972,1.979,30.788,0.642,65.55,3.28,0.7,Moderate,Borderline
S2353,Australia,-28.4055,132.0675,3.004,2.397,1.318,33.072,0.572,44.26,2.21,0.66,Low,Yes
S2354,Australia,-26.5564,135.1968,2.259,5.161,1.141,21.671,0.373,38.58,1.93,0.52,Low,Yes
S2355,Australia,-18.4897,134.8531,6.744,6.302,3.32,22.39,0.579,68.76,3.44,1.11,Moderate,Borderline
S2356,Australia,-25.9512,129.813,4.99,2.602,2.065,20.71,0.424,45.71,2.29,0.69,Low,Yes
S2357,Australia,-29.3362,133.0422,6.422,5.086,0.812,29.784,1.624,72.82,3.64,1.62,Moderate,Borderline
S2358,Australia,-24.7791,130.6467,2.665,3.708,0.838,33.414,0.447,40.64,2.03,0.67,Low,Yes
S2359,Australia,-26.3734,134.0157,3.623,15.641,4.47,32.596,0.454,90.45,4.52,1.56,Moderate,Borderline
S2360,Australia,-20.6518,132.4653,1.964,4.939,1.228,11.493,0.475,36.09,1.8,0.49,Low,Yes
S2361,Australia,-26.5873,132.3469,5.823,1.368,0.346,14.688,0.664,35.84,1.79,0.66,Low,Yes
S2362,Australia,-29.9309,132.9279,1.001,1.49,0.536,34.982,0.354,29.63,1.48,0.7,Low,Yes
S2363,Australia,-25.3038,132.5162,1.96,14.701,0.923,8.572,0.461,52.12,2.61,1.47,Low,Yes
S2364,Australia,-23.9859,129.4361,5.672,1.155,1.528,5.401,0.137,28.74,1.44,0.57,Low,Yes
S2365,Australia,-22.748,132.4965,1.483,3.373,5.271,7.482,1.443,76.7,3.84,1.76,Moderate,Borderline
S2366,Australia,-27.8629,135.8973,5.197,5.2,0.457,24.219,0.38,41.13,2.06,0.52,Low,Yes
S2367,Australia,-23.3222,135.7527,1.146,10.934,1.956,14.362,0.393,50.8,2.54,1.09,Low,Yes
S2368,Australia,-25.9892,135.3575,5.193,4.0,0.582,7.106,0.65,38.11,1.91,0.65,Low,Yes
S2369,Australia,-26.628,131.775,13.882,5.778,0.638,32.638,0.533,67.29,3.36,1.39,Moderate,Borderline
S2370,Australia,-26.789,130.7193,4.199,4.252,1.622,27.513,1.517,69.06,3.45,1.52,Moderate,Borderline
S2371,Australia,-28.0924,131.9838,1.266,6.745,1.25,23.573,0.27,39.18,1.96,0.67,Low,Yes
S2372,Australia,-25.8555,129.8069,1.199,1.449,1.817,29.949,0.406,37.51,1.88,0.61,Low,Yes
S2373,Australia,-22.0999,137.5189,3.646,3.584,1.806,14.234,0.111,34.41,1.72,0.6,Low,Yes
S2374,Australia,-27.8461,127.9333,6.447,4.397,1.198,21.762,0.119,40.76,2.04,0.64,Low,Yes
S2375,Australia,-26.6405,133.2604,4.659,16.247,1.238,33.961,0.425,72.15,3.61,1.62,Moderate,Borderline
S2376,Australia,-17.2384,137.081,1.537,4.807,0.463,24.503,1.268,50.94,2.55,1.27,Low,Yes
S2377,Australia,-23.6939,134.6509,4.869,5.256,2.063,23.041,0.641,56.04,2.8,0.69,Low,Yes
S2378,Australia,-25.977,130.8924,5.955,2.014,1.208,15.863,0.291,36.16,1.81,0.6,Low,Yes
S2379,Australia,-21.7558,130.0282,4.945,1.671,1.517,30.284,0.223,39.92,2.0,0.61,Low,Yes
S2380,Australia,-28.8809,131.9155,5.513,12.673,1.427,21.382,0.58,66.04,3.3,1.27,Moderate,Borderline
S2381,Australia,-23.9415,140.2549,6.283,2.584,1.775,15.437,0.656,48.86,2.44,0.66,Low,Yes
S2382,Australia,-24.3759,125.6231,1.649,5.917,0.935,67.803,0.259,53.67,2.68,1.36,Low,Yes
S2383,Australia,-25.5598,130.4463,3.441,2.293,0.542,22.79,0.36,31.4,1.57,0.46,Low,Yes
S2384,Australia,-23.5671,129.0408,6.727,6.299,1.985,16.392,0.531,56.46,2.82,0.67,Low,Yes
S2385,Australia,-17.4891,126.3784,1.18,3.076,1.305,26.511,1.573,59.28,2.96,1.57,Low,Yes
S2386,Australia,-24.1278,131.4887,4.163,11.788,1.41,16.433,0.411,56.1,2.8,1.18,Low,Yes
S2387,Australia,-22.0007,132.3639,11.784,3.704,0.696,14.557,0.111,43.66,2.18,1.18,Low,Yes
S2388,Australia,-26.8212,134.7272,6.599,5.153,1.634,30.928,0.21,50.97,2.55,0.66,Low,Yes
S2389,Australia,-20.9332,135.3772,16.733,6.765,3.57,25.998,0.156,84.32,4.22,1.67,Moderate,Borderline
S2390,Australia,-28.2594,135.85,4.419,6.026,1.646,11.391,1.226,60.94,3.05,1.23,Moderate,Borderline
S2391,Australia,-21.1295,136.9831,1.441,4.417,1.052,5.278,0.185,24.54,1.23,0.44,Low,Yes
S2392,Australia,-25.3504,134.3029,4.163,1.285,1.798,16.189,0.554,40.44,2.02,0.6,Low,Yes
S2393,Australia,-26.0061,131.4112,13.829,5.44,0.429,52.394,0.322,68.8,3.44,1.38,Moderate,Borderline
S2394,Australia,-24.6137,135.0647,2.724,3.25,0.727,6.556,0.225,23.92,1.2,0.33,Low,Yes
S2395,Australia,-22.1748,134.5848,5.295,11.34,1.046,17.542,0.19,51.06,2.55,1.13,Low,Yes
S2396,Australia,-25.518,135.0526,1.26,2.747,0.884,29.565,0.293,31.59,1.58,0.59,Low,Yes
S2397,Australia,-25.6944,133.2028,4.974,6.835,0.608,19.567,0.519,45.88,2.29,0.68,Low,Yes
S2398,Australia,-24.7726,132.2713,4.81,3.094,0.55,5.825,0.17,25.2,1.26,0.48,Low,Yes
S2399,Australia,-29.0727,138.082,2.732,1.41,3.848,10.845,0.593,50.14,2.51,1.28,Low,Yes
S2400,Australia,-22.9541,136.2753,2.959,3.667,1.933,31.407,0.148,41.66,2.08,0.64,Low,Yes
S2401,Australia,-24.2866,132.2349,6.175,1.625,1.764,63.238,0.118,55.02,2.75,1.26,Low,Yes
S2402,Australia,-18.2824,132.5981,3.469,2.333,1.552,52.542,0.474,52.45,2.62,1.05,Low,Yes
S2403,Australia,-21.2612,132.2557,4.023,1.968,1.337,24.467,0.587,42.42,2.12,0.59,Low,Yes
S2404,Australia,-20.4498,134.9737,1.34,5.532,1.368,10.943,0.514,37.52,1.88,0.55,Low,Yes
S2405,Australia,-23.8112,135.9417,5.999,1.524,0.623,16.84,0.293,31.8,1.59,0.6,Low,Yes
S2406,Australia,-20.3133,132.5273,6.173,3.499,4.622,24.464,0.47,69.34,3.47,1.54,Moderate,Borderline
S2407,Australia,-23.911,136.0222,5.846,11.412,0.467,18.786,0.623,57.6,2.88,1.14,Low,Yes
S2408,Australia,-27.3488,134.1546,5.807,3.125,0.567,5.644,0.526,34.42,1.72,0.58,Low,Yes
S2409,Australia,-26.063,139.6289,5.049,6.799,1.73,22.225,0.199,48.1,2.4,0.68,Low,Yes
S2410,Australia,-23.6056,136.6951,12.617,3.524,1.973,20.566,0.694,67.54,3.38,1.26,Moderate,Borderline
S2411,Australia,-28.8193,133.1614,4.335,4.818,1.715,61.435,0.156,57.43,2.87,1.23,Low,Yes
S2412,Australia,-21.9835,135.5021,1.357,2.729,0.952,24.035,0.373,31.59,1.58,0.48,Low,Yes
S2413,Australia,-26.0845,131.7763,1.639,4.314,1.728,22.275,0.594,44.22,2.21,0.59,Low,Yes
S2414,Australia,-19.4308,135.281,5.476,2.203,1.831,34.397,0.35,48.32,2.42,0.69,Low,Yes
S2415,Australia,-25.5292,134.061,3.825,4.128,0.847,80.257,0.253,58.72,2.94,1.61,Low,Yes
S2416,Australia,-20.2439,135.3392,17.27,5.384,3.814,20.676,0.225,83.51,4.18,1.73,Moderate,Borderline
S2417,Australia,-22.963,127.9045,2.629,2.245,3.068,19.134,0.451,46.87,2.34,1.02,Low,Yes
S2418,Australia,-23.7962,133.4109,4.172,5.518,0.685,32.166,0.288,42.57,2.13,0.64,Low,Yes
S2419,Australia,-29.2016,137.4942,5.751,2.058,1.319,18.711,0.287,37.64,1.88,0.58,Low,Yes
S2420,Australia,-26.5006,129.181,6.145,5.861,0.362,27.376,0.492,47.22,2.36,0.61,Low,Yes
S2421,Australia,-26.0326,126.6236,3.423,2.92,0.958,25.921,0.629,42.02,2.1,0.63,Low,Yes
S2422,Australia,-20.1033,132.1121,6.499,3.667,0.945,32.135,0.246,44.41,2.22,0.65,Low,Yes
S2423,Australia,-22.9461,132.2683,6.994,15.58,1.001,23.201,1.57,92.5,4.63,1.57,Moderate,Borderline
S2424,Australia,-20.1558,130.9571,12.283,2.135,1.611,19.242,0.448,56.23,2.81,1.23,Low,Yes
S2425,Australia,-21.9921,128.0679,5.949,5.264,0.521,11.788,0.126,33.13,1.66,0.59,Low,Yes
S2426,Australia,-17.3873,134.7971,5.379,6.051,1.198,63.044,0.152,59.1,2.96,1.26,Low,Yes
S2427,Australia,-23.0972,129.2061,2.706,2.262,0.499,30.213,0.14,28.15,1.41,0.6,Low,Yes
S2428,Australia,-24.5397,129.4011,2.645,4.455,0.553,16.61,0.162,27.77,1.39,0.45,Low,Yes
S2429,Australia,-31.0548,128.9067,16.782,2.958,2.006,16.914,0.66,72.82,3.64,1.68,Moderate,Borderline
S2430,Australia,-27.4669,138.5217,6.07,2.699,4.938,8.685,0.302,59.97,3.0,1.65,Low,Yes
S2431,Australia,-24.5789,132.9808,3.45,4.682,3.055,17.935,0.211,48.02,2.4,1.02,Low,Yes
S2432,Australia,-26.1787,133.2185,6.778,3.7,1.611,8.971,0.535,45.98,2.3,0.68,Low,Yes
S2433,Australia,-25.0054,129.5932,5.817,2.659,0.566,33.65,0.137,36.93,1.85,0.67,Low,Yes
S2434,Australia,-22.2047,134.3885,2.402,1.067,1.919,8.832,0.345,30.16,1.51,0.64,Low,Yes
S2435,Australia,-24.1001,140.268,4.552,3.866,0.459,13.869,0.444,34.32,1.72,0.46,Low,Yes
S2436,Australia,-25.9877,136.1553,16.316,2.557,3.372,34.57,0.165,77.35,3.87,1.63,Moderate,Borderline
S2437,Australia,-25.1261,132.9483,4.069,4.116,1.074,6.86,0.282,31.91,1.6,0.41,Low,Yes
S2438,Australia,-20.5875,138.2095,4.784,2.714,1.273,14.909,0.156,32.57,1.63,0.48,Low,Yes
S2439,Australia,-24.1455,131.8001,3.209,1.445,0.904,34.566,0.478,38.72,1.94,0.69,Low,Yes
S2440,Australia,-25.8528,132.1128,6.936,1.755,0.783,15.066,0.2,32.63,1.63,0.69,Low,Yes
S2441,Australia,-23.1191,130.7944,3.097,2.748,1.82,12.267,0.217,33.07,1.65,0.61,Low,Yes
S2442,Australia,-24.3031,130.6472,4.08,4.895,0.691,19.763,0.675,43.96,2.2,0.68,Low,Yes
S2443,Australia,-22.2655,127.9873,2.663,5.338,0.734,16.486,0.303,33.55,1.68,0.53,Low,Yes
S2444,Australia,-26.4813,135.9272,2.402,6.344,0.348,73.801,0.453,58.39,2.92,1.48,Low,Yes
S2445,Australia,-26.3413,137.6645,5.061,2.491,1.626,89.519,0.474,71.23,3.56,1.79,Moderate,Borderline
S2446,Australia,-25.8861,130.7778,1.804,6.282,0.636,22.645,0.517,39.81,1.99,0.63,Low,Yes
S2447,Australia,-25.897,132.817,4.661,6.519,1.018,63.076,0.666,67.7,3.38,1.26,Moderate,Borderline
S2448,Australia,-29.2866,133.4731,6.0,2.49,0.585,23.061,0.673,43.56,2.18,0.67,Low,Yes
S2450,Australia,-24.0298,133.1503,6.947,3.671,1.396,25.681,0.304,46.9,2.34,0.69,Low,Yes
S2451,Australia,-26.0842,135.0232,1.518,4.336,0.561,18.149,0.277,28.25,1.41,0.43,Low,Yes
S2452,Australia,-30.312,130.8414,11.877,5.851,0.501,25.801,0.374,56.6,2.83,1.19,Low,Yes
S2453,Australia,-26.3901,130.6702,4.481,3.181,1.142,27.548,0.452,43.0,2.15,0.55,Low,Yes
S2454,Australia,-27.3936,134.5447,2.542,6.336,2.038,18.805,0.46,48.06,2.4,0.68,Low,Yes
S2455,Australia,-23.608,135.7927,4.849,3.302,1.959,26.873,0.195,44.01,2.2,0.65,Low,Yes
S2456,Australia,-25.5808,128.8426,6.237,1.183,0.896,17.171,0.102,29.72,1.49,0.62,Low,Yes
S2457,Australia,-26.116,128.7395,6.832,1.648,1.614,27.825,0.206,42.97,2.15,0.68,Low,Yes
S2458,Australia,-21.4443,137.8423,17.722,1.911,1.682,10.444,0.441,63.48,3.17,1.77,Moderate,Borderline
S2459,Australia,-25.67,134.3037,4.968,3.354,0.705,9.603,0.414,33.47,1.67,0.5,Low,Yes
S2460,Australia,-26.2384,132.1064,2.216,1.544,1.192,33.519,0.2,32.87,1.64,0.67,Low,Yes
S2461,Australia,-25.0233,128.1629,2.749,5.016,1.578,8.477,0.219,33.82,1.69,0.53,Low,Yes
S2462,Australia,-31.0686,133.9493,5.537,6.872,0.404,21.879,0.399,44.24,2.21,0.69,Low,Yes
S2463,Australia,-29.1523,130.6006,6.677,1.381,1.843,28.363,0.594,51.63,2.58,0.67,Low,Yes
S2464,Australia,-25.9488,132.1291,4.444,4.348,3.079,26.648,0.491,58.59,2.93,1.03,Low,Yes
S2465,Australia,-19.6535,129.0105,1.704,5.403,1.172,29.094,0.592,45.5,2.28,0.59,Low,Yes
S2466,Australia,-26.2632,132.6501,2.395,5.908,1.139,18.987,0.284,37.47,1.87,0.59,Low,Yes
S2467,Australia,-28.0888,136.6682,5.984,15.597,1.857,24.67,0.156,68.53,3.43,1.56,Moderate,Borderline
S2468,Australia,-22.6379,130.669,14.343,5.836,1.915,7.294,0.602,68.08,3.4,1.43,Moderate,Borderline
S2469,Australia,-24.5494,137.2845,3.883,3.541,0.481,26.078,0.235,33.19,1.66,0.52,Low,Yes
S2470,Australia,-30.9681,129.6021,1.64,6.022,0.988,7.423,0.621,37.3,1.86,0.62,Low,Yes
S2471,Australia,-20.8978,130.872,3.565,4.185,0.441,21.509,0.517,37.38,1.87,0.52,Low,Yes
S2472,Australia,-26.9822,135.0198,5.955,4.733,0.482,28.959,0.285,41.87,2.09,0.6,Low,Yes
S2473,Australia,-27.388,133.4561,2.307,2.816,1.201,6.089,0.205,24.79,1.24,0.4,Low,Yes
S2474,Australia,-29.3284,127.6507,4.86,1.926,1.723,9.974,0.227,33.59,1.68,0.57,Low,Yes
S2475,Australia,-22.7857,126.3783,1.437,6.958,1.793,5.672,0.133,33.67,1.68,0.7,Low,Yes
S2476,Australia,-28.9054,133.5398,6.003,5.535,0.695,15.658,0.173,37.43,1.87,0.6,Low,Yes
S2477,Australia,-30.1534,131.2897,5.842,3.907,0.952,27.708,0.109,39.11,1.96,0.58,Low,Yes
S2478,Australia,-26.8221,129.4773,2.749,5.969,1.313,20.173,0.636,46.98,2.35,0.64,Low,Yes
S2479,Australia,-24.3255,130.8101,3.365,1.703,0.841,17.177,0.477,32.15,1.61,0.48,Low,Yes
